{"type": "FeatureCollection", "features": [{"type": "Feature", "properties": {"seamark_type": "harbour", "name": "Farmsumerhaven", "osm_id": 6299230}, "geometry": {"type": "Polygon", "coordinates": [[[6.9310518, 53.3134238], [6.9310454, 53.3134502], [6.9310154, 53.3134608], [6.9309695, 53.3134602], [6.9309119, 53.3134401], [6.9306006, 53.313323], [6.9301502, 53.3131671], [6.9297641, 53.3130371], [6.9294158, 53.3129322], [6.9291311, 53.3128497], [6.9286386, 53.3127211], [6.9283305, 53.3126469], [6.9281847, 53.3126411], [6.9280721, 53.3126481], [6.9279531, 53.3126822], [6.9278781, 53.3127169], [6.9278335, 53.3127731], [6.9277713, 53.3128828], [6.9275141, 53.3134158], [6.9273942, 53.3136639], [6.9273957, 53.3139531], [6.927396, 53.3139874], [6.9274005, 53.3140474], [6.9273991, 53.3145013], [6.9273988, 53.3145839], [6.9274136, 53.315029], [6.9280207, 53.3150145], [6.9280327, 53.3152784], [6.9293328, 53.315269], [6.9302807, 53.3152439], [6.9302846, 53.3153443], [6.9307831, 53.3153659], [6.9313909, 53.3153555], [6.9318247, 53.3153488], [6.9318468, 53.3153502], [6.9337159, 53.3153127], [6.9338013, 53.3152941], [6.9338759, 53.315255], [6.9339279, 53.315201], [6.9339604, 53.3151466], [6.9339583, 53.3150877], [6.9339484, 53.3150743], [6.9340951, 53.3150011], [6.9337705, 53.3147798], [6.9332451, 53.3144352], [6.9327981, 53.3141932], [6.9323731, 53.3139816], [6.9317882, 53.3137016], [6.9310234, 53.3133722], [6.9310518, 53.3134238]]]}}, {"type": "Feature", "properties": {"seamark_type": "harbour", "name": "Jollenhafengemeinschaft Mühlenberg", "osm_id": 10580838}, "geometry": {"type": "Polygon", "coordinates": [[[9.8212624, 53.5540811], [9.8212525, 53.5540703], [9.8212234, 53.5540573], [9.8211922, 53.5540544], [9.8211352, 53.5540619], [9.8210638, 53.5540717], [9.8208542, 53.5540959], [9.8207875, 53.5540804], [9.8207195, 53.5540808], [9.8206624, 53.5539456], [9.8205083, 53.5539618], [9.820459, 53.5538061], [9.8204513, 53.5537608], [9.8204875, 53.5537048], [9.8205111, 53.5536901], [9.820561, 53.5536729], [9.8206728, 53.5536501], [9.8208067, 53.5536188], [9.820913, 53.5535986], [9.8227058, 53.5532985], [9.8227491, 53.5532894], [9.8227672, 53.5532705], [9.8227661, 53.5532536], [9.8227617, 53.5532435], [9.8227488, 53.5532294], [9.8228503, 53.5531586], [9.8229285, 53.5531041], [9.8232288, 53.5530836], [9.8232516, 53.553088], [9.8234141, 53.5531197], [9.8234155, 53.5531372], [9.8234314, 53.5531513], [9.8234659, 53.5531552], [9.8235213, 53.5531574], [9.8262003, 53.552687], [9.8262645, 53.5526811], [9.826316, 53.5526922], [9.826361, 53.5527307], [9.8264049, 53.5527769], [9.8265345, 53.5529949], [9.826542, 53.5530174], [9.8265628, 53.5530799], [9.8265836, 53.5531457], [9.8265749, 53.5531692], [9.8265398, 53.5532057], [9.8263921, 53.553222], [9.8263839, 53.5532414], [9.8263772, 53.5532621], [9.8263657, 53.5532854], [9.8263164, 53.5533076], [9.8261921, 53.5533555], [9.8259661, 53.5533849], [9.8257939, 53.5534207], [9.8255713, 53.5534748], [9.8253135, 53.5535432], [9.8251347, 53.5535855], [9.8248868, 53.553669], [9.8247739, 53.5537041], [9.824707, 53.553708], [9.8246203, 53.5537048], [9.8245644, 53.5537107], [9.8244306, 53.553755], [9.8244635, 53.5537908], [9.8243516, 53.5538188], [9.8241783, 53.5538801], [9.8240752, 53.5539224], [9.8239765, 53.5539602], [9.8237297, 53.554028], [9.8235652, 53.5540703], [9.8233732, 53.5541042], [9.823201, 53.5541172], [9.8231056, 53.554114], [9.8230211, 53.5541107], [9.8229899, 53.5541144], [9.8229499, 53.5541192], [9.8228851, 53.5541394], [9.8227458, 53.5541401], [9.8226054, 53.5541244], [9.8224497, 53.5541166], [9.8223082, 53.5541296], [9.8220779, 53.554155], [9.8217828, 53.5541602], [9.8213214, 53.5541547], [9.8212914, 53.5541197], [9.8212624, 53.5540811]]]}}, {"type": "Feature", "properties": {"seamark_type": "harbour", "name": "Blankeneser Segel-Club", "osm_id": 10580839}, "geometry": {"type": "Polygon", "coordinates": [[[9.8124514, 53.5549789], [9.8125916, 53.5549556], [9.8129741, 53.5548919], [9.8130684, 53.5548762], [9.813114, 53.5548686], [9.8130977, 53.5549207], [9.8131154, 53.5549393], [9.8131559, 53.5549817], [9.8132392, 53.5550689], [9.8132412, 53.5550968], [9.8131909, 53.555149], [9.8130206, 53.5552306], [9.812739, 53.5553386], [9.8123192, 53.5554967], [9.8121268, 53.5555541], [9.8118934, 53.5556158], [9.8117233, 53.5556594], [9.8116406, 53.5556608], [9.8116237, 53.5556439], [9.8116024, 53.5556314], [9.8113985, 53.5556612], [9.8113842, 53.5556466], [9.8112427, 53.555502], [9.8111417, 53.5553987], [9.8111182, 53.5553713], [9.8111189, 53.5553509], [9.8111229, 53.5553254], [9.8111437, 53.5553047], [9.8111967, 53.5552852], [9.811221, 53.5552812], [9.8124466, 53.5550761], [9.8124842, 53.5550625], [9.812507, 53.5550454], [9.8125137, 53.5550299], [9.8125137, 53.5550096], [9.8124994, 53.5549969], [9.8124788, 53.5549877], [9.8124514, 53.5549789]]]}}, {"type": "Feature", "properties": {"seamark_type": "harbour", "name": null, "osm_id": 10595167}, "geometry": {"type": "Polygon", "coordinates": [[[9.9543449, 53.5107115], [9.9542848, 53.5107111], [9.9542878, 53.5105423], [9.9546015, 53.5105443], [9.954601, 53.5105764], [9.9545619, 53.5105761], [9.9545594, 53.5107129], [9.9544667, 53.5107123], [9.9543449, 53.5107115]]]}}, {"type": "Feature", "properties": {"seamark_type": "harbour", "name": null, "osm_id": 10595168}, "geometry": {"type": "Polygon", "coordinates": [[[9.9555467, 53.5093313], [9.9554605, 53.5094117], [9.9555565, 53.5094481], [9.9555484, 53.5094557], [9.9555718, 53.5094646], [9.9555799, 53.509457], [9.9556991, 53.5095022], [9.955691, 53.5095098], [9.9561415, 53.5096807], [9.9561497, 53.5096731], [9.9562677, 53.5097179], [9.9562596, 53.5097254], [9.9562778, 53.5097324], [9.9562859, 53.5097248], [9.956369, 53.5097563], [9.9564552, 53.5096759], [9.9563282, 53.5096278], [9.9562774, 53.5096085], [9.9555467, 53.5093313]]]}}, {"type": "Feature", "properties": {"seamark_type": "harbour", "name": "Blohm +Voss", "osm_id": 19059511}, "geometry": {"type": "Polygon", "coordinates": [[[9.9511857, 53.5408608], [9.9537876, 53.5413276], [9.9553646, 53.5416088], [9.9585261, 53.5421739], [9.9591274, 53.5422896], [9.9593184, 53.5422574], [9.9592966, 53.5420998], [9.9605204, 53.5420363], [9.9605936, 53.5423292], [9.9610171, 53.5425075], [9.9638814, 53.5426921], [9.9643777, 53.5429722], [9.9644923, 53.5428963], [9.9647652, 53.5429589], [9.9653546, 53.5425887], [9.9652657, 53.5414777], [9.9651577, 53.5413273], [9.9661943, 53.5413465], [9.9662882, 53.541276], [9.9663388, 53.5407173], [9.9663095, 53.5405584], [9.9662087, 53.5403986], [9.9658356, 53.5399173], [9.9657523, 53.5398202], [9.9655652, 53.5396021], [9.9653649, 53.5394151], [9.9653458, 53.5393404], [9.9652534, 53.5391971], [9.9652093, 53.5390871], [9.965246, 53.5390561], [9.9651822, 53.5388762], [9.9651642, 53.5387939], [9.9651559, 53.5386983], [9.9651521, 53.5385365], [9.9651591, 53.538397], [9.9651977, 53.5382695], [9.965244, 53.5381746], [9.9653176, 53.5380815], [9.9653882, 53.5380089], [9.9654857, 53.5379327], [9.9656149, 53.5378639], [9.9658155, 53.5377793], [9.9674605, 53.5372717], [9.9675868, 53.5372377], [9.9676882, 53.5371975], [9.9678585, 53.5371091], [9.9679736, 53.5370462], [9.9680972, 53.5369592], [9.9682045, 53.5368779], [9.9682717, 53.5368129], [9.9683695, 53.5367153], [9.9684441, 53.5366123], [9.9684928, 53.5365201], [9.968548, 53.5363901], [9.9686108, 53.5360301], [9.9687269, 53.5351819], [9.9688737, 53.5342365], [9.969033, 53.5332703], [9.9684447, 53.5332449], [9.9681306, 53.5332313], [9.9677307, 53.533374], [9.9676869, 53.5333312], [9.9599858, 53.5361758], [9.9598994, 53.5362072], [9.9566235, 53.5374056], [9.9526207, 53.5388552], [9.9525952, 53.5388812], [9.952588, 53.5389085], [9.9526001, 53.5389379], [9.9526334, 53.5389628], [9.9526771, 53.538976], [9.9527352, 53.5389801], [9.9566751, 53.5384648], [9.9569085, 53.5391066], [9.9570051, 53.539093], [9.9570136, 53.539116], [9.957002, 53.5392241], [9.9570084, 53.5393167], [9.9570328, 53.5394057], [9.9570784, 53.5394896], [9.9571366, 53.539567], [9.9572064, 53.5396404], [9.9572151, 53.5396639], [9.9571201, 53.5396766], [9.9572815, 53.5401324], [9.9570073, 53.5401529], [9.9569325, 53.5401594], [9.9526619, 53.5404886], [9.9512474, 53.5405525], [9.9511857, 53.5408608]]]}}, {"type": "Feature", "properties": {"seamark_type": "harbour", "name": "Bauernhafen Neuwerk", "osm_id": 24967424}, "geometry": {"type": "Polygon", "coordinates": [[[8.4950764, 53.9129354], [8.4951718, 53.9129252], [8.4952309, 53.9131723], [8.4944303, 53.9132479], [8.4943826, 53.9130724], [8.4948815, 53.913026], [8.4949769, 53.9129444], [8.4950764, 53.9129354]]]}}, {"type": "Feature", "properties": {"seamark_type": "harbour", "name": "Yachthafen", "osm_id": 25291170}, "geometry": {"type": "Polygon", "coordinates": [[[9.9926752, 53.4716102], [9.9925228, 53.471598], [9.991954, 53.4715843], [9.991875, 53.4716063], [9.9918384, 53.471617], [9.991868, 53.4716602], [9.9918766, 53.4718039], [9.9918758, 53.4718104], [9.9918705, 53.4718486], [9.9918278, 53.4718661], [9.9916611, 53.4718829], [9.9913969, 53.4719128], [9.9914455, 53.4725267], [9.9915145, 53.4725611], [9.9918342, 53.4726053], [9.9922034, 53.4727136], [9.9922313, 53.4727255], [9.9922748, 53.4727375], [9.9922807, 53.4727582], [9.9943706, 53.4724407], [9.9943424, 53.472381], [9.9943141, 53.472368], [9.9943254, 53.4723482], [9.9941981, 53.4720982], [9.9939522, 53.471615], [9.9931302, 53.4717589], [9.9932943, 53.4721806], [9.9933902, 53.4724822], [9.9933902, 53.4725204], [9.9933629, 53.4725468], [9.9933178, 53.4725553], [9.9932555, 53.472543], [9.9932196, 53.4725031], [9.9932296, 53.4724581], [9.9932473, 53.4724168], [9.9932356, 53.4723369], [9.9932342, 53.4723342], [9.9929062, 53.4716907], [9.9926752, 53.4716102]]]}}, {"type": "Feature", "properties": {"seamark_type": "harbour", "name": "Juist Marina", "osm_id": 25628615}, "geometry": {"type": "Polygon", "coordinates": [[[6.9978451, 53.6738048], [6.9980587, 53.6738099], [6.9980585, 53.6738705], [6.9995871, 53.6738659], [6.9996314, 53.6738433], [6.9996599, 53.6725846], [6.9995904, 53.6724039], [6.999477, 53.6722329], [6.9992606, 53.6720876], [6.998897, 53.6719538], [6.9977727, 53.67194], [6.9978451, 53.6738048]]]}}, {"type": "Feature", "properties": {"seamark_type": "harbour", "name": "Yachthafen Norderney", "osm_id": 25775946}, "geometry": {"type": "Polygon", "coordinates": [[[7.1648857, 53.7039124], [7.1666493, 53.7041667], [7.167437, 53.7016453], [7.1669878, 53.7015943], [7.1669505, 53.7016891], [7.1661677, 53.7015895], [7.1658467, 53.7024553], [7.1654674, 53.7024115], [7.1641209, 53.7020613], [7.1639041, 53.7023449], [7.1653111, 53.7027166], [7.1659689, 53.7027945], [7.1657638, 53.7034412], [7.1662618, 53.7034874], [7.1664508, 53.7028179], [7.1669968, 53.7028747], [7.1668475, 53.7033271], [7.1664861, 53.7032932], [7.166351, 53.7037336], [7.1662793, 53.7039747], [7.1651531, 53.7038124], [7.1652718, 53.7035335], [7.1650584, 53.7035017], [7.1648857, 53.7039124]]]}}, {"type": "Feature", "properties": {"seamark_type": "harbour", "name": "Sporthafen Düsternbrook", "osm_id": 25799105}, "geometry": {"type": "Polygon", "coordinates": [[[10.1574063, 54.3376506], [10.1573798, 54.337799], [10.1572197, 54.338591], [10.1572076, 54.3386479], [10.1571669, 54.3388398], [10.1572493, 54.338902], [10.1572313, 54.3389789], [10.1571322, 54.3390277], [10.1569886, 54.3396735], [10.1572082, 54.3396891], [10.1572038, 54.3397067], [10.1571098, 54.3402358], [10.1570441, 54.3405774], [10.1570038, 54.3407752], [10.1570202, 54.3407746], [10.1580954, 54.3407365], [10.158243, 54.3406345], [10.1583751, 54.3398964], [10.1584196, 54.3397129], [10.1585771, 54.3388433], [10.1586057, 54.3386887], [10.1587756, 54.3377766], [10.1585944, 54.3375815], [10.1584919, 54.3374507], [10.1581359, 54.3369435], [10.1580012, 54.3367687], [10.1579845, 54.3367731], [10.1577737, 54.336829], [10.1571519, 54.3369952], [10.1573016, 54.3371917], [10.1573761, 54.3373531], [10.1574013, 54.3374868], [10.1574063, 54.3376506]]]}}, {"type": "Feature", "properties": {"seamark_type": "harbour", "name": "Sporthafen Hasenbüren", "osm_id": 25915287}, "geometry": {"type": "Polygon", "coordinates": [[[8.6688278, 53.1237329], [8.6687535, 53.1236574], [8.6684935, 53.1231787], [8.6680922, 53.122469], [8.6677314, 53.1218221], [8.6660991, 53.1221564], [8.6647585, 53.1224176], [8.6640899, 53.12256], [8.6642372, 53.1225678], [8.6642345, 53.1226375], [8.6642291, 53.1227093], [8.663981, 53.1227046], [8.6642849, 53.1232847], [8.6646665, 53.1239668], [8.6649681, 53.124538], [8.6651594, 53.1246004], [8.6651976, 53.1246125], [8.6654023, 53.1246774], [8.6666955, 53.1244462], [8.6673961, 53.1243067], [8.6686234, 53.1240208], [8.6688278, 53.1237329]]]}}, {"type": "Feature", "properties": {"seamark_type": "harbour", "name": "WSV Kollmar", "osm_id": 26275082}, "geometry": {"type": "Polygon", "coordinates": [[[9.4881609, 53.7250347], [9.4881462, 53.7250206], [9.4881491, 53.7250056], [9.4874278, 53.7248353], [9.4874094, 53.724847], [9.487208, 53.7249175], [9.4873655, 53.7251341], [9.4874398, 53.7252363], [9.4874931, 53.7253096], [9.4877146, 53.7252594], [9.4881892, 53.7259771], [9.4889804, 53.7257772], [9.4889126, 53.7256732], [9.4887035, 53.7253527], [9.4885676, 53.7252924], [9.4885806, 53.7252721], [9.4885947, 53.7252523], [9.4881609, 53.7250347]]]}}, {"type": "Feature", "properties": {"seamark_type": "harbour", "name": "Jyllinge Lystbådehavn", "osm_id": 26450678}, "geometry": {"type": "Polygon", "coordinates": [[[12.0944647, 55.7453561], [12.0944321, 55.7452978], [12.094494, 55.7452919], [12.0945249, 55.7452695], [12.094495, 55.7451162], [12.0945269, 55.74501], [12.0953072, 55.7439175], [12.0965421, 55.7438418], [12.0966211, 55.7441757], [12.0966232, 55.7441835], [12.0966266, 55.744196], [12.096704, 55.7444576], [12.0967067, 55.7444678], [12.0967107, 55.7444831], [12.0967856, 55.7447805], [12.0968185, 55.7447941], [12.096845, 55.744805], [12.0968569, 55.7448648], [12.0970046, 55.7448555], [12.0970099, 55.7448882], [12.0968651, 55.7448984], [12.0969473, 55.7452671], [12.0969791, 55.7452658], [12.097161, 55.7452514], [12.0971817, 55.7453196], [12.0969963, 55.7453343], [12.0969587, 55.7453379], [12.0969642, 55.7453766], [12.0969683, 55.7453918], [12.0969702, 55.745399], [12.0970446, 55.7457033], [12.0970476, 55.7457144], [12.097051, 55.7457267], [12.0971108, 55.7459881], [12.0971135, 55.7459979], [12.0971176, 55.7460133], [12.0971847, 55.7462696], [12.0961145, 55.7463614], [12.0959325, 55.7463216], [12.095634, 55.7461907], [12.094545, 55.7454289], [12.0944807, 55.7454184], [12.0944647, 55.7453561]]]}}, {"type": "Feature", "properties": {"seamark_type": "harbour", "name": "Ydernæs Fritidshavn", "osm_id": 26451082}, "geometry": {"type": "Polygon", "coordinates": [[[11.7216594, 55.2051364], [11.7215595, 55.2051259], [11.7194939, 55.2058206], [11.7194065, 55.205719], [11.7191879, 55.2057977], [11.7193403, 55.2059486], [11.7168774, 55.2068024], [11.7168208, 55.2068562], [11.717104, 55.206991], [11.7171416, 55.2069845], [11.7171825, 55.2070006], [11.7174919, 55.2071382], [11.7207519, 55.2060569], [11.721466, 55.2061948], [11.7216222, 55.2061672], [11.7223719, 55.2058688], [11.7224074, 55.2057383], [11.7216594, 55.2051364]]]}}, {"type": "Feature", "properties": {"seamark_type": "harbour", "name": "Jacobshavn", "osm_id": 26451155}, "geometry": {"type": "Polygon", "coordinates": [[[11.7459324, 55.19758], [11.7457083, 55.1976393], [11.746707, 55.1983859], [11.7470914, 55.1987906], [11.7472732, 55.1987241], [11.747029, 55.1984304], [11.7469712, 55.1983856], [11.7459324, 55.19758]]]}}, {"type": "Feature", "properties": {"seamark_type": "harbour", "name": "Klub Żeglarski i Motorowodny LOK Stepnica", "osm_id": 26584096}, "geometry": {"type": "Polygon", "coordinates": [[[14.6145391, 53.6540923], [14.6165991, 53.6541441], [14.6172474, 53.6540594], [14.6180696, 53.6541003], [14.6184129, 53.6543847], [14.6184707, 53.6543746], [14.6184757, 53.6543653], [14.6192589, 53.6544503], [14.6192158, 53.6547072], [14.6188565, 53.65469], [14.6144852, 53.6543653], [14.6145391, 53.6540923]]]}}, {"type": "Feature", "properties": {"seamark_type": "harbour", "name": "Stöckter Hafen", "osm_id": 26594014}, "geometry": {"type": "Polygon", "coordinates": [[[10.1811756, 53.3931506], [10.1816649, 53.3929256], [10.1821324, 53.3926189], [10.1823343, 53.3925262], [10.1835656, 53.3922136], [10.1836764, 53.3920464], [10.1810808, 53.391136], [10.1796224, 53.392171], [10.1807582, 53.3922129], [10.1807272, 53.3923314], [10.1812182, 53.3923832], [10.1816289, 53.3924196], [10.1816635, 53.39249], [10.181677, 53.3925958], [10.1805167, 53.3931527], [10.1808762, 53.3932647], [10.1810031, 53.3932532], [10.1811756, 53.3931506]]]}}, {"type": "Feature", "properties": {"seamark_type": "harbour", "name": "Sportboothafen Maasholm", "osm_id": 26612378}, "geometry": {"type": "Polygon", "coordinates": [[[9.9932597, 54.6820943], [9.9932579, 54.6820757], [9.9934193, 54.6820705], [9.9934214, 54.6820916], [9.993634, 54.68208], [9.9941958, 54.6820494], [9.9947928, 54.6820168], [9.9953574, 54.6819859], [9.9955544, 54.6819752], [9.995586, 54.6819734], [9.9957438, 54.6820258], [9.9959753, 54.6818971], [9.9961133, 54.6817426], [9.9959408, 54.6803865], [9.9958115, 54.6802021], [9.9955558, 54.6800979], [9.9951906, 54.6800774], [9.9917517, 54.680301], [9.9919513, 54.6814153], [9.992518, 54.6814073], [9.9926751, 54.6813984], [9.9926905, 54.6814859], [9.9927394, 54.6817645], [9.9927819, 54.6820066], [9.9928228, 54.68224], [9.9928439, 54.6823605], [9.9929589, 54.6823542], [9.9929268, 54.6821086], [9.9929773, 54.6821073], [9.9931254, 54.6821047], [9.9931354, 54.6821045], [9.993133, 54.6820582], [9.9931741, 54.6820575], [9.9932175, 54.6820567], [9.9932204, 54.6821135], [9.993229, 54.6821134], [9.9932597, 54.6820943]]]}}, {"type": "Feature", "properties": {"seamark_type": "harbour", "name": "WSG Arnis", "osm_id": 26647839}, "geometry": {"type": "Polygon", "coordinates": [[[9.9303679, 54.6348294], [9.9306795, 54.6347186], [9.9322508, 54.634461], [9.9318536, 54.6337866], [9.9308127, 54.6327904], [9.9305661, 54.6326106], [9.9309297, 54.6322141], [9.9305443, 54.632017], [9.9304879, 54.6320697], [9.9301797, 54.632374], [9.9298378, 54.6326715], [9.9294425, 54.6330377], [9.9293915, 54.633085], [9.9292569, 54.6330244], [9.9291987, 54.6330918], [9.9291337, 54.6330685], [9.9290552, 54.6329842], [9.9285648, 54.6334652], [9.9282087, 54.6337523], [9.9277896, 54.6340286], [9.9284609, 54.6343079], [9.9287051, 54.6344719], [9.9288567, 54.6345737], [9.9298797, 54.634362], [9.9303679, 54.6348294]]]}}, {"type": "Feature", "properties": {"seamark_type": "harbour", "name": "Nold's Havn", "osm_id": 26848395}, "geometry": {"type": "Polygon", "coordinates": [[[11.7432708, 55.2168158], [11.7435178, 55.2165467], [11.740052, 55.2155629], [11.7399178, 55.215897], [11.7422844, 55.2166118], [11.7432708, 55.2168158]]]}}, {"type": "Feature", "properties": {"seamark_type": "harbour", "name": "Eurogate", "osm_id": 26990110}, "geometry": {"type": "Polygon", "coordinates": [[[8.1394935, 53.6000116], [8.1390932, 53.5999555], [8.1391955, 53.5997762], [8.1392889, 53.5995776], [8.1395557, 53.5988833], [8.1395751, 53.5988159], [8.1395856, 53.5987131], [8.1398227, 53.5980945], [8.1397971, 53.598091], [8.1393219, 53.5980269], [8.1391424, 53.5980026], [8.1392001, 53.5978502], [8.1394092, 53.5972964], [8.1403113, 53.5949777], [8.1428288, 53.5884913], [8.1441666, 53.5852922], [8.1442633, 53.5850409], [8.1424156, 53.5847815], [8.1430906, 53.5831074], [8.1430746, 53.5822591], [8.1466387, 53.5832051], [8.1523677, 53.5847549], [8.1527524, 53.5851732], [8.1547373, 53.5857162], [8.1547574, 53.5857247], [8.1547731, 53.5857355], [8.1547864, 53.5857414], [8.1549653, 53.5857896], [8.1549988, 53.585794], [8.1550295, 53.5857925], [8.1550636, 53.5857855], [8.1550917, 53.585774], [8.1551096, 53.5857607], [8.1551922, 53.5856422], [8.1552413, 53.5856552], [8.15535, 53.5856912], [8.1553979, 53.5857121], [8.1554331, 53.5857311], [8.1554718, 53.5857581], [8.155498, 53.5857839], [8.1555143, 53.5858083], [8.1555219, 53.5858333], [8.1555204, 53.5859856], [8.1555131, 53.5860099], [8.1495201, 53.6012149], [8.1492895, 53.6018053], [8.1491769, 53.6017888], [8.1489094, 53.601753], [8.146528, 53.6014211], [8.1464281, 53.6014072], [8.1463873, 53.6014066], [8.1463538, 53.6014142], [8.1459151, 53.6013529], [8.1393205, 53.6004247], [8.1394935, 53.6000116]]]}}, {"type": "Feature", "properties": {"seamark_type": "harbour", "name": "Bådelaug Havnestad", "osm_id": 27001518}, "geometry": {"type": "Polygon", "coordinates": [[[12.5675058, 55.6603003], [12.5675298, 55.6603314], [12.5675411, 55.6603459], [12.5674631, 55.6603657], [12.5671774, 55.6599924], [12.5671856, 55.659891], [12.5680197, 55.6596858], [12.5680569, 55.6596744], [12.5683718, 55.6600826], [12.5682363, 55.6601155], [12.5675058, 55.6603003]]]}}, {"type": "Feature", "properties": {"seamark_type": "harbour", "name": "Boots-Club Oberelbe", "osm_id": 27002558}, "geometry": {"type": "Polygon", "coordinates": [[[10.1907444, 53.3930146], [10.1907032, 53.3929371], [10.1907231, 53.3928329], [10.1909357, 53.3928259], [10.1910964, 53.3927856], [10.1914504, 53.3928114], [10.1916473, 53.3923759], [10.1912746, 53.3922785], [10.1910153, 53.3921526], [10.1905811, 53.3920705], [10.1901561, 53.3920923], [10.1897845, 53.3921461], [10.1897888, 53.3922216], [10.1897629, 53.3922303], [10.189592, 53.3922324], [10.1895881, 53.3924577], [10.1895191, 53.3925035], [10.1894992, 53.3927046], [10.1895417, 53.3927512], [10.1896519, 53.3927724], [10.1902834, 53.3927734], [10.1904113, 53.3927927], [10.1904684, 53.3928362], [10.1904575, 53.3929241], [10.1904068, 53.3929863], [10.1907444, 53.3930146]]]}}, {"type": "Feature", "properties": {"seamark_type": "harbour", "name": "Segelschule Käpt'n Prüsse", "osm_id": 27009701}, "geometry": {"type": "Polygon", "coordinates": [[[10.0073687, 53.5597328], [10.0074044, 53.5596716], [10.0074745, 53.5595971], [10.0076157, 53.5594472], [10.007708, 53.5593492], [10.0077538, 53.5593034], [10.008022, 53.5593847], [10.008182, 53.5594311], [10.0081191, 53.5595034], [10.0081794, 53.5595219], [10.0081339, 53.5595984], [10.0077335, 53.5598413], [10.0073687, 53.5597328]]]}}, {"type": "Feature", "properties": {"seamark_type": "harbour", "name": "Hamburger Segel-Club", "osm_id": 27009908}, "geometry": {"type": "Polygon", "coordinates": [[[10.0076843, 53.5599726], [10.0094427, 53.5608275], [10.009988, 53.560446], [10.009635, 53.5600852], [10.009235, 53.5597984], [10.008897, 53.5596474], [10.0088309, 53.5596173], [10.0081788, 53.5592294], [10.008063, 53.55934], [10.008022, 53.5593847], [10.008182, 53.5594311], [10.0081191, 53.5595034], [10.0081794, 53.5595219], [10.0081339, 53.5595984], [10.0077335, 53.5598413], [10.0076843, 53.5599726]]]}}, {"type": "Feature", "properties": {"seamark_type": "harbour", "name": "Langelinie Lystbådehavn", "osm_id": 27201116}, "geometry": {"type": "Polygon", "coordinates": [[[12.598238, 55.6942536], [12.5997651, 55.6948792], [12.6000028, 55.6948426], [12.600348, 55.6942211], [12.6002944, 55.6940432], [12.6002149, 55.6939757], [12.6001962, 55.6939834], [12.5995897, 55.6935043], [12.5982152, 55.6937449], [12.5982234, 55.6939286], [12.5982287, 55.6940429], [12.598238, 55.6942536]]]}}, {"type": "Feature", "properties": {"seamark_type": "harbour", "name": "Hafen Strande", "osm_id": 28841432}, "geometry": {"type": "Polygon", "coordinates": [[[10.172107, 54.4349025], [10.1727039, 54.4351433], [10.1737321, 54.4363048], [10.1734842, 54.4367598], [10.1734947, 54.4367824], [10.1734064, 54.4369535], [10.1731862, 54.4369498], [10.1729422, 54.4369191], [10.1726711, 54.4368542], [10.1722248, 54.4367221], [10.1722183, 54.4367189], [10.1721862, 54.4367032], [10.1720546, 54.436639], [10.1720249, 54.4366245], [10.1718984, 54.4365628], [10.1719409, 54.4365417], [10.1717939, 54.4364167], [10.1711328, 54.436364], [10.1710883, 54.4363851], [10.1709884, 54.4363798], [10.1706329, 54.4361619], [10.1705338, 54.4361444], [10.1705427, 54.4361063], [10.1700034, 54.4360037], [10.169468, 54.4359044], [10.1691454, 54.435854], [10.1692393, 54.4355904], [10.1690754, 54.4355916], [10.1690305, 54.4353046], [10.1690123, 54.4351364], [10.1690108, 54.4350367], [10.1690394, 54.434937], [10.1708939, 54.4348988], [10.1708863, 54.4348657], [10.1712145, 54.4348908], [10.172107, 54.4349025]]]}}, {"type": "Feature", "properties": {"seamark_type": "harbour", "name": "Sportfischerverein Zarrendorf", "osm_id": 29171158}, "geometry": {"type": "Polygon", "coordinates": [[[13.1746446, 54.2630239], [13.1738258, 54.2629749], [13.1738258, 54.2630439], [13.1738164, 54.2631897], [13.1737963, 54.2632983], [13.1737219, 54.2636481], [13.1751636, 54.2637876], [13.1753589, 54.2632229], [13.1754123, 54.2630849], [13.1746446, 54.2630239]]]}}, {"type": "Feature", "properties": {"seamark_type": "harbour", "name": "Anglerverein \"Zum Kormoran\"", "osm_id": 29203530}, "geometry": {"type": "Polygon", "coordinates": [[[13.1936452, 54.2583978], [13.1936132, 54.2582518], [13.1934662, 54.2581795], [13.1933647, 54.2579635], [13.1934616, 54.2579314], [13.1933407, 54.2579104], [13.1932893, 54.2578542], [13.1932457, 54.257875], [13.1931705, 54.2578754], [13.1929503, 54.2578766], [13.1928822, 54.2579073], [13.1927576, 54.2579016], [13.1927675, 54.257945], [13.1924394, 54.2579653], [13.1917717, 54.2580208], [13.1919287, 54.2584895], [13.1923441, 54.258474], [13.1925592, 54.2584932], [13.1927056, 54.2584103], [13.1928125, 54.2583886], [13.1930293, 54.2584124], [13.1930581, 54.2583971], [13.1932172, 54.2583741], [13.1934771, 54.2584113], [13.1936452, 54.2583978]]]}}, {"type": "Feature", "properties": {"seamark_type": "harbour", "name": "Passathafen", "osm_id": 29498228}, "geometry": {"type": "Polygon", "coordinates": [[[10.8758637, 53.9560124], [10.8758579, 53.9561453], [10.8762309, 53.9567557], [10.8765696, 53.9572638], [10.8766077, 53.9573255], [10.8766249, 53.9573519], [10.8784941, 53.9577414], [10.8788452, 53.957815], [10.8789333, 53.9576505], [10.8789382, 53.9576263], [10.8803022, 53.957797], [10.8803049, 53.9577859], [10.8819419, 53.9579908], [10.8819245, 53.9579343], [10.8818817, 53.9579148], [10.8817613, 53.9577336], [10.8815481, 53.9574127], [10.8815313, 53.9573887], [10.8812995, 53.9570225], [10.8812875, 53.9570045], [10.8811934, 53.9568504], [10.879158, 53.9564512], [10.8790355, 53.9564272], [10.8789987, 53.95642], [10.8783666, 53.9562961], [10.8783551, 53.9563186], [10.878326, 53.9563134], [10.8781846, 53.9562874], [10.8777375, 53.9561997], [10.8777522, 53.9561723], [10.8777422, 53.9561703], [10.8777031, 53.9561635], [10.877117, 53.9560504], [10.8770768, 53.9560422], [10.8762875, 53.9558849], [10.8760336, 53.9558921], [10.8759513, 53.9559433], [10.8758865, 53.9559928], [10.8758637, 53.9560124]]]}}, {"type": "Feature", "properties": {"seamark_type": "harbour", "name": "Yachthafen Grohn", "osm_id": 29974191}, "geometry": {"type": "Polygon", "coordinates": [[[8.6380212, 53.161419], [8.6381335, 53.1612574], [8.6386311, 53.1609387], [8.6389623, 53.1608181], [8.6392497, 53.1608052], [8.6392692, 53.1608599], [8.6393369, 53.1608984], [8.6394605, 53.1608971], [8.6433623, 53.1609254], [8.6434491, 53.1609671], [8.6435178, 53.1610318], [8.6436132, 53.1612633], [8.6437137, 53.1615701], [8.6436947, 53.1616673], [8.6436089, 53.1617472], [8.6435184, 53.1617688], [8.6425026, 53.1618855], [8.6407846, 53.1620978], [8.6395961, 53.162228], [8.6394528, 53.1621149], [8.6393781, 53.1621271], [8.6392329, 53.16209], [8.6387852, 53.1618517], [8.6382301, 53.1615243], [8.6380212, 53.161419]]]}}, {"type": "Feature", "properties": {"seamark_type": "harbour", "name": "Schwartauer Segler-Verein", "osm_id": 30193585}, "geometry": {"type": "Polygon", "coordinates": [[[10.7005387, 53.9110506], [10.7000037, 53.9108224], [10.6991197, 53.9103866], [10.6993339, 53.9102276], [10.7004493, 53.9108105], [10.7009368, 53.9110165], [10.7017454, 53.9112578], [10.702137, 53.9113747], [10.7032127, 53.9116516], [10.7030037, 53.9121931], [10.7023836, 53.9120857], [10.7018746, 53.9119551], [10.7012963, 53.9117531], [10.7009676, 53.9116208], [10.7002468, 53.9112692], [10.7005387, 53.9110506]]]}}, {"type": "Feature", "properties": {"seamark_type": "anchorage", "name": null, "osm_id": 32020921}, "geometry": {"type": "Polygon", "coordinates": [[[11.9068417, 54.1988783], [11.9063418, 54.2424707], [12.0261471, 54.242586], [12.026003, 54.205545], [11.9068417, 54.1988783]]]}}, {"type": "Feature", "properties": {"seamark_type": "harbour", "name": "Aalborg Skudehavn", "osm_id": 32237193}, "geometry": {"type": "Polygon", "coordinates": [[[9.8983924, 57.0593068], [9.8991895, 57.0585667], [9.8981372, 57.0575686], [9.897423, 57.0577906], [9.8973734, 57.0577457], [9.898088, 57.0575216], [9.8983957, 57.0574266], [9.8982982, 57.0573332], [9.8979905, 57.0574281], [9.897828, 57.0572673], [9.8936764, 57.057796], [9.8938797, 57.058329], [9.8937797, 57.0583451], [9.8941897, 57.0593515], [9.8941985, 57.059373], [9.8943023, 57.0593649], [9.8943342, 57.0594473], [9.8959442, 57.059377], [9.8965743, 57.0593609], [9.8973415, 57.0593287], [9.8983924, 57.0593068]]]}}, {"type": "Feature", "properties": {"seamark_type": "harbour", "name": "Yachthafen Cuxhafen SVC", "osm_id": 32974675}, "geometry": {"type": "Polygon", "coordinates": [[[8.7064745, 53.8730239], [8.7036771, 53.8752156], [8.7050182, 53.8760958], [8.7054506, 53.8759188], [8.7055356, 53.8758446], [8.7055806, 53.8758069], [8.7056181, 53.8758224], [8.7066231, 53.8749784], [8.7066296, 53.874973], [8.7066915, 53.874921], [8.7072618, 53.8744553], [8.707225, 53.8743004], [8.7073923, 53.8741612], [8.707724, 53.874297], [8.7078554, 53.8741954], [8.7078617, 53.8741974], [8.7078693, 53.8741997], [8.7079087, 53.8742203], [8.7086523, 53.8735747], [8.7074962, 53.8726011], [8.7070244, 53.8726052], [8.7064745, 53.8730239]]]}}, {"type": "Feature", "properties": {"seamark_type": "harbour", "name": "Motor- und Yachtclub Stade e.V. - Oberhafen", "osm_id": 33046263}, "geometry": {"type": "Polygon", "coordinates": [[[9.5006558, 53.6159566], [9.500939, 53.6160711], [9.5013601, 53.6163242], [9.5017902, 53.6165827], [9.50227, 53.6168321], [9.5023467, 53.6168378], [9.5025465, 53.6167088], [9.5026041, 53.6167448], [9.5024138, 53.6168842], [9.5024436, 53.6169335], [9.5024202, 53.6169671], [9.5024099, 53.6169791], [9.502588, 53.6170041], [9.5025777, 53.6170241], [9.5025486, 53.617055], [9.5024689, 53.6170946], [9.5021094, 53.6173485], [9.5020903, 53.6173751], [9.5018783, 53.6173518], [9.5012988, 53.6168445], [9.5014715, 53.6167118], [9.5005333, 53.6161528], [9.5006558, 53.6159566]]]}}, {"type": "Feature", "properties": {"seamark_type": "harbour", "name": "Motor- und Yachtclub Stade e.V. - Unterhafen", "osm_id": 33046264}, "geometry": {"type": "Polygon", "coordinates": [[[9.5023191, 53.6176389], [9.5024094, 53.6176487], [9.5030067, 53.6174977], [9.5030911, 53.6175393], [9.5031405, 53.6176139], [9.5036896, 53.6186214], [9.5047162, 53.6195984], [9.5049507, 53.6198087], [9.5048165, 53.6198644], [9.5023563, 53.6177359], [9.5023191, 53.6176389]]]}}, {"type": "Feature", "properties": {"seamark_type": "harbour", "name": "Vindeby Lystbådehavn", "osm_id": 33453198}, "geometry": {"type": "Polygon", "coordinates": [[[10.6139753, 55.0489944], [10.6139662, 55.0489995], [10.6139521, 55.0490006], [10.6139485, 55.0490046], [10.6139594, 55.0490079], [10.6139562, 55.0490153], [10.6139364, 55.0490174], [10.6139335, 55.0490238], [10.6139383, 55.049032], [10.6139193, 55.0490327], [10.6138906, 55.0490482], [10.6138006, 55.0491062], [10.6137398, 55.0491455], [10.613714, 55.0491667], [10.6137009, 55.0491885], [10.6136793, 55.0492063], [10.6136626, 55.049223], [10.6136542, 55.0492363], [10.6136574, 55.049254], [10.613646, 55.0492546], [10.6136434, 55.0492669], [10.6136549, 55.0492706], [10.6136557, 55.049279], [10.6136446, 55.0492869], [10.6136645, 55.0493008], [10.6136649, 55.0493118], [10.6136757, 55.0493154], [10.6137002, 55.0493552], [10.6137253, 55.0493757], [10.6137856, 55.0494393], [10.6138075, 55.049468], [10.6138382, 55.0494934], [10.613848, 55.0495029], [10.6138736, 55.0495067], [10.6138913, 55.049515], [10.6138802, 55.0495197], [10.6139027, 55.0495354], [10.6139232, 55.0495397], [10.6139339, 55.0495551], [10.6139642, 55.0495693], [10.6139639, 55.0495779], [10.6139904, 55.0495928], [10.6139957, 55.0495869], [10.6140425, 55.0496134], [10.6140812, 55.0496382], [10.6141325, 55.0496576], [10.6141321, 55.049671], [10.6141444, 55.049683], [10.6141661, 55.0496777], [10.6141873, 55.049698], [10.6142307, 55.0497158], [10.6142338, 55.0497255], [10.614276, 55.0497346], [10.6142848, 55.0497471], [10.614296, 55.0497536], [10.614307, 55.0497667], [10.6143212, 55.0497716], [10.6143316, 55.0497748], [10.6143696, 55.049786], [10.6144002, 55.0498035], [10.6144707, 55.049844], [10.6144663, 55.0498486], [10.6145109, 55.0498823], [10.6145358, 55.0498915], [10.6145573, 55.049894], [10.6145563, 55.0499083], [10.6145671, 55.0499127], [10.6145783, 55.0499111], [10.6145918, 55.049923], [10.6146321, 55.0499463], [10.6146402, 55.0499492], [10.6146411, 55.0499563], [10.6146488, 55.0499642], [10.614663, 55.0499683], [10.6146763, 55.0499786], [10.6147055, 55.049989], [10.6147157, 55.0499983], [10.6147335, 55.0500069], [10.6147353, 55.0500138], [10.6147581, 55.0500223], [10.6147594, 55.0500287], [10.6147698, 55.050035], [10.6147837, 55.0500389], [10.6147941, 55.0500424], [10.6148032, 55.0500465], [10.6147944, 55.0500512], [10.6148061, 55.0500547], [10.6148053, 55.0500597], [10.6148148, 55.0500657], [10.6148368, 55.0500678], [10.6148373, 55.0500779], [10.6148706, 55.0500839], [10.6148832, 55.0500879], [10.6148832, 55.0500928], [10.6149016, 55.0500987], [10.6149038, 55.0501043], [10.6149285, 55.0501151], [10.6149353, 55.0501247], [10.6149549, 55.0501389], [10.6149725, 55.0501379], [10.6149807, 55.0501462], [10.6149821, 55.0501518], [10.6149976, 55.0501563], [10.6149951, 55.0501631], [10.6150105, 55.0501759], [10.6150459, 55.0501807], [10.6150691, 55.050182], [10.615075, 55.0501876], [10.6151814, 55.0502503], [10.6154283, 55.0503211], [10.6163903, 55.0494496], [10.6162639, 55.0494022], [10.6162933, 55.0493754], [10.6163028, 55.0493672], [10.6162887, 55.0493617], [10.6162733, 55.0493557], [10.6162605, 55.0493569], [10.616248, 55.0493537], [10.6162297, 55.0493387], [10.6162, 55.0493299], [10.6161266, 55.0493009], [10.6160537, 55.0492741], [10.6159932, 55.0492519], [10.6159456, 55.0492342], [10.615902, 55.0492206], [10.6158591, 55.0492041], [10.6158327, 55.0491951], [10.6157719, 55.0491737], [10.6157006, 55.0491472], [10.6154245, 55.0490444], [10.6154462, 55.0490263], [10.6154572, 55.0490178], [10.6154735, 55.0490043], [10.6155209, 55.0489638], [10.615509, 55.0489588], [10.6154984, 55.0489544], [10.6154401, 55.0489308], [10.6154045, 55.0489164], [10.6153651, 55.0489005], [10.6149105, 55.0487176], [10.6148584, 55.048696], [10.6148078, 55.0486743], [10.6147818, 55.0486627], [10.6147521, 55.0486479], [10.6147365, 55.0486602], [10.6147129, 55.0486804], [10.6146132, 55.0486625], [10.6145657, 55.0486539], [10.6145387, 55.0486639], [10.6144892, 55.0486778], [10.6144464, 55.0486861], [10.6144049, 55.0486898], [10.6143695, 55.0486905], [10.614337, 55.0486906], [10.6143101, 55.0486887], [10.6143074, 55.0486883], [10.6142933, 55.0487114], [10.614253, 55.0487784], [10.6141978, 55.0488727], [10.6141909, 55.0488846], [10.6141834, 55.0488975], [10.6141794, 55.0488948], [10.6141714, 55.0488961], [10.6141589, 55.048901], [10.6141433, 55.0489045], [10.6141424, 55.0489105], [10.6141358, 55.0489117], [10.6141291, 55.0489179], [10.6141202, 55.0489153], [10.6141119, 55.0489206], [10.6140928, 55.0489249], [10.6140803, 55.0489329], [10.6140635, 55.0489397], [10.6140392, 55.0489454], [10.6140271, 55.0489527], [10.6140189, 55.0489673], [10.6140063, 55.0489702], [10.6139753, 55.0489944]]]}}, {"type": "Feature", "properties": {"seamark_type": "harbour", "name": "Svendborg Lystbådehavn", "osm_id": 33604691}, "geometry": {"type": "Polygon", "coordinates": [[[10.6097177, 55.05288], [10.6098171, 55.0531318], [10.6100111, 55.0529929], [10.6101216, 55.0529357], [10.6102624, 55.0528896], [10.6105137, 55.0528305], [10.6107254, 55.052818], [10.6110549, 55.0528278], [10.6113433, 55.0528522], [10.6123296, 55.0530703], [10.61263, 55.0532024], [10.6127034, 55.0531532], [10.612681, 55.0531095], [10.6130211, 55.0527915], [10.6130051, 55.0527864], [10.6129932, 55.052783], [10.6129826, 55.0527799], [10.6128223, 55.0527278], [10.6127177, 55.0528319], [10.6126711, 55.0528951], [10.6126092, 55.0529852], [10.6123289, 55.0529506], [10.6120446, 55.0529022], [10.6116349, 55.0528208], [10.6117362, 55.0526657], [10.6118949, 55.0526044], [10.6120505, 55.0525361], [10.6121139, 55.052498], [10.6121706, 55.0524546], [10.6122187, 55.0524122], [10.6122567, 55.0523703], [10.6122641, 55.0523581], [10.6123101, 55.0522648], [10.6123175, 55.0521826], [10.6123265, 55.0521687], [10.612336, 55.0521653], [10.6123475, 55.0521616], [10.6123595, 55.0521561], [10.6123664, 55.052151], [10.6126871, 55.0522076], [10.6133909, 55.052341], [10.6133415, 55.0524231], [10.6133927, 55.052434], [10.6134057, 55.0524275], [10.6134496, 55.0523549], [10.6134526, 55.0523426], [10.613458, 55.052321], [10.6134579, 55.0523167], [10.6124836, 55.0521339], [10.6123476, 55.0521127], [10.6123302, 55.0521103], [10.6123125, 55.052111], [10.6122948, 55.0521144], [10.6122847, 55.052118], [10.6122779, 55.0521232], [10.6122706, 55.052132], [10.6122591, 55.0522601], [10.6122103, 55.052354], [10.6121862, 55.0523838], [10.6121354, 55.0524342], [10.6120749, 55.0524799], [10.6120197, 55.0525148], [10.6118736, 55.05258], [10.6116728, 55.0526553], [10.6116583, 55.0526588], [10.6114439, 55.0526773], [10.6112741, 55.0526767], [10.6110758, 55.0526425], [10.6108771, 55.0525718], [10.6106794, 55.0524805], [10.6106083, 55.0524543], [10.6106571, 55.0521291], [10.6106838, 55.0520433], [10.6107307, 55.0519779], [10.6107862, 55.0519224], [10.6108839, 55.0518567], [10.6109973, 55.0517991], [10.6111471, 55.0517494], [10.6112908, 55.0517241], [10.611463, 55.0517122], [10.6116152, 55.0517228], [10.6117575, 55.0517434], [10.6118813, 55.0517817], [10.6119714, 55.0518187], [10.6120644, 55.0518681], [10.6121256, 55.0519195], [10.6121559, 55.0519276], [10.6121782, 55.0519246], [10.612201, 55.051911], [10.6122076, 55.051895], [10.6121996, 55.0518809], [10.6121754, 55.0518714], [10.6121369, 55.0518681], [10.6120076, 55.0517964], [10.6119197, 55.0517595], [10.6118054, 55.0517234], [10.6116122, 55.0516904], [10.6113855, 55.051685], [10.6112044, 55.0517057], [10.6110475, 55.0517472], [10.6108999, 55.0518087], [10.6107724, 55.0518806], [10.6106918, 55.0519583], [10.6106406, 55.0520311], [10.6106061, 55.0521276], [10.6105533, 55.0524374], [10.6104514, 55.0524797], [10.6102368, 55.0526226], [10.6100374, 55.0527539], [10.6098725, 55.0528262], [10.6098313, 55.0528447], [10.6097916, 55.0528601], [10.6097177, 55.05288]]]}}, {"type": "Feature", "properties": {"seamark_type": "harbour", "name": "Sporthafen Schwentine", "osm_id": 34058636}, "geometry": {"type": "Polygon", "coordinates": [[[10.1857385, 54.3268687], [10.1861046, 54.3269075], [10.1860609, 54.3269905], [10.1859433, 54.3269738], [10.1858486, 54.3272804], [10.1855437, 54.3273878], [10.1847532, 54.327537], [10.1834526, 54.327803], [10.1833784, 54.3276258], [10.1834414, 54.3276085], [10.1835089, 54.3268373], [10.1834796, 54.326763], [10.1837321, 54.3267373], [10.1837436, 54.3266729], [10.1854904, 54.3267654], [10.1855101, 54.3267895], [10.1856541, 54.3268068], [10.1857222, 54.3268063], [10.1857552, 54.326805], [10.1857385, 54.3268687]]]}}, {"type": "Feature", "properties": {"seamark_type": "harbour", "name": "barca", "osm_id": 34209560}, "geometry": {"type": "Polygon", "coordinates": [[[10.0049656, 53.5585985], [10.0054293, 53.5587145], [10.0059982, 53.5588122], [10.0060568, 53.5587069], [10.0059055, 53.5585465], [10.0056499, 53.5584982], [10.0055697, 53.5582329], [10.0053037, 53.5582545], [10.0053678, 53.5585043], [10.0050598, 53.5584313], [10.0049656, 53.5585985]]]}}, {"type": "Feature", "properties": {"seamark_type": "harbour", "name": "Yachthafen Bünting", "osm_id": 35966148}, "geometry": {"type": "Polygon", "coordinates": [[[7.9999053, 53.1901427], [7.999905, 53.1901608], [7.999974, 53.1901703], [8.0003249, 53.1902891], [8.0005358, 53.1903517], [8.0006349, 53.1903653], [8.0007203, 53.1903681], [8.0009284, 53.1903728], [8.00102, 53.1903519], [8.0012513, 53.190269], [8.0013522, 53.1902324], [8.0013951, 53.1901234], [8.0010735, 53.1897468], [8.001069, 53.1897355], [8.0011889, 53.1897225], [8.001194, 53.1897081], [8.0011508, 53.1895805], [8.0010983, 53.189579], [8.0011098, 53.1895149], [8.0010912, 53.189513], [8.0010644, 53.1895098], [8.0010449, 53.1895727], [8.0010348, 53.189576], [8.001004, 53.1895346], [8.0009406, 53.189553], [8.0006134, 53.1892275], [8.0005242, 53.1892228], [7.9996251, 53.1895455], [7.9992622, 53.1896757], [7.9992814, 53.1897139], [7.999523, 53.1899748], [7.9997298, 53.1900766], [7.9999053, 53.1901427]]]}}, {"type": "Feature", "properties": {"seamark_type": "harbour", "name": "Ancora Marina", "osm_id": 35996575}, "geometry": {"type": "Polygon", "coordinates": [[[10.8027358, 54.0910067], [10.8021946, 54.0912348], [10.8019745, 54.0913616], [10.8017565, 54.0914719], [10.8006601, 54.0919218], [10.7981135, 54.0920963], [10.796563, 54.0923641], [10.7965334, 54.0924742], [10.7961215, 54.0940058], [10.7969588, 54.09468], [10.7977329, 54.0955132], [10.7979481, 54.0954406], [10.7980988, 54.0951898], [10.7977518, 54.0947922], [10.7978726, 54.0943856], [10.7980355, 54.0942932], [10.7985609, 54.0943795], [10.7983021, 54.0948856], [10.7984335, 54.0949083], [10.798483, 54.0948199], [10.8013693, 54.0952325], [10.8013975, 54.0951392], [10.7988228, 54.0947588], [10.7990002, 54.0943172], [10.8012855, 54.0946386], [10.8013261, 54.0945399], [10.8015344, 54.0943687], [10.8012187, 54.0942503], [10.8012703, 54.0941991], [10.8014988, 54.0942841], [10.801512, 54.0942691], [10.8014471, 54.0941985], [10.8011879, 54.0941402], [10.8012151, 54.0940869], [10.8014783, 54.0941402], [10.8014825, 54.0941311], [10.8014565, 54.0941073], [10.8011928, 54.0940531], [10.8011197, 54.0939541], [10.801065, 54.093799], [10.8008656, 54.0937948], [10.7994, 54.0935975], [10.7994172, 54.0935643], [10.7996473, 54.0931871], [10.7998709, 54.0928157], [10.8000816, 54.0924692], [10.8004544, 54.0924462], [10.8012714, 54.0926081], [10.8013211, 54.0925219], [10.8014224, 54.0923576], [10.8028349, 54.0922472], [10.8029705, 54.0927448], [10.8027611, 54.0931836], [10.8026275, 54.0931612], [10.8024999, 54.093429], [10.8026317, 54.0934522], [10.8022362, 54.0942833], [10.8019459, 54.0943514], [10.8024638, 54.094993], [10.8025963, 54.0949942], [10.8025928, 54.0948429], [10.8026676, 54.0948412], [10.8026741, 54.0949926], [10.8027086, 54.095019], [10.8027911, 54.0950538], [10.8029097, 54.0950123], [10.8029902, 54.0949572], [10.8030115, 54.0948479], [10.8029526, 54.0947643], [10.8028801, 54.0944119], [10.8030024, 54.0941343], [10.8033535, 54.0936134], [10.8034809, 54.0933603], [10.8035527, 54.0931811], [10.8036158, 54.0929835], [10.8036244, 54.0924704], [10.8036494, 54.0924445], [10.8036039, 54.0923707], [10.803337, 54.0922504], [10.8033951, 54.0922033], [10.8036166, 54.0923066], [10.8036268, 54.0922963], [10.8036465, 54.0918743], [10.8038904, 54.0916931], [10.8042101, 54.091677], [10.8045956, 54.0918569], [10.8048352, 54.0916701], [10.8052545, 54.0918618], [10.8055894, 54.0916073], [10.8061237, 54.09185], [10.8063418, 54.0916817], [10.8064405, 54.0917284], [10.8065189, 54.0917153], [10.8065844, 54.091667], [10.8062288, 54.0915071], [10.8058183, 54.0913945], [10.8053618, 54.0913101], [10.8030556, 54.0912952], [10.8027358, 54.0910067]]]}}, {"type": "Feature", "properties": {"seamark_type": "harbour", "name": "Lyø Havn", "osm_id": 37036314}, "geometry": {"type": "Polygon", "coordinates": [[[10.158446, 55.051653], [10.1582951, 55.0516793], [10.1584185, 55.0519286], [10.1586187, 55.0519636], [10.1585287, 55.0521481], [10.1582889, 55.0520096], [10.1582767, 55.0519648], [10.1581936, 55.0519544], [10.1578271, 55.0519614], [10.1569994, 55.0520862], [10.1569062, 55.0520596], [10.156519, 55.0511705], [10.1579186, 55.0508767], [10.1579715, 55.0509139], [10.157979, 55.0509271], [10.1580032, 55.0509564], [10.158015, 55.0509715], [10.1580227, 55.0509869], [10.1581003, 55.0509611], [10.158465, 55.0516497], [10.158446, 55.051653]]]}}, {"type": "Feature", "properties": {"seamark_type": "harbour", "name": "Gelting Mole", "osm_id": 37036438}, "geometry": {"type": "Polygon", "coordinates": [[[9.8595265, 54.7543349], [9.8591462, 54.7538043], [9.8603078, 54.7533466], [9.8630478, 54.7526328], [9.8636341, 54.7532751], [9.8633481, 54.7533631], [9.8640401, 54.754275], [9.8628131, 54.7545316], [9.8623648, 54.754463], [9.8608124, 54.7544771], [9.8595265, 54.7543349]]]}}, {"type": "Feature", "properties": {"seamark_type": "harbour", "name": null, "osm_id": 37180601}, "geometry": {"type": "Polygon", "coordinates": [[[14.0651037, 53.7492379], [14.065071, 53.7492012], [14.0650501, 53.7491713], [14.0650552, 53.7491337], [14.0650791, 53.749115], [14.0651298, 53.7490908], [14.0651733, 53.7490751], [14.0652362, 53.7490842], [14.0652712, 53.7491034], [14.0652761, 53.7491327], [14.065595, 53.7492427], [14.0657461, 53.7491369], [14.0661477, 53.7488761], [14.0666185, 53.7485657], [14.0661312, 53.7483178], [14.0661483, 53.7483066], [14.0668893, 53.7478239], [14.0669011, 53.7478136], [14.0673103, 53.7480389], [14.0685785, 53.7472084], [14.0684054, 53.74708], [14.0682189, 53.7469754], [14.0680001, 53.7468806], [14.0677579, 53.7468018], [14.0672302, 53.7471635], [14.067156, 53.7471247], [14.0659257, 53.7479359], [14.0660561, 53.7480096], [14.0653157, 53.7484907], [14.0646368, 53.7481325], [14.0646281, 53.7481279], [14.065358, 53.7476527], [14.0655023, 53.7477138], [14.0666977, 53.7469236], [14.0665801, 53.7468583], [14.0673294, 53.746352], [14.0671716, 53.7462717], [14.0669837, 53.746396], [14.0668727, 53.7463435], [14.0655014, 53.7468592], [14.0650862, 53.7470191], [14.0646696, 53.7471807], [14.0650394, 53.7475013], [14.0642535, 53.7477816], [14.063899, 53.747475], [14.0636574, 53.7475932], [14.0635192, 53.7479765], [14.0647381, 53.7488801], [14.0647498, 53.7489017], [14.0647434, 53.748928], [14.0647242, 53.7489499], [14.0646926, 53.7489711], [14.0646422, 53.7489773], [14.0645901, 53.7489687], [14.0651037, 53.7492379]]]}}, {"type": "Feature", "properties": {"seamark_type": "harbour", "name": "Rabben", "osm_id": 38182558}, "geometry": {"type": "Polygon", "coordinates": [[[8.0288204, 53.2088541], [8.0294795, 53.2096068], [8.0291949, 53.209693], [8.0291164, 53.2096097], [8.0290004, 53.2094628], [8.0288738, 53.209315], [8.0287368, 53.209158], [8.0288934, 53.2091117], [8.0287041, 53.2089121], [8.0288204, 53.2088541]]]}}, {"type": "Feature", "properties": {"seamark_type": "harbour", "name": null, "osm_id": 38211363}, "geometry": {"type": "Polygon", "coordinates": [[[14.2682586, 53.7372872], [14.2679739, 53.7371716], [14.2678979, 53.737335], [14.2680893, 53.7374382], [14.268496, 53.737468], [14.2687299, 53.7374638], [14.2689667, 53.7374462], [14.2689557, 53.737305], [14.2688508, 53.7372365], [14.2686824, 53.737214], [14.2685377, 53.7371721], [14.2684944, 53.7372341], [14.2682586, 53.7372872]]]}}, {"type": "Feature", "properties": {"seamark_type": "harbour", "name": "Yacht Hafen Damp", "osm_id": 38237154}, "geometry": {"type": "Polygon", "coordinates": [[[10.0271307, 54.5825688], [10.0267187, 54.5820216], [10.0263103, 54.5821849], [10.0258868, 54.5821849], [10.0254676, 54.5817325], [10.025359, 54.5817685], [10.0251015, 54.5814892], [10.0248834, 54.5814932], [10.0248774, 54.5813752], [10.0248429, 54.5813748], [10.0248088, 54.5813754], [10.0248132, 54.5814683], [10.0244301, 54.5814694], [10.0241386, 54.5814703], [10.0241252, 54.5814703], [10.0237709, 54.5814714], [10.023176, 54.5814733], [10.0227047, 54.5814747], [10.0227186, 54.5821045], [10.0227226, 54.5825328], [10.0231391, 54.5826733], [10.0236513, 54.582846], [10.0242074, 54.5830336], [10.0248882, 54.5832632], [10.0254398, 54.5834492], [10.0258772, 54.5830783], [10.0261554, 54.58308], [10.0261659, 54.5835507], [10.027183, 54.5835598], [10.0271358, 54.5826657], [10.0271307, 54.5825688]]]}}, {"type": "Feature", "properties": {"seamark_type": "harbour", "name": "Marina Großenbrode", "osm_id": 38279579}, "geometry": {"type": "Polygon", "coordinates": [[[11.0599058, 54.3572489], [11.0598418, 54.3574377], [11.0605241, 54.3578539], [11.0598966, 54.3591704], [11.0609838, 54.3594123], [11.0610607, 54.3594001], [11.0618262, 54.3578614], [11.062686, 54.3582472], [11.0631526, 54.358254], [11.0634401, 54.3572054], [11.0644152, 54.3570297], [11.0649382, 54.3569954], [11.0651825, 54.3569891], [11.0652845, 54.356897], [11.063728, 54.3559519], [11.0611577, 54.356738], [11.0600734, 54.3570765], [11.0600241, 54.3572514], [11.0599058, 54.3572489]]]}}, {"type": "Feature", "properties": {"seamark_type": "harbour", "name": "NSV - Neustädter Seglerverein", "osm_id": 38285529}, "geometry": {"type": "Polygon", "coordinates": [[[10.8134536, 54.0955054], [10.8141507, 54.0957095], [10.8141619, 54.0957557], [10.8143146, 54.0959392], [10.8143547, 54.0959974], [10.8144084, 54.0960724], [10.8149468, 54.0959829], [10.8151885, 54.0955657], [10.8149367, 54.0953832], [10.8151176, 54.0953026], [10.8151765, 54.0952616], [10.8152635, 54.0951208], [10.8153368, 54.0949888], [10.815436, 54.0948791], [10.8154299, 54.0947857], [10.8152714, 54.0944537], [10.8148457, 54.0941663], [10.8144572, 54.0941658], [10.8141901, 54.0941809], [10.8140595, 54.0941745], [10.8140504, 54.0941877], [10.8138838, 54.0945114], [10.813826, 54.0946262], [10.813612, 54.0950637], [10.8135096, 54.0950862], [10.8135048, 54.0951099], [10.8135651, 54.0951596], [10.8136198, 54.0951905], [10.8137644, 54.0952523], [10.8138421, 54.0953032], [10.81387, 54.0953266], [10.8139336, 54.095391], [10.8139054, 54.0954423], [10.8138203, 54.0954862], [10.8136339, 54.0955049], [10.8135441, 54.0955135], [10.8134536, 54.0955054]]]}}, {"type": "Feature", "properties": {"seamark_type": "harbour", "name": "Segelsporthafen Oeltjen", "osm_id": 38486495}, "geometry": {"type": "Polygon", "coordinates": [[[8.036791, 53.2017161], [8.0368381, 53.2017293], [8.0368892, 53.2017327], [8.0369275, 53.2017387], [8.0369403, 53.2017531], [8.0379093, 53.2018356], [8.0379135, 53.2018755], [8.037892, 53.201904], [8.038125, 53.2020221], [8.0381409, 53.2023798], [8.0380087, 53.2023829], [8.0380094, 53.2024814], [8.0376738, 53.2024848], [8.0376459, 53.2024729], [8.0375913, 53.202005], [8.0368197, 53.2019656], [8.0367766, 53.2019975], [8.036791, 53.2017161]]]}}, {"type": "Feature", "properties": {"seamark_type": "harbour", "name": null, "osm_id": 39354884}, "geometry": {"type": "Polygon", "coordinates": [[[6.8331168, 53.455997], [6.8325406, 53.4560857], [6.8326441, 53.4563024], [6.831667, 53.4564584], [6.8316807, 53.4562785], [6.8316878, 53.4561857], [6.8313601, 53.4562433], [6.8313396, 53.456202], [6.8313172, 53.4561569], [6.8320424, 53.4560354], [6.8320531, 53.4560625], [6.8324466, 53.4559994], [6.832454, 53.456019], [6.8324614, 53.4560386], [6.8320746, 53.4561009], [6.832088, 53.4561377], [6.8325286, 53.4560633], [6.8325312, 53.4560697], [6.8329893, 53.4559992], [6.8331114, 53.455981], [6.8331155, 53.4559924], [6.8331168, 53.455997]]]}}, {"type": "Feature", "properties": {"seamark_type": "harbour", "name": "Teufelsbrücker Hafen", "osm_id": 40870812}, "geometry": {"type": "Polygon", "coordinates": [[[9.8651476, 53.547653], [9.8653971, 53.5476637], [9.8663139, 53.5477297], [9.8666734, 53.547759], [9.8668545, 53.5477583], [9.8672575, 53.547731], [9.8672652, 53.5476959], [9.8674077, 53.5476875], [9.8675335, 53.5476798], [9.8676675, 53.5476717], [9.8677708, 53.5472439], [9.8672663, 53.5472743], [9.8668627, 53.547309], [9.8666317, 53.5473125], [9.8663159, 53.5473073], [9.8657807, 53.5472838], [9.8650145, 53.5472256], [9.8649319, 53.5472304], [9.8648595, 53.5472395], [9.8647995, 53.5472551], [9.8647315, 53.5472812], [9.8646584, 53.5473216], [9.8646073, 53.5473616], [9.8645393, 53.5474254], [9.8645151, 53.5474541], [9.8645159, 53.547478], [9.8645312, 53.5475132], [9.8645572, 53.5475425], [9.8645967, 53.5475544], [9.8648087, 53.5475872], [9.8649611, 53.5476313], [9.8650207, 53.5476487], [9.8651476, 53.547653]]]}}, {"type": "Feature", "properties": {"seamark_type": "harbour", "name": "Marina Pogoń", "osm_id": 41380118}, "geometry": {"type": "Polygon", "coordinates": [[[14.6189304, 53.3984498], [14.6176675, 53.3986115], [14.6177818, 53.4009261], [14.618998, 53.4004142], [14.6191343, 53.4003568], [14.6190595, 53.3996899], [14.6189304, 53.3984498]]]}}, {"type": "Feature", "properties": {"seamark_type": "harbour", "name": "Rosenlund", "osm_id": 41529331}, "geometry": {"type": "Polygon", "coordinates": [[[11.9574217, 57.70065], [11.9573539, 57.7005639], [11.9571154, 57.7006092], [11.9565868, 57.7007095], [11.9564719, 57.7007426], [11.9564366, 57.7007527], [11.9563664, 57.7007729], [11.9561437, 57.7008615], [11.9559472, 57.700973], [11.9558202, 57.7010697], [11.9555438, 57.7013294], [11.9552565, 57.7015892], [11.9552396, 57.7016008], [11.9551973, 57.7016298], [11.9551244, 57.7016613], [11.9549407, 57.7017249], [11.9550357, 57.701806], [11.9551816, 57.7017556], [11.9553672, 57.7016457], [11.9558175, 57.7012463], [11.9559422, 57.7011218], [11.956072, 57.7010309], [11.956239, 57.7009325], [11.9564412, 57.7008472], [11.9566848, 57.7007844], [11.9574217, 57.70065]]]}}, {"type": "Feature", "properties": {"seamark_type": "harbour", "name": "Amerikahafen", "osm_id": 41749610}, "geometry": {"type": "Polygon", "coordinates": [[[8.7203561, 53.8651874], [8.72021, 53.8655385], [8.7201245, 53.8657441], [8.7199047, 53.8660409], [8.7197706, 53.8660091], [8.7197457, 53.866053], [8.7198661, 53.8660778], [8.7196579, 53.866267], [8.7187081, 53.8671172], [8.7186595, 53.8670857], [8.7186006, 53.8670655], [8.7185618, 53.8670417], [8.7185351, 53.8670359], [8.7183808, 53.8670449], [8.717397, 53.8677002], [8.7173709, 53.8676855], [8.7165633, 53.8682442], [8.7161627, 53.8685213], [8.7161369, 53.8685093], [8.7158852, 53.8686881], [8.7158357, 53.8687239], [8.715788, 53.868704], [8.7157605, 53.8687229], [8.714912, 53.868319], [8.7149934, 53.8682586], [8.7149617, 53.8682362], [8.7147958, 53.8681482], [8.7147401, 53.8681186], [8.714588, 53.8680342], [8.7142263, 53.8678361], [8.7140465, 53.8677296], [8.7138607, 53.8676191], [8.713823, 53.8675941], [8.7135988, 53.8674544], [8.7133491, 53.8672921], [8.712956, 53.8670063], [8.7125349, 53.8667109], [8.7124195, 53.8666234], [8.7123067, 53.866538], [8.7128374, 53.8649838], [8.7128257, 53.8649701], [8.712809, 53.8649604], [8.7126916, 53.864946], [8.7126463, 53.8649404], [8.7125447, 53.8648191], [8.7126393, 53.8642836], [8.7126253, 53.8642491], [8.7125907, 53.8642078], [8.7121961, 53.8638941], [8.7118416, 53.863607], [8.7119306, 53.8634666], [8.7133989, 53.8628394], [8.7134531, 53.862892], [8.7164652, 53.8616259], [8.7165394, 53.8615947], [8.7169702, 53.8614136], [8.717181, 53.8618288], [8.7173669, 53.8621918], [8.7178358, 53.863114], [8.7180008, 53.8630858], [8.7179601, 53.8630058], [8.7182446, 53.8629642], [8.7182789, 53.8630611], [8.7188118, 53.8640925], [8.719489, 53.863982], [8.7198233, 53.864678], [8.7198818, 53.8648668], [8.7199687, 53.8651034], [8.7200125, 53.8651424], [8.7201433, 53.8651568], [8.7203561, 53.8651874]]]}}, {"type": "Feature", "properties": {"seamark_type": "harbour", "name": "Masnedsund Havn", "osm_id": 43706186}, "geometry": {"type": "Polygon", "coordinates": [[[11.8978708, 54.9942762], [11.8978673, 54.9942882], [11.897601, 54.9943828], [11.8976063, 54.9943882], [11.8976128, 54.9943948], [11.8976191, 54.9944013], [11.8974176, 54.9945133], [11.8975874, 54.9947489], [11.8977644, 54.9949951], [11.8978917, 54.9951722], [11.898294, 54.9951509], [11.898306, 54.9950865], [11.8983155, 54.9950865], [11.8983454, 54.9951813], [11.8984934, 54.9951678], [11.89846, 54.9950722], [11.8984875, 54.9950687], [11.898537, 54.9952091], [11.8993869, 54.995106], [11.8993848, 54.9950914], [11.8993762, 54.995027], [11.8993662, 54.9949485], [11.8993651, 54.9949404], [11.8993504, 54.9948518], [11.899457, 54.9947976], [11.8994409, 54.9947099], [11.8994255, 54.9946265], [11.8994532, 54.9946146], [11.8987854, 54.9941141], [11.8980852, 54.994242], [11.8980451, 54.9942402], [11.8980277, 54.9942103], [11.8978567, 54.994262], [11.8978708, 54.9942762]]]}}, {"type": "Feature", "properties": {"seamark_type": "harbour", "name": "Hafen Freiburg/Elbe", "osm_id": 43843100}, "geometry": {"type": "Polygon", "coordinates": [[[9.2947907, 53.8268119], [9.2943952, 53.8266014], [9.2940774, 53.8267249], [9.2936946, 53.8269012], [9.293786, 53.8270305], [9.2936724, 53.8271467], [9.293466, 53.8271418], [9.2934174, 53.8270142], [9.2932391, 53.8269601], [9.2931682, 53.8269571], [9.2924725, 53.8269629], [9.2923019, 53.8270086], [9.2921764, 53.8271495], [9.2915403, 53.827141], [9.291326, 53.8270984], [9.2911595, 53.8270297], [9.2900881, 53.8269885], [9.2900763, 53.8268839], [9.2907533, 53.8268809], [9.2911312, 53.8268759], [9.2915025, 53.8269282], [9.2917437, 53.8269629], [9.2922321, 53.82694], [9.2924802, 53.8268759], [9.2928949, 53.826834], [9.2931112, 53.8268121], [9.293157, 53.8268075], [9.2935967, 53.8267615], [9.2940731, 53.8265911], [9.2941084, 53.8265785], [9.2942092, 53.8265053], [9.2935191, 53.826066], [9.2933718, 53.8260843], [9.2933065, 53.8260253], [9.2932145, 53.8260601], [9.2930308, 53.8260807], [9.2929796, 53.826086], [9.2929109, 53.8260636], [9.2928509, 53.8260197], [9.2927597, 53.8259765], [9.2927265, 53.8259528], [9.2926961, 53.8259311], [9.2926469, 53.825873], [9.2925977, 53.8257838], [9.2925941, 53.8257448], [9.29257, 53.8257058], [9.2924608, 53.8255967], [9.2923228, 53.8255018], [9.292216, 53.8254284], [9.2920116, 53.8252878], [9.2918379, 53.8251655], [9.2916565, 53.8250347], [9.2916175, 53.8250053], [9.2915834, 53.8249789], [9.2915126, 53.8249371], [9.2913521, 53.8249008], [9.2912893, 53.8248867], [9.2910855, 53.8248411], [9.2908083, 53.8247782], [9.2905537, 53.8247193], [9.2904255, 53.8246844], [9.2902573, 53.8246486], [9.2899767, 53.8245813], [9.2898285, 53.8245453], [9.2896856, 53.824492], [9.2897014, 53.8244698], [9.2897034, 53.8244395], [9.2897745, 53.8244267], [9.2900612, 53.8244418], [9.2901803, 53.8244668], [9.290257, 53.8244827], [9.290338, 53.8244897], [9.2904256, 53.8244877], [9.2906232, 53.8245021], [9.2905554, 53.8244624], [9.2905602, 53.8244567], [9.2905457, 53.8244498], [9.290572, 53.8244262], [9.2905864, 53.8244152], [9.2905947, 53.8244192], [9.2906131, 53.8244064], [9.2906636, 53.8244155], [9.2907172, 53.8244177], [9.2913268, 53.8246316], [9.2913784, 53.8246112], [9.2914221, 53.824594], [9.2914517, 53.8246105], [9.2914942, 53.8245983], [9.2915313, 53.8245975], [9.2915686, 53.8246277], [9.291674, 53.8247247], [9.2917358, 53.8247652], [9.2927514, 53.8253525], [9.2941626, 53.8262582], [9.2946131, 53.8265235], [9.2949154, 53.8266828], [9.2948774, 53.8267101], [9.2950073, 53.8267969], [9.2951437, 53.8268706], [9.2951175, 53.8268902], [9.2950634, 53.8269274], [9.2948119, 53.8267934], [9.2947907, 53.8268119]]]}}, {"type": "Feature", "properties": {"seamark_type": "harbour", "name": null, "osm_id": 43860449}, "geometry": {"type": "Polygon", "coordinates": [[[14.4332744, 53.2479208], [14.4337995, 53.2486649], [14.434387, 53.2485288], [14.4338646, 53.2477803], [14.4332744, 53.2479208]]]}}, {"type": "Feature", "properties": {"seamark_type": "harbour", "name": "Steggemeinschaft Fliegenberg", "osm_id": 45555793}, "geometry": {"type": "Polygon", "coordinates": [[[10.1458188, 53.4114663], [10.1457399, 53.411344], [10.1461021, 53.4107609], [10.14603, 53.4106874], [10.1455564, 53.410597], [10.1449927, 53.4106021], [10.1445502, 53.4113168], [10.1444632, 53.4115457], [10.1458188, 53.4114663]]]}}, {"type": "Feature", "properties": {"seamark_type": "harbour", "name": "Segelclub Schloßbucht e.V.", "osm_id": 47806462}, "geometry": {"type": "Polygon", "coordinates": [[[11.4232251, 53.6225215], [11.4232239, 53.6226236], [11.4230018, 53.6226254], [11.4230164, 53.6232558], [11.4248709, 53.6231348], [11.4247953, 53.6224885], [11.4245164, 53.6224758], [11.424341, 53.6224782], [11.4243311, 53.6224277], [11.4242982, 53.6224303], [11.4239932, 53.6224545], [11.4240023, 53.6224772], [11.4239483, 53.6224818], [11.4236078, 53.6224969], [11.4232251, 53.6225215]]]}}, {"type": "Feature", "properties": {"seamark_type": "harbour", "name": "Schweriner Yachtclub", "osm_id": 47806463}, "geometry": {"type": "Polygon", "coordinates": [[[11.4333736, 53.6195239], [11.4329516, 53.6195885], [11.432539, 53.6195953], [11.4325435, 53.6194232], [11.4325639, 53.6188214], [11.4336165, 53.6190047], [11.433646, 53.618947], [11.4342846, 53.6190515], [11.4340068, 53.6196048], [11.4337915, 53.6195627], [11.4333736, 53.6195239]]]}}, {"type": "Feature", "properties": {"seamark_type": "harbour", "name": "Ascheberg", "osm_id": 49475812}, "geometry": {"type": "Polygon", "coordinates": [[[10.3463289, 54.147402], [10.3452426, 54.1471637], [10.3447434, 54.1473731], [10.3448564, 54.1474904], [10.3452006, 54.1476923], [10.3452609, 54.1477031], [10.3453716, 54.1477543], [10.3454495, 54.1478039], [10.3454978, 54.1478702], [10.3458718, 54.1480511], [10.3460034, 54.1481652], [10.3461222, 54.1482206], [10.3464105, 54.1483837], [10.3466043, 54.1484589], [10.3467286, 54.1485847], [10.3468411, 54.1486343], [10.3473519, 54.1483994], [10.3473777, 54.1480324], [10.3463289, 54.147402]]]}}, {"type": "Feature", "properties": {"seamark_type": "harbour", "name": null, "osm_id": 52407207}, "geometry": {"type": "Polygon", "coordinates": [[[6.1678879, 53.3182653], [6.1678606, 53.318263], [6.1678732, 53.3181978], [6.1675715, 53.3181629], [6.1675651, 53.3181835], [6.1675121, 53.3181755], [6.167239, 53.318142], [6.1669006, 53.3181111], [6.1667295, 53.3181034], [6.166461, 53.3180639], [6.1662051, 53.3180445], [6.1661122, 53.3180343], [6.1659913, 53.3180264], [6.1658909, 53.3180181], [6.1657144, 53.3180082], [6.1655143, 53.3179988], [6.1651503, 53.3179705], [6.1649752, 53.3179378], [6.1649234, 53.3179285], [6.164799, 53.317906], [6.1646182, 53.3178669], [6.1645557, 53.31785], [6.1645184, 53.3178343], [6.1645002, 53.3178201], [6.1644526, 53.3177945], [6.1644272, 53.3177706], [6.1644092, 53.3177359], [6.1644004, 53.3176864], [6.1644043, 53.3176512], [6.1643924, 53.317584], [6.1643915, 53.3175377], [6.1643982, 53.3175281], [6.1643911, 53.3174878], [6.1644113, 53.3174867], [6.1644313, 53.3174855], [6.1644053, 53.3173131], [6.1643977, 53.3172831], [6.1643819, 53.3172754], [6.1644097, 53.3172552], [6.1644372, 53.3172352], [6.1644721, 53.3172443], [6.1645058, 53.3172532], [6.1645532, 53.3172501], [6.1646238, 53.3172515], [6.1647828, 53.3172423], [6.1648325, 53.3172409], [6.1648447, 53.3172408], [6.1648566, 53.3172408], [6.1649012, 53.3172407], [6.1649678, 53.3172371], [6.1650406, 53.3172298], [6.1650927, 53.3172338], [6.165176, 53.3172325], [6.1652121, 53.3172306], [6.1652218, 53.3172301], [6.1652308, 53.3172298], [6.1653175, 53.3172264], [6.165413, 53.3172259], [6.1654896, 53.3172233], [6.1655427, 53.3172177], [6.1656029, 53.3172202], [6.165646, 53.3172133], [6.1656559, 53.317214], [6.1656652, 53.3172147], [6.165688, 53.3172164], [6.1659125, 53.3172099], [6.1659833, 53.3172129], [6.1660644, 53.3172198], [6.1661739, 53.317234], [6.1661857, 53.3172351], [6.166197, 53.3172362], [6.1662448, 53.3172336], [6.1662853, 53.3172376], [6.1664533, 53.3172511], [6.166521, 53.3172599], [6.1666251, 53.317271], [6.1666915, 53.3172787], [6.1667053, 53.3172862], [6.1667171, 53.3172873], [6.166728, 53.3172884], [6.1667992, 53.3172934], [6.1670434, 53.317318], [6.1672843, 53.3173463], [6.1672958, 53.3173472], [6.1673075, 53.3173482], [6.1674543, 53.3173601], [6.1674748, 53.3173648], [6.1675057, 53.3173654], [6.1676896, 53.3173829], [6.1678889, 53.3174006], [6.1683044, 53.3174446], [6.1683147, 53.3174455], [6.1683251, 53.3174465], [6.1686665, 53.3174795], [6.1686785, 53.3174806], [6.16869, 53.3174817], [6.1687103, 53.3174836], [6.16906, 53.3175198], [6.1690721, 53.3175101], [6.1690817, 53.3175044], [6.1690882, 53.3175034], [6.1691032, 53.3175032], [6.1691144, 53.3175053], [6.1691219, 53.3175157], [6.169156, 53.3175319], [6.1692426, 53.3175423], [6.169256, 53.3175428], [6.1692693, 53.3175432], [6.1691354, 53.3180094], [6.1692189, 53.3180166], [6.1695106, 53.317987], [6.1695431, 53.3178134], [6.1696334, 53.31782], [6.1696884, 53.3175412], [6.1697008, 53.3175433], [6.1697131, 53.3175453], [6.1700346, 53.317571], [6.1700816, 53.3175506], [6.170234, 53.3175635], [6.1706205, 53.3175859], [6.1707905, 53.3176018], [6.1708953, 53.3176044], [6.1709045, 53.3176052], [6.1709892, 53.3176062], [6.1713817, 53.3176269], [6.1714497, 53.3176333], [6.1714741, 53.3176405], [6.1714862, 53.3176414], [6.1714978, 53.3176421], [6.1718459, 53.3176637], [6.1718766, 53.3176719], [6.1719032, 53.3176792], [6.1719401, 53.3177007], [6.1719622, 53.3177348], [6.1719739, 53.3177702], [6.1719673, 53.3178454], [6.1719598, 53.317952], [6.171893, 53.3182048], [6.1718669, 53.3182787], [6.1718277, 53.3183161], [6.1717818, 53.3183312], [6.1717027, 53.3183325], [6.1715246, 53.3183237], [6.1712086, 53.3183051], [6.1706477, 53.3182575], [6.1699393, 53.3182205], [6.1697712, 53.3182226], [6.1696716, 53.3182209], [6.1695855, 53.318209], [6.1695017, 53.3182214], [6.1694407, 53.318264], [6.1694427, 53.3183065], [6.1694904, 53.3183473], [6.1692235, 53.3183373], [6.1690624, 53.318323], [6.1687509, 53.3183141], [6.1685636, 53.3183505], [6.1677703, 53.3182954], [6.1678015, 53.3182912], [6.1678411, 53.3182879], [6.1678695, 53.3182806], [6.1678879, 53.3182653]]]}}, {"type": "Feature", "properties": {"seamark_type": "harbour", "name": "Autoterminal Hamburg", "osm_id": 52823306}, "geometry": {"type": "Polygon", "coordinates": [[[9.9444078, 53.5052132], [9.9435226, 53.5072326], [9.9430316, 53.5072115], [9.941934, 53.5147065], [9.9424247, 53.5148382], [9.9443702, 53.5132874], [9.9445955, 53.5133768], [9.9477556, 53.5109318], [9.9474771, 53.5107956], [9.9477605, 53.5102697], [9.9482111, 53.5092552], [9.9488524, 53.5077776], [9.949056, 53.5067089], [9.9467082, 53.5055307], [9.9456813, 53.5054627], [9.9456894, 53.5053577], [9.9446919, 53.5053067], [9.9447016, 53.505232], [9.9444078, 53.5052132]]]}}, {"type": "Feature", "properties": {"seamark_type": "harbour", "name": "Sportboothafen Seester", "osm_id": 54050193}, "geometry": {"type": "Polygon", "coordinates": [[[9.5842168, 53.7213906], [9.5834634, 53.7217276], [9.5836314, 53.7218183], [9.5838584, 53.7219359], [9.5840511, 53.7220357], [9.5841562, 53.7219735], [9.5847052, 53.7217963], [9.5848301, 53.7217371], [9.5848026, 53.7216313], [9.5847481, 53.7215852], [9.5843017, 53.7214356], [9.5842168, 53.7213906]]]}}, {"type": "Feature", "properties": {"seamark_type": "harbour", "name": "Otterdalen", "osm_id": 54640672}, "geometry": {"type": "Polygon", "coordinates": [[[7.9996885, 58.1423346], [7.9999967, 58.142283], [8.000885, 58.1419633], [8.0022103, 58.1426757], [8.0013226, 58.1430965], [8.0012677, 58.1430674], [8.0012, 58.1430984], [8.0010834, 58.1430337], [8.0008706, 58.1431346], [8.0003984, 58.1428803], [8.0005119, 58.1427196], [8.0000603, 58.1424767], [7.9999702, 58.1424897], [7.9996885, 58.1423346]]]}}, {"type": "Feature", "properties": {"seamark_type": "harbour", "name": "Kristiansand gjestehavn", "osm_id": 54643234}, "geometry": {"type": "Polygon", "coordinates": [[[8.0011052, 58.1419292], [8.0023706, 58.1414782], [8.0036366, 58.1421606], [8.002848, 58.1427339], [8.0034918, 58.1432082], [8.0024028, 58.1437603], [8.001943, 58.1435416], [8.0014155, 58.143271], [8.0024102, 58.1427889], [8.0025133, 58.1427337], [8.002667, 58.142661], [8.0011052, 58.1419292]]]}}, {"type": "Feature", "properties": {"seamark_type": "harbour", "name": "Christiansholm", "osm_id": 54644139}, "geometry": {"type": "Polygon", "coordinates": [[[8.005067, 58.1442274], [8.0043598, 58.1440316], [8.0041177, 58.1440682], [8.0040725, 58.1440972], [8.0040295, 58.1441524], [8.0039451, 58.1442027], [8.0038846, 58.1442922], [8.0037653, 58.1443223], [8.0036634, 58.1443591], [8.0036245, 58.144432], [8.0036715, 58.1444844], [8.0036218, 58.1444985], [8.0034365, 58.1444771], [8.0031388, 58.1446314], [8.0033477, 58.1447472], [8.0033941, 58.1447222], [8.0035587, 58.144807], [8.0034094, 58.1448876], [8.0035079, 58.144919], [8.0035306, 58.1449076], [8.0040565, 58.1451701], [8.0034606, 58.1454614], [8.004337, 58.1458963], [8.0051329, 58.1453059], [8.0058737, 58.1456139], [8.0054283, 58.145905], [8.0048454, 58.1457368], [8.0044962, 58.1459934], [8.0049032, 58.146187], [8.0053204, 58.1463635], [8.0069957, 58.1453718], [8.0070772, 58.145297], [8.0070962, 58.1452142], [8.0070351, 58.1451291], [8.0051437, 58.1442682], [8.005067, 58.1442274]]]}}, {"type": "Feature", "properties": {"seamark_type": "harbour", "name": "Varbjerg Havn", "osm_id": 55294642}, "geometry": {"type": "Polygon", "coordinates": [[[9.9518207, 55.51644], [9.9518444, 55.5165695], [9.9519786, 55.5167401], [9.9523548, 55.5170618], [9.9528125, 55.5169717], [9.9520996, 55.5163759], [9.9520024, 55.5163969], [9.9518207, 55.51644]]]}}, {"type": "Feature", "properties": {"seamark_type": "harbour", "name": "Yachtclub Midlum Ostfriesland (YCMO)", "osm_id": 56692140}, "geometry": {"type": "Polygon", "coordinates": [[[7.3787888, 53.290085], [7.3789465, 53.2900727], [7.3789384, 53.290036], [7.378781, 53.2900513], [7.3787888, 53.290085]]]}}, {"type": "Feature", "properties": {"seamark_type": "harbour", "name": "Hamburger Yachthafen", "osm_id": 56995722}, "geometry": {"type": "Polygon", "coordinates": [[[9.6735752, 53.5718056], [9.6737231, 53.5717765], [9.674868, 53.5716487], [9.6749877, 53.5715913], [9.6750139, 53.5715194], [9.6750108, 53.5714431], [9.6750045, 53.5714194], [9.6761165, 53.5712777], [9.6761423, 53.5713309], [9.6762884, 53.5714065], [9.6764858, 53.5714228], [9.6775382, 53.5712863], [9.678806, 53.5711317], [9.679023, 53.5710454], [9.6790277, 53.5709421], [9.680149, 53.5707558], [9.6801189, 53.570806], [9.6801301, 53.5708552], [9.6802546, 53.5709436], [9.6804808, 53.5709468], [9.6809815, 53.5709025], [9.6823971, 53.5707302], [9.6833652, 53.5735769], [9.6805322, 53.5739342], [9.6802259, 53.5741652], [9.680511, 53.5748486], [9.6796689, 53.5751175], [9.6795922, 53.5750343], [9.6794172, 53.5750885], [9.6794822, 53.5751737], [9.6789973, 53.5752984], [9.6749059, 53.5757931], [9.674548, 53.5746946], [9.6742464, 53.5737885], [9.6735651, 53.5718824], [9.6735752, 53.5718056]]]}}, {"type": "Feature", "properties": {"seamark_type": "harbour", "name": "Ribe Bådklub", "osm_id": 59990169}, "geometry": {"type": "Polygon", "coordinates": [[[8.7570332, 55.3319676], [8.756753, 55.3318106], [8.756957, 55.3317122], [8.7574359, 55.3313823], [8.7578613, 55.3315997], [8.7570332, 55.3319676]]]}}, {"type": "Feature", "properties": {"seamark_type": "harbour", "name": null, "osm_id": 60494893}, "geometry": {"type": "Polygon", "coordinates": [[[7.303772, 53.448523], [7.3044696, 53.4484832], [7.3040966, 53.4481791], [7.3040672, 53.4481269], [7.304055, 53.4480813], [7.3037368, 53.4481234], [7.303772, 53.448523]]]}}, {"type": "Feature", "properties": {"seamark_type": "harbour", "name": "Flådestation Frederikshavn", "osm_id": 61905567}, "geometry": {"type": "Polygon", "coordinates": [[[10.5472004, 57.4329364], [10.5472191, 57.4329491], [10.5472329, 57.4329424], [10.5472523, 57.4329528], [10.5473992, 57.4328895], [10.5473788, 57.4328789], [10.5474043, 57.4328665], [10.5474322, 57.4328717], [10.5488656, 57.4322586], [10.5489631, 57.4322198], [10.5490737, 57.4321879], [10.5492178, 57.4321594], [10.5493791, 57.4321427], [10.5495007, 57.4321399], [10.5495977, 57.4321427], [10.549706, 57.4321537], [10.5497557, 57.432101], [10.5498204, 57.4320144], [10.5414235, 57.4297523], [10.5410332, 57.4297076], [10.5405813, 57.4297119], [10.5334171, 57.4303162], [10.5332079, 57.4303111], [10.5330724, 57.43034], [10.5296848, 57.4306208], [10.5288869, 57.430688], [10.5288968, 57.4307715], [10.5288261, 57.4307759], [10.5288416, 57.4308493], [10.5288851, 57.4309929], [10.5291772, 57.4311932], [10.5296775, 57.4312063], [10.5297105, 57.4312272], [10.5297458, 57.4312484], [10.5296653, 57.4315085], [10.5298535, 57.4316264], [10.5302447, 57.4318716], [10.5304708, 57.4320133], [10.5315491, 57.4324962], [10.5318552, 57.4326542], [10.5320136, 57.4327324], [10.532473, 57.4329002], [10.5343514, 57.4337185], [10.5345472, 57.4337993], [10.5347507, 57.4338795], [10.5348018, 57.4339038], [10.5348298, 57.4339145], [10.5353376, 57.4341397], [10.5355971, 57.4340243], [10.5356164, 57.4340225], [10.5361511, 57.4339725], [10.5404458, 57.433609], [10.5419478, 57.4334798], [10.5420081, 57.4334746], [10.5421696, 57.4334607], [10.5423912, 57.4334416], [10.5423291, 57.4332132], [10.5423005, 57.4331083], [10.5423518, 57.4331073], [10.5424017, 57.4331119], [10.5424272, 57.4331204], [10.542443, 57.4331564], [10.5454917, 57.4335424], [10.545668, 57.4335311], [10.5458201, 57.4334625], [10.5458555, 57.4334636], [10.545896, 57.433489], [10.5472004, 57.4329364]]]}}, {"type": "Feature", "properties": {"seamark_type": "harbour", "name": "Yachthafen Yacht-Club Großenbrode e.V (YCG)", "osm_id": 74725809}, "geometry": {"type": "Polygon", "coordinates": [[[11.0611577, 54.356738], [11.063728, 54.3559519], [11.062457, 54.3551892], [11.0606278, 54.3557761], [11.0601227, 54.3556829], [11.0600012, 54.3558179], [11.0595879, 54.3572434], [11.0596225, 54.3573366], [11.0598418, 54.3574377], [11.0599058, 54.3572489], [11.0600241, 54.3572514], [11.0600734, 54.3570765], [11.0611577, 54.356738]]]}}, {"type": "Feature", "properties": {"seamark_type": "harbour", "name": "Hjarnø Havn", "osm_id": 77512510}, "geometry": {"type": "Polygon", "coordinates": [[[10.0639238, 55.8222039], [10.0640465, 55.8221132], [10.06454, 55.8218615], [10.0650872, 55.8221418], [10.0644301, 55.8225245], [10.0643134, 55.8224702], [10.0643663, 55.8224208], [10.0639238, 55.8222039]]]}}, {"type": "Feature", "properties": {"seamark_type": "harbour", "name": "Gammel Havn", "osm_id": 77512512}, "geometry": {"type": "Polygon", "coordinates": [[[10.0164867, 55.7155131], [10.0175437, 55.7150156], [10.0171657, 55.7147237], [10.0166075, 55.7142823], [10.0158935, 55.7138306], [10.0154867, 55.7140231], [10.0154457, 55.7140418], [10.0152367, 55.7141346], [10.0150373, 55.7142278], [10.0153656, 55.7144376], [10.0159123, 55.7147816], [10.0159357, 55.714833], [10.0162717, 55.7150583], [10.0162459, 55.7150708], [10.0161906, 55.7150964], [10.016156, 55.7151136], [10.0161168, 55.7151342], [10.0161312, 55.7151438], [10.0160689, 55.7151784], [10.0159857, 55.7152222], [10.0164867, 55.7155131]]]}}, {"type": "Feature", "properties": {"seamark_type": "harbour", "name": "Ny Marina", "osm_id": 77512517}, "geometry": {"type": "Polygon", "coordinates": [[[10.0159175, 55.7156382], [10.0154596, 55.7158451], [10.0154333, 55.7157968], [10.0152143, 55.7158185], [10.0149271, 55.7159273], [10.0140849, 55.7163261], [10.01218, 55.7167907], [10.0120747, 55.7168045], [10.0119553, 55.716815], [10.0118836, 55.7168131], [10.0117743, 55.7168011], [10.0116885, 55.716786], [10.0115785, 55.7167531], [10.0114866, 55.7167191], [10.0113814, 55.7166677], [10.0113177, 55.7166145], [10.0112546, 55.716548], [10.0112191, 55.7164962], [10.0111923, 55.7164388], [10.0111936, 55.716381], [10.0111963, 55.7163308], [10.0112124, 55.716293], [10.0115492, 55.7162745], [10.012105, 55.7160611], [10.0125601, 55.715941], [10.0129339, 55.7158688], [10.0133124, 55.7156871], [10.0136384, 55.7156479], [10.0140765, 55.7155324], [10.0146472, 55.7154313], [10.015258, 55.715385], [10.0157372, 55.7156231], [10.0159175, 55.7156382]]]}}, {"type": "Feature", "properties": {"seamark_type": "harbour", "name": "Snaptun Lystbådehavn", "osm_id": 77512518}, "geometry": {"type": "Polygon", "coordinates": [[[10.051979, 55.8221037], [10.0519268, 55.8221052], [10.0521103, 55.8222027], [10.0523655, 55.8224523], [10.0521688, 55.8225747], [10.0521806, 55.8225808], [10.0523404, 55.8226635], [10.052463, 55.8227287], [10.0525444, 55.8227892], [10.0525931, 55.8228723], [10.0526053, 55.822949], [10.0525652, 55.8230329], [10.0524871, 55.8230976], [10.0523925, 55.8231416], [10.0522687, 55.8231764], [10.0521277, 55.8231878], [10.0519899, 55.823177], [10.0518307, 55.8231352], [10.0514544, 55.8229839], [10.0515189, 55.8229158], [10.0515601, 55.8228869], [10.0508155, 55.8225106], [10.0511195, 55.8223069], [10.0516686, 55.8219485], [10.0516926, 55.8219628], [10.051979, 55.8221037]]]}}, {"type": "Feature", "properties": {"seamark_type": "harbour", "name": "Sandbjerg Marina", "osm_id": 77540802}, "geometry": {"type": "Polygon", "coordinates": [[[10.0088478, 55.7175519], [10.0088718, 55.7175587], [10.0088877, 55.7175679], [10.0088948, 55.717585], [10.0088788, 55.7176022], [10.0094297, 55.7178573], [10.0094666, 55.7178392], [10.0095055, 55.7178214], [10.0095223, 55.7177973], [10.0095018, 55.7177967], [10.0093898, 55.7174485], [10.009247, 55.7174553], [10.0092329, 55.7173344], [10.0092094, 55.717314], [10.0091602, 55.7169076], [10.0090481, 55.7167625], [10.0088973, 55.7167679], [10.0088696, 55.7168001], [10.0084625, 55.7167479], [10.0083498, 55.7167357], [10.008346, 55.7167457], [10.007825, 55.7166952], [10.007684, 55.7167313], [10.0076261, 55.7167601], [10.0075468, 55.7168126], [10.0076261, 55.7169457], [10.0079902, 55.7174913], [10.0080723, 55.7175285], [10.0081473, 55.7175577], [10.0082361, 55.7175824], [10.0088144, 55.7175497], [10.0088478, 55.7175519]]]}}, {"type": "Feature", "properties": {"seamark_type": "harbour", "name": null, "osm_id": 79732799}, "geometry": {"type": "Polygon", "coordinates": [[[10.3787971, 55.0607687], [10.3788668, 55.0608317], [10.3788882, 55.0609684], [10.3807859, 55.0610175], [10.3807831, 55.0607996], [10.3809015, 55.0608004], [10.3813594, 55.0606282], [10.3809731, 55.0602839], [10.3813739, 55.0600922], [10.3815141, 55.0601773], [10.3817891, 55.0602533], [10.3819594, 55.059976], [10.3825629, 55.0600721], [10.3826189, 55.0598054], [10.3823456, 55.0597641], [10.3824576, 55.0595536], [10.3821032, 55.0593893], [10.3820358, 55.0593869], [10.3819969, 55.0593531], [10.3819124, 55.0593001], [10.3817649, 55.0593739], [10.381429, 55.0592985], [10.3809463, 55.0592206], [10.3808435, 55.0592663], [10.3808638, 55.0592705], [10.3813356, 55.0593665], [10.3817125, 55.0596557], [10.3814596, 55.0597651], [10.3812452, 55.0595999], [10.3810529, 55.0595931], [10.3810224, 55.0597109], [10.3811688, 55.0598061], [10.3806108, 55.0601349], [10.3802431, 55.0599371], [10.3802199, 55.0599503], [10.3801237, 55.060008], [10.3795699, 55.0597404], [10.379401, 55.0598567], [10.3800934, 55.0601973], [10.3800067, 55.060251], [10.3799849, 55.0602656], [10.3799265, 55.060308], [10.379915, 55.060303], [10.3798788, 55.0603182], [10.3797846, 55.060361], [10.3797668, 55.0603521], [10.3797304, 55.0603373], [10.3797218, 55.0603447], [10.3796574, 55.0604], [10.3794408, 55.0605644], [10.3791082, 55.0606919], [10.3787971, 55.0607687]]]}}, {"type": "Feature", "properties": {"seamark_type": "harbour", "name": "Ballen Havn", "osm_id": 79941938}, "geometry": {"type": "Polygon", "coordinates": [[[10.4719501, 55.0418856], [10.4719062, 55.0419273], [10.4718598, 55.0419499], [10.4719075, 55.0419898], [10.4719519, 55.0421865], [10.4718409, 55.0426671], [10.4717074, 55.0429447], [10.4719813, 55.0429729], [10.4722411, 55.0427959], [10.4727186, 55.0425987], [10.4731539, 55.0424579], [10.473477, 55.0423171], [10.4741019, 55.0420113], [10.4742668, 55.0419254], [10.4741114, 55.0417103], [10.4740189, 55.0417225], [10.473755, 55.0411613], [10.4737365, 55.0410185], [10.4736426, 55.0409263], [10.4735474, 55.0409056], [10.4724492, 55.0410631], [10.4722201, 55.0411418], [10.4720651, 55.0412246], [10.471947, 55.0413239], [10.4718891, 55.0414873], [10.4718853, 55.0416044], [10.4719501, 55.0418856]]]}}, {"type": "Feature", "properties": {"seamark_type": "harbour", "name": "Rantzausminde Lystbådehavn", "osm_id": 80498211}, "geometry": {"type": "Polygon", "coordinates": [[[10.5391623, 55.0349447], [10.5393373, 55.0344067], [10.5394909, 55.0339221], [10.5396169, 55.0339037], [10.5399911, 55.0332323], [10.5406255, 55.0332933], [10.5418962, 55.0335174], [10.5420228, 55.0335886], [10.542735, 55.033611], [10.5428758, 55.0335683], [10.5436199, 55.0335982], [10.5436496, 55.0336218], [10.5436371, 55.0337024], [10.5436165, 55.0337311], [10.5435635, 55.0338866], [10.5435481, 55.0339164], [10.5435722, 55.0339194], [10.5434723, 55.0341377], [10.5434904, 55.0341402], [10.5433481, 55.03447], [10.5433175, 55.0347612], [10.5416561, 55.0345081], [10.5413187, 55.0353987], [10.540954, 55.0353255], [10.5408213, 55.0352687], [10.5391623, 55.0349447]]]}}, {"type": "Feature", "properties": {"seamark_type": "harbour", "name": "Norderwerft", "osm_id": 80895424}, "geometry": {"type": "Polygon", "coordinates": [[[9.9739272, 53.536977], [9.9739756, 53.5370352], [9.9745037, 53.5376705], [9.974709, 53.5379175], [9.9757066, 53.5376192], [9.9758671, 53.5375677], [9.9762479, 53.5379917], [9.9770901, 53.5377349], [9.9760633, 53.5365414], [9.9751087, 53.5353933], [9.9750512, 53.5354111], [9.9742553, 53.5362539], [9.974197, 53.5363103], [9.9740941, 53.5363295], [9.9731562, 53.5360185], [9.9731375, 53.5359758], [9.9750006, 53.5340331], [9.9749782, 53.5340119], [9.9743174, 53.5339774], [9.9743591, 53.533666], [9.9745298, 53.5336743], [9.9746289, 53.5336433], [9.974645, 53.5334784], [9.9731274, 53.5333971], [9.9730681, 53.5333939], [9.972555, 53.5365971], [9.9731389, 53.5365377], [9.9734988, 53.5366565], [9.9737908, 53.5370154], [9.9739272, 53.536977]]]}}, {"type": "Feature", "properties": {"seamark_type": "harbour", "name": "Augustenborg Yachthavn", "osm_id": 85666268}, "geometry": {"type": "Polygon", "coordinates": [[[9.8703377, 54.943291], [9.8704274, 54.9420645], [9.8692325, 54.9420055], [9.8692658, 54.9418487], [9.8694747, 54.940866], [9.8695159, 54.9405508], [9.8713855, 54.9405224], [9.8714827, 54.9406786], [9.8714006, 54.9412524], [9.8720128, 54.941387], [9.8720572, 54.9416807], [9.8728068, 54.942006], [9.8726957, 54.9421952], [9.8724604, 54.943183], [9.8716711, 54.9431601], [9.871642, 54.9433715], [9.8703377, 54.943291]]]}}, {"type": "Feature", "properties": {"seamark_type": "harbour", "name": "Vestre Bådehavn", "osm_id": 87846242}, "geometry": {"type": "Polygon", "coordinates": [[[9.9018874, 57.0584041], [9.9022257, 57.0582415], [9.9021951, 57.0582432], [9.9021856, 57.0582399], [9.9021744, 57.0582235], [9.9021735, 57.0582057], [9.9021925, 57.0581982], [9.9026354, 57.0581692], [9.9042076, 57.0580531], [9.9039672, 57.0571594], [9.9039543, 57.0571059], [9.9039462, 57.0570752], [9.9031342, 57.0571077], [9.9026842, 57.0571257], [9.9022546, 57.0571429], [9.9016953, 57.0571653], [9.9011119, 57.0571886], [9.9010947, 57.0571891], [9.9009339, 57.0572372], [9.9007343, 57.057297], [9.9004816, 57.0573726], [9.9004585, 57.0573801], [9.9003915, 57.0573315], [9.9003654, 57.0573388], [9.9003, 57.0573947], [9.900297, 57.0574376], [9.9000242, 57.0575229], [9.9010078, 57.0584641], [9.9017339, 57.0584149], [9.9018874, 57.0584041]]]}}, {"type": "Feature", "properties": {"seamark_type": "harbour", "name": "Süderhafen", "osm_id": 88840450}, "geometry": {"type": "Polygon", "coordinates": [[[8.9165651, 54.470662], [8.9200134, 54.4698122], [8.9199121, 54.4696719], [8.9164489, 54.4705016], [8.9165651, 54.470662]]]}}, {"type": "Feature", "properties": {"seamark_type": "harbour", "name": "Yachtclub Strelasund", "osm_id": 88940058}, "geometry": {"type": "Polygon", "coordinates": [[[13.1194035, 54.3058273], [13.1195189, 54.306078], [13.1196959, 54.3060503], [13.1196817, 54.3060195], [13.1196298, 54.3059066], [13.1195805, 54.3057996], [13.1194035, 54.3058273]]]}}, {"type": "Feature", "properties": {"seamark_type": "harbour", "name": "Vejle Lystbådehavn", "osm_id": 92106569}, "geometry": {"type": "Polygon", "coordinates": [[[9.5562296, 55.7081145], [9.5576976, 55.7079104], [9.5619203, 55.7072549], [9.5618351, 55.7070791], [9.5609025, 55.7052407], [9.5557695, 55.7060255], [9.5557914, 55.7060771], [9.5554098, 55.7061444], [9.5554926, 55.7062997], [9.5555265, 55.7063594], [9.5559101, 55.7062989], [9.5559201, 55.7063198], [9.5559352, 55.7063514], [9.5559597, 55.7064024], [9.5558906, 55.7064112], [9.5559275, 55.706452], [9.5559497, 55.7064972], [9.5559869, 55.7065733], [9.5560348, 55.7066711], [9.5560589, 55.7066994], [9.5561082, 55.706713], [9.5561441, 55.7067863], [9.5562005, 55.7069014], [9.5559846, 55.7069349], [9.5554173, 55.7070231], [9.5545871, 55.7071522], [9.5546411, 55.7072623], [9.5546543, 55.7072893], [9.554647, 55.7072949], [9.5537717, 55.7074306], [9.553696, 55.7072745], [9.5535885, 55.7072915], [9.5533539, 55.7068092], [9.5531246, 55.7068447], [9.5535826, 55.707786], [9.5547337, 55.7076075], [9.5547001, 55.7075382], [9.5558569, 55.7073593], [9.5558782, 55.7074034], [9.5560227, 55.7077096], [9.5560375, 55.7077375], [9.556053, 55.7077666], [9.5562296, 55.7081145]]]}}, {"type": "Feature", "properties": {"seamark_type": "harbour", "name": "Nienoord Haven", "osm_id": 93079312}, "geometry": {"type": "Polygon", "coordinates": [[[6.3987922, 53.1651119], [6.3985738, 53.165076], [6.3980192, 53.164981], [6.3974919, 53.1648908], [6.3974705, 53.1648772], [6.3973189, 53.1648476], [6.3971552, 53.164814], [6.3971536, 53.1648094], [6.3970882, 53.1648139], [6.3967022, 53.164749], [6.3966423, 53.1647056], [6.3965493, 53.1647022], [6.3965191, 53.1647005], [6.3965105, 53.1647], [6.3964964, 53.1646915], [6.3964143, 53.1646994], [6.3963646, 53.1646928], [6.3963275, 53.1646878], [6.3962969, 53.1646516], [6.3963044, 53.1645238], [6.3963111, 53.1642873], [6.3963115, 53.1642739], [6.3959299, 53.1640827], [6.3959243, 53.164085], [6.3957408, 53.1641687], [6.3955432, 53.1642549], [6.3954602, 53.164292], [6.3954423, 53.1643282], [6.395463, 53.1643349], [6.3953687, 53.1645334], [6.3950017, 53.1644788], [6.3949752, 53.1645325], [6.3949391, 53.164629], [6.3950532, 53.164646], [6.3950719, 53.1646494], [6.3962454, 53.1648307], [6.3966992, 53.1649112], [6.3975041, 53.1650504], [6.3980746, 53.1651579], [6.3983128, 53.1652031], [6.3985201, 53.165248], [6.3988239, 53.1653094], [6.3991706, 53.1654104], [6.3992821, 53.1654493], [6.3994807, 53.1653177], [6.3991765, 53.1651603], [6.3987922, 53.1651119]]]}}, {"type": "Feature", "properties": {"seamark_type": "harbour", "name": "Cnossen", "osm_id": 93106078}, "geometry": {"type": "Polygon", "coordinates": [[[6.4226189, 53.1772154], [6.422753, 53.1772296], [6.423351, 53.1773181], [6.4233798, 53.1772263], [6.4235483, 53.1772555], [6.4235627, 53.1772663], [6.4235622, 53.1771976], [6.4236212, 53.1765844], [6.4243322, 53.1766131], [6.4244153, 53.1761614], [6.4235919, 53.1761389], [6.4235755, 53.1765277], [6.422747, 53.1765096], [6.4226189, 53.1772154]]]}}, {"type": "Feature", "properties": {"seamark_type": "harbour", "name": "Jachthaven Briltil", "osm_id": 93141251}, "geometry": {"type": "Polygon", "coordinates": [[[6.3872504, 53.2441436], [6.3871961, 53.2441345], [6.3871307, 53.2441086], [6.3870917, 53.244064], [6.386972, 53.243764], [6.3869024, 53.2435905], [6.3867064, 53.2430423], [6.3866996, 53.2430233], [6.3867613, 53.2429196], [6.3867883, 53.2428551], [6.3868371, 53.2425806], [6.3868394, 53.2424107], [6.3867783, 53.2424013], [6.3867589, 53.2423641], [6.386702, 53.2423257], [6.3866826, 53.2423126], [6.3866051, 53.2423138], [6.3864638, 53.2423427], [6.3863877, 53.2423638], [6.3863288, 53.2424001], [6.3863058, 53.2424219], [6.3863098, 53.2424625], [6.38688, 53.2440169], [6.3869317, 53.2441496], [6.3870085, 53.2441973], [6.38711, 53.2442458], [6.3872504, 53.2441436]]]}}, {"type": "Feature", "properties": {"seamark_type": "harbour", "name": "Jachthaven Zuidwesthoek", "osm_id": 93802879}, "geometry": {"type": "Polygon", "coordinates": [[[6.5642781, 53.1605516], [6.5653859, 53.1608672], [6.5649773, 53.1612841], [6.5661244, 53.1616468], [6.5670719, 53.1605895], [6.5665145, 53.1604331], [6.5664548, 53.1602219], [6.5649159, 53.1597706], [6.5642781, 53.1605516]]]}}, {"type": "Feature", "properties": {"seamark_type": "harbour", "name": "Woonschepenhaven", "osm_id": 94192567}, "geometry": {"type": "Polygon", "coordinates": [[[6.59758, 53.2207326], [6.5975337, 53.2207556], [6.5974765, 53.2209293], [6.5974337, 53.2209216], [6.5974583, 53.2211254], [6.5975267, 53.2212567], [6.5976577, 53.221412], [6.5978434, 53.2215775], [6.5980723, 53.2217151], [6.5983054, 53.2218194], [6.5986208, 53.2219112], [6.5991611, 53.2220809], [6.5996983, 53.2222401], [6.6002906, 53.22242], [6.6014747, 53.2227776], [6.6014547, 53.2228233], [6.6015724, 53.2228586], [6.6016211, 53.2228255], [6.6020115, 53.2229468], [6.6017759, 53.222066], [6.6016781, 53.2219229], [6.6015943, 53.221857], [6.6014989, 53.2218091], [6.6014079, 53.2217673], [6.600401, 53.2215118], [6.59758, 53.2207326]]]}}, {"type": "Feature", "properties": {"seamark_type": "harbour", "name": "Marina Nord", "osm_id": 94395579}, "geometry": {"type": "Polygon", "coordinates": [[[11.4322023, 53.6464278], [11.4341801, 53.6466855], [11.4345876, 53.6455579], [11.4343631, 53.6455142], [11.4341696, 53.645746], [11.4340305, 53.6457621], [11.4338417, 53.6457837], [11.4338112, 53.6458867], [11.433694, 53.6458695], [11.4332855, 53.6458306], [11.43316, 53.6458041], [11.4331074, 53.645663], [11.4329511, 53.6455818], [11.4327247, 53.6455441], [11.4325015, 53.6455729], [11.4321927, 53.6456546], [11.4317965, 53.646017], [11.4314874, 53.64601], [11.4314698, 53.6463475], [11.4322023, 53.6464278]]]}}, {"type": "Feature", "properties": {"seamark_type": "harbour", "name": "Zweedse Haven", "osm_id": 94617551}, "geometry": {"type": "Polygon", "coordinates": [[[6.5970655, 53.2173089], [6.5966348, 53.2171852], [6.5964843, 53.2171438], [6.5950052, 53.2167144], [6.5949737, 53.2167305], [6.5945456, 53.2166086], [6.5944695, 53.2167005], [6.5936523, 53.2164555], [6.5934125, 53.2170521], [6.5942386, 53.2173127], [6.5968094, 53.2180204], [6.5970655, 53.2173089]]]}}, {"type": "Feature", "properties": {"seamark_type": "harbour", "name": "Deense Haven", "osm_id": 94617587}, "geometry": {"type": "Polygon", "coordinates": [[[6.5963828, 53.2193237], [6.5963392, 53.2193257], [6.5963171, 53.2193257], [6.5962406, 53.2193081], [6.5953776, 53.2190507], [6.5945191, 53.2187787], [6.5939893, 53.2186203], [6.5929433, 53.2183065], [6.5928032, 53.2185602], [6.592792, 53.2185613], [6.5925739, 53.2191045], [6.5934848, 53.2193569], [6.5943389, 53.2196156], [6.5946248, 53.2197292], [6.5959373, 53.2201066], [6.5963828, 53.2193237]]]}}, {"type": "Feature", "properties": {"seamark_type": "harbour", "name": "Finse Haven", "osm_id": 94617589}, "geometry": {"type": "Polygon", "coordinates": [[[6.5979586, 53.2150834], [6.5973992, 53.2149135], [6.5972214, 53.2149119], [6.5971687, 53.2148956], [6.5968348, 53.2148069], [6.5966687, 53.2146816], [6.5954156, 53.2143039], [6.5947079, 53.2140939], [6.594409, 53.2148251], [6.5945077, 53.2148575], [6.5954645, 53.2151415], [6.5957364, 53.2152219], [6.5969517, 53.2155813], [6.5976473, 53.2157834], [6.5979586, 53.2150834]]]}}, {"type": "Feature", "properties": {"seamark_type": "harbour", "name": "DAV \"Schloßgarten e.V.\"", "osm_id": 96108373}, "geometry": {"type": "Polygon", "coordinates": [[[11.4320483, 53.6196076], [11.4320818, 53.6196904], [11.4321058, 53.6197911], [11.4320642, 53.6201471], [11.4319124, 53.6202737], [11.4331553, 53.6203446], [11.4331169, 53.6203196], [11.4331002, 53.620147], [11.4331962, 53.6200803], [11.4332158, 53.6199533], [11.4332205, 53.6199143], [11.4332621, 53.6198395], [11.4332654, 53.619656], [11.4333736, 53.6195239], [11.4329516, 53.6195885], [11.432539, 53.6195953], [11.4320483, 53.6196076]]]}}, {"type": "Feature", "properties": {"seamark_type": "harbour", "name": "Rønnerhavnen", "osm_id": 96295623}, "geometry": {"type": "Polygon", "coordinates": [[[10.5387404, 57.465503], [10.5389973, 57.4655831], [10.540672, 57.4659804], [10.5419237, 57.466115], [10.5419479, 57.4661335], [10.5420232, 57.466149], [10.5420959, 57.4661321], [10.5421264, 57.466093], [10.5420976, 57.466053], [10.5420233, 57.4660352], [10.5420593, 57.4656535], [10.5421229, 57.4656383], [10.5421562, 57.4656046], [10.5421404, 57.4655645], [10.5420888, 57.4655418], [10.5420241, 57.4655395], [10.5411703, 57.4651396], [10.5395874, 57.4646224], [10.5393242, 57.4645483], [10.5392773, 57.4645435], [10.5392225, 57.4645584], [10.5389325, 57.4648449], [10.5385872, 57.4647445], [10.5385899, 57.464642], [10.5386623, 57.4645843], [10.5387374, 57.4644935], [10.5389117, 57.464391], [10.5388742, 57.4643146], [10.5388822, 57.4642929], [10.5389842, 57.4642872], [10.5389949, 57.4642396], [10.5391585, 57.4640506], [10.5393328, 57.4639467], [10.5393865, 57.4638457], [10.5393785, 57.4637894], [10.5393758, 57.4637318], [10.5395166, 57.463607], [10.539465, 57.4635502], [10.5394911, 57.4634288], [10.5395782, 57.4633859], [10.5395553, 57.4630972], [10.5394459, 57.4630658], [10.5390018, 57.4628423], [10.538474, 57.4625207], [10.5374551, 57.4618447], [10.5372676, 57.4618573], [10.5372611, 57.4618597], [10.5368195, 57.4620094], [10.5363846, 57.4622521], [10.5359828, 57.4625154], [10.5356203, 57.4626262], [10.5355129, 57.4626941], [10.5347568, 57.4634568], [10.534681, 57.4635946], [10.5346621, 57.4636289], [10.5345813, 57.4636244], [10.5345234, 57.4638811], [10.5344623, 57.4640352], [10.5342134, 57.4644072], [10.5339999, 57.4647576], [10.5342671, 57.4648435], [10.534347, 57.4648893], [10.5344373, 57.4650342], [10.5344644, 57.4650961], [10.5352761, 57.4653461], [10.5352884, 57.4653693], [10.5358199, 57.4655408], [10.5362931, 57.4656708], [10.5366586, 57.4657921], [10.5367735, 57.4658092], [10.5368815, 57.4657927], [10.5369683, 57.4657688], [10.5371616, 57.4658589], [10.5372981, 57.4657817], [10.5372639, 57.4657142], [10.537457, 57.4655455], [10.5376233, 57.4654618], [10.5376756, 57.4653976], [10.5377963, 57.4653089], [10.537917, 57.4652678], [10.5379022, 57.4652238], [10.5379385, 57.4651834], [10.5380216, 57.4651372], [10.5381343, 57.4651358], [10.5382255, 57.465081], [10.5382737, 57.4650738], [10.5384401, 57.4651185], [10.5384669, 57.4651695], [10.5385115, 57.4652345], [10.538547, 57.4652792], [10.5384545, 57.4654011], [10.538474, 57.4654293], [10.5386559, 57.4654813], [10.5387404, 57.465503]]]}}, {"type": "Feature", "properties": {"seamark_type": "harbour", "name": "Nørresundby Lystbådehavn", "osm_id": 96923267}, "geometry": {"type": "Polygon", "coordinates": [[[9.9182269, 57.0575058], [9.9182112, 57.057155], [9.9206979, 57.0563433], [9.9208557, 57.0563054], [9.9211293, 57.0562638], [9.9212177, 57.0562368], [9.9216303, 57.0566224], [9.9182081, 57.057691], [9.9181759, 57.0575204], [9.9182269, 57.0575058]]]}}, {"type": "Feature", "properties": {"seamark_type": "harbour", "name": "Segler-Verein Siems e.V.", "osm_id": 97661216}, "geometry": {"type": "Polygon", "coordinates": [[[10.7712388, 53.8975146], [10.7713239, 53.8975066], [10.7714357, 53.8975228], [10.7716279, 53.8975284], [10.7717441, 53.897538], [10.7717891, 53.8975277], [10.7718284, 53.89752], [10.7719313, 53.8974979], [10.771964, 53.8974957], [10.7719686, 53.8975088], [10.7719794, 53.8975146], [10.7720237, 53.8975155], [10.7720304, 53.8974762], [10.772036, 53.8974596], [10.7720706, 53.8972367], [10.7711672, 53.8971051], [10.7712388, 53.8975146]]]}}, {"type": "Feature", "properties": {"seamark_type": "harbour", "name": "Yachtclub Kattegatt Lübeck e.V", "osm_id": 97661230}, "geometry": {"type": "Polygon", "coordinates": [[[10.7638759, 53.9013294], [10.764928, 53.9016396], [10.7659826, 53.9003983], [10.7658281, 53.9002833], [10.7653664, 53.9001961], [10.7650739, 53.9001813], [10.7650135, 53.9001911], [10.764922, 53.9001759], [10.7648004, 53.9003093], [10.7646518, 53.9002797], [10.7646304, 53.9003016], [10.7645993, 53.9003465], [10.7647052, 53.9003823], [10.7646342, 53.9004945], [10.7645763, 53.900499], [10.7645686, 53.9005113], [10.7645856, 53.9005228], [10.7644334, 53.9007698], [10.7644079, 53.9007741], [10.7644004, 53.9007862], [10.7644141, 53.9007976], [10.7643215, 53.900979], [10.7643129, 53.9009928], [10.7642497, 53.9010643], [10.7642376, 53.9010785], [10.7641707, 53.9011336], [10.7640401, 53.9012042], [10.7638759, 53.9013294]]]}}, {"type": "Feature", "properties": {"seamark_type": "harbour", "name": "Quandt-Bootshafen", "osm_id": 97661231}, "geometry": {"type": "Polygon", "coordinates": [[[10.7750694, 53.897483], [10.7748351, 53.8978019], [10.7748527, 53.8978273], [10.7749177, 53.8978812], [10.7749861, 53.8979343], [10.7750697, 53.8979828], [10.7751279, 53.8979898], [10.7752039, 53.8980092], [10.7752639, 53.8980148], [10.775396, 53.8980562], [10.7754288, 53.898051], [10.7754664, 53.898055], [10.7754928, 53.8980684], [10.7755563, 53.898091], [10.7755824, 53.8981044], [10.775622, 53.8981091], [10.7756905, 53.8981136], [10.77572, 53.8981171], [10.7758541, 53.8981215], [10.7759647, 53.8981415], [10.7760267, 53.8981503], [10.7760736, 53.8980817], [10.7761545, 53.8980977], [10.7761431, 53.8981372], [10.7759893, 53.8982382], [10.7754232, 53.8985403], [10.7753702, 53.8985662], [10.7752044, 53.8986473], [10.7752148, 53.898659], [10.7752277, 53.8986734], [10.7752707, 53.8986629], [10.7753002, 53.8986648], [10.7753065, 53.8986514], [10.7754255, 53.8986706], [10.7754192, 53.8986841], [10.7754746, 53.8986962], [10.7755299, 53.8987082], [10.7755837, 53.8986442], [10.7756081, 53.8986513], [10.7757127, 53.898557], [10.7757656, 53.8985279], [10.7758922, 53.8984611], [10.7763824, 53.8981679], [10.7766008, 53.8978596], [10.7750694, 53.897483]]]}}, {"type": "Feature", "properties": {"seamark_type": "harbour", "name": "Marina Kröslin", "osm_id": 98516161}, "geometry": {"type": "Polygon", "coordinates": [[[13.7512542, 54.1208531], [13.7513262, 54.1209545], [13.7515783, 54.1213035], [13.752045, 54.1216981], [13.7521487, 54.1218807], [13.7522145, 54.1218657], [13.7530359, 54.1223336], [13.7547541, 54.1231867], [13.7571841, 54.1237714], [13.757969, 54.1233435], [13.7590306, 54.1227781], [13.7586782, 54.1221211], [13.7576723, 54.1200831], [13.7568828, 54.1192294], [13.75631, 54.118856], [13.7558697, 54.1191057], [13.7543156, 54.1199921], [13.7541026, 54.1198121], [13.7535243, 54.1200172], [13.7532488, 54.1201018], [13.7529472, 54.1201945], [13.7530454, 54.1202846], [13.7529265, 54.1203296], [13.7530264, 54.1204239], [13.753264, 54.1207475], [13.7527347, 54.1208683], [13.7524817, 54.1205384], [13.7515797, 54.1207333], [13.7512542, 54.1208531]]]}}, {"type": "Feature", "properties": {"seamark_type": "harbour", "name": "Jachthaven De Bloemert", "osm_id": 99151155}, "geometry": {"type": "Polygon", "coordinates": [[[6.683422, 53.1172314], [6.6834966, 53.1167182], [6.6829996, 53.1165837], [6.682966, 53.1165747], [6.6829136, 53.1165728], [6.6827376, 53.1165217], [6.6825262, 53.1164628], [6.6825579, 53.1164185], [6.6827107, 53.116463], [6.6829374, 53.1161858], [6.6828199, 53.1161625], [6.6827817, 53.1161523], [6.682784, 53.1161446], [6.6827981, 53.1161206], [6.6829555, 53.1161577], [6.6831926, 53.1158789], [6.682176, 53.1156922], [6.6821736, 53.1155653], [6.6818305, 53.1154252], [6.6814156, 53.1157942], [6.6816828, 53.1158947], [6.6827042, 53.1161092], [6.6826915, 53.1161347], [6.6825339, 53.1161079], [6.682348, 53.1164419], [6.6822758, 53.1165789], [6.6820216, 53.1165106], [6.6818483, 53.1164631], [6.6811743, 53.1162782], [6.6810005, 53.1162333], [6.6809098, 53.1163541], [6.6807928, 53.1163151], [6.6809587, 53.1160623], [6.6804543, 53.115945], [6.6788886, 53.1155806], [6.6788442, 53.115576], [6.6788178, 53.115583], [6.6786625, 53.1158161], [6.6786051, 53.1159027], [6.6785664, 53.1158963], [6.678545, 53.1159252], [6.6785265, 53.1159501], [6.6785711, 53.1159603], [6.6785524, 53.1159925], [6.6801706, 53.116374], [6.6807136, 53.1165101], [6.6807499, 53.1164926], [6.6807924, 53.1164826], [6.6808371, 53.1164833], [6.6808755, 53.1164939], [6.6809097, 53.1165101], [6.6809336, 53.1165356], [6.680944, 53.1165668], [6.6809274, 53.1166029], [6.6809035, 53.1166234], [6.6808755, 53.1166353], [6.6808018, 53.1166558], [6.6807229, 53.116672], [6.6806264, 53.1166826], [6.6805301, 53.1166872], [6.6803004, 53.1166677], [6.6802572, 53.1166601], [6.6783926, 53.1162104], [6.6784362, 53.1161331], [6.6775394, 53.1160515], [6.6773785, 53.1161481], [6.6773556, 53.1161512], [6.6773318, 53.1161506], [6.6769601, 53.1159761], [6.6768242, 53.1158945], [6.6768242, 53.1158696], [6.6766467, 53.1158198], [6.6765076, 53.1157924], [6.6764422, 53.1158403], [6.6764868, 53.1158952], [6.6765605, 53.1159487], [6.6767141, 53.1160422], [6.6768875, 53.1161282], [6.6770868, 53.1162235], [6.6772601, 53.1162883], [6.6774615, 53.1163194], [6.6775248, 53.1163126], [6.6775726, 53.1162845], [6.6777376, 53.1162802], [6.6780241, 53.1163176], [6.6780812, 53.1163331], [6.6781103, 53.1163562], [6.6781258, 53.1163848], [6.6781227, 53.116406], [6.6780926, 53.1164384], [6.6780386, 53.1164671], [6.6779006, 53.116515], [6.6778518, 53.1165375], [6.6778175, 53.1166671], [6.6777791, 53.1168203], [6.6776919, 53.1171274], [6.6777106, 53.1171387], [6.6777968, 53.117158], [6.6778248, 53.1171598], [6.6780008, 53.1169195], [6.6781454, 53.1167513], [6.6781255, 53.1166982], [6.6781056, 53.1166201], [6.6781382, 53.11658], [6.6782123, 53.1165355], [6.678299, 53.1164715], [6.6783677, 53.1164379], [6.6784816, 53.1164042], [6.6785484, 53.1163988], [6.6786442, 53.1164021], [6.6787996, 53.116427], [6.6788665, 53.1164476], [6.6789196, 53.1164724], [6.6789695, 53.1165246], [6.6790075, 53.1166212], [6.6789767, 53.1167014], [6.6788213, 53.1168967], [6.6787328, 53.1169932], [6.6786695, 53.1170518], [6.6785773, 53.1170757], [6.678496, 53.1172123], [6.6784816, 53.1172481], [6.6783966, 53.1174314], [6.6783243, 53.1176006], [6.6783297, 53.1176809], [6.6783424, 53.1176993], [6.6783822, 53.117721], [6.6784924, 53.117746], [6.6785448, 53.1177547], [6.6785782, 53.1177467], [6.6785938, 53.1177261], [6.6785917, 53.1177049], [6.6785222, 53.1176825], [6.6785035, 53.1176702], [6.6785035, 53.1176339], [6.6787111, 53.1172794], [6.6787858, 53.1171592], [6.6788346, 53.1171249], [6.6789426, 53.1171044], [6.6790526, 53.116981], [6.6791242, 53.1168776], [6.6791585, 53.116806], [6.679227, 53.116725], [6.679283, 53.1166926], [6.6793443, 53.1166702], [6.6794242, 53.1166508], [6.6794896, 53.1166427], [6.6795602, 53.1166446], [6.6797231, 53.1166795], [6.6797699, 53.1166994], [6.6798103, 53.1167262], [6.6798425, 53.1167543], [6.6798955, 53.1168315], [6.6798934, 53.1169125], [6.6798218, 53.1170253], [6.6796982, 53.1171791], [6.6795581, 53.1173006], [6.6794803, 53.1173168], [6.6790848, 53.1177355], [6.6789955, 53.1177666], [6.678846, 53.1177454], [6.6788242, 53.1177529], [6.6788024, 53.1177928], [6.6788056, 53.1178021], [6.6789332, 53.1178233], [6.6791574, 53.1178364], [6.6792768, 53.1177965], [6.6793931, 53.1176881], [6.6795436, 53.1175386], [6.6796173, 53.1175081], [6.6797107, 53.1174053], [6.6799733, 53.1171094], [6.6799858, 53.1170564], [6.680128, 53.1168645], [6.6802629, 53.1168234], [6.6808193, 53.1168149], [6.6808483, 53.1168147], [6.6808826, 53.1168334], [6.6808719, 53.1168544], [6.6798458, 53.1179523], [6.6797845, 53.1179563], [6.6797205, 53.118034], [6.6797317, 53.1180642], [6.6798654, 53.1181032], [6.6799214, 53.118093], [6.6799959, 53.1180248], [6.6799846, 53.1179913], [6.681177, 53.1167303], [6.6812563, 53.1167031], [6.6812921, 53.116695], [6.6813826, 53.1166958], [6.6816886, 53.1167579], [6.6818764, 53.1168104], [6.681964, 53.116824], [6.6826624, 53.1169999], [6.683422, 53.1172314]]]}}, {"type": "Feature", "properties": {"seamark_type": "harbour", "name": "Jachthaven Oude Pekela", "osm_id": 100235924}, "geometry": {"type": "Polygon", "coordinates": [[[7.027245, 53.113835], [7.0271934, 53.1138568], [7.027161, 53.1138632], [7.0271328, 53.113863], [7.0270962, 53.1138592], [7.0270574, 53.1138489], [7.027018, 53.1138368], [7.0263648, 53.1133056], [7.0262053, 53.1133762], [7.0260976, 53.1132876], [7.0260787, 53.1132974], [7.0260592, 53.1133074], [7.0261678, 53.1133983], [7.0260817, 53.1134352], [7.0266517, 53.1139002], [7.0267153, 53.1139521], [7.0260791, 53.1142327], [7.0263836, 53.1144823], [7.0266358, 53.114689], [7.0275615, 53.1142822], [7.0273038, 53.1140687], [7.0272914, 53.1140546], [7.0272776, 53.1140278], [7.0272747, 53.114011], [7.027282, 53.1139773], [7.0273069, 53.1139486], [7.0273243, 53.1139369], [7.0273487, 53.113927], [7.027245, 53.113835]]]}}, {"type": "Feature", "properties": {"seamark_type": "harbour", "name": "Marina Emden", "osm_id": 103453192}, "geometry": {"type": "Polygon", "coordinates": [[[7.2084063, 53.3636865], [7.2079991, 53.3638527], [7.206785, 53.3627937], [7.2071942, 53.3626353], [7.2072809, 53.36271], [7.2076322, 53.3630164], [7.2079892, 53.3633279], [7.2083055, 53.3635998], [7.2084063, 53.3636865]]]}}, {"type": "Feature", "properties": {"seamark_type": "harbour", "name": "Außenhafen", "osm_id": 103453196}, "geometry": {"type": "Polygon", "coordinates": [[[7.1890473, 53.342227], [7.1886332, 53.3423043], [7.188128, 53.3423986], [7.187772, 53.3424651], [7.1877486, 53.3427726], [7.1880289, 53.3430365], [7.1883968, 53.343385], [7.1891699, 53.3437277], [7.190166, 53.3433876], [7.1902237, 53.3433679], [7.1890473, 53.342227]]]}}, {"type": "Feature", "properties": {"seamark_type": "harbour", "name": "Marina Brodersby", "osm_id": 106165763}, "geometry": {"type": "Polygon", "coordinates": [[[9.7138853, 54.5220132], [9.713429, 54.5210407], [9.7131286, 54.5204416], [9.7129096, 54.5204512], [9.71321, 54.521193], [9.7130408, 54.5212058], [9.7130596, 54.5212549], [9.7132427, 54.5212399], [9.7136678, 54.5220724], [9.7138853, 54.5220132]]]}}, {"type": "Feature", "properties": {"seamark_type": "harbour", "name": "Sportboothafen Leher Turnerschaft von 1898", "osm_id": 106418586}, "geometry": {"type": "Polygon", "coordinates": [[[8.6079167, 53.5514527], [8.6081603, 53.5516273], [8.6089115, 53.5515765], [8.6090433, 53.5515795], [8.6091699, 53.5515734], [8.6091181, 53.551368], [8.6103412, 53.5507625], [8.6102679, 53.5504102], [8.6102025, 53.5503075], [8.6093131, 53.5505809], [8.6077345, 53.5512104], [8.607844, 53.5513286], [8.6079167, 53.5514527]]]}}, {"type": "Feature", "properties": {"seamark_type": "harbour", "name": "Kytterup Havn", "osm_id": 106446310}, "geometry": {"type": "Polygon", "coordinates": [[[8.2939637, 56.3106198], [8.2950012, 56.3106538], [8.2953632, 56.3109425], [8.2951741, 56.3110052], [8.2950044, 56.311025], [8.2948076, 56.3110199], [8.2946586, 56.311016], [8.2944404, 56.3109765], [8.2942513, 56.310886], [8.2940542, 56.3107453], [8.2939637, 56.3106198]]]}}, {"type": "Feature", "properties": {"seamark_type": "harbour", "name": "Jachthaven Hunzegat", "osm_id": 106928669}, "geometry": {"type": "Polygon", "coordinates": [[[6.292974, 53.3404238], [6.2932625, 53.3404821], [6.2938185, 53.3405929], [6.2943926, 53.340704], [6.2948828, 53.3408042], [6.2954069, 53.3409077], [6.2960156, 53.3410286], [6.2968946, 53.341202], [6.2969195, 53.3412015], [6.2974119, 53.3402874], [6.297388, 53.3402803], [6.2973309, 53.3402633], [6.2965121, 53.3400937], [6.2958885, 53.3399664], [6.2948519, 53.3397496], [6.2939333, 53.3395617], [6.2935804, 53.3394913], [6.2934899, 53.339492], [6.2933804, 53.3395288], [6.2931005, 53.3396566], [6.2930308, 53.3396763], [6.2929857, 53.3396776], [6.2929486, 53.3396682], [6.2924072, 53.3397686], [6.2923992, 53.3398209], [6.292333, 53.3399534], [6.2922237, 53.3400643], [6.292218, 53.3401643], [6.2922659, 53.3401982], [6.2923769, 53.3402692], [6.2924216, 53.3402959], [6.2924195, 53.3403148], [6.2924462, 53.3403256], [6.2924824, 53.3403384], [6.2925582, 53.3402788], [6.2930098, 53.3403742], [6.292974, 53.3404238]]]}}, {"type": "Feature", "properties": {"seamark_type": "harbour", "name": "Rosenvold Havn", "osm_id": 108689043}, "geometry": {"type": "Polygon", "coordinates": [[[9.8122078, 55.6749835], [9.8125328, 55.6750681], [9.8125777, 55.6750089], [9.8135127, 55.6753641], [9.8138676, 55.6753754], [9.8139276, 55.6753274], [9.8137526, 55.6752767], [9.8139426, 55.6751329], [9.8128627, 55.6747072], [9.8122078, 55.6749835]]]}}, {"type": "Feature", "properties": {"seamark_type": "harbour", "name": "Kuholmen båthavn", "osm_id": 108896299}, "geometry": {"type": "Polygon", "coordinates": [[[8.0266892, 58.1451257], [8.0267184, 58.1453243], [8.0267942, 58.145352], [8.0267157, 58.1455026], [8.026662, 58.1455349], [8.0265031, 58.1455744], [8.026559, 58.1463307], [8.0268054, 58.1463481], [8.0269986, 58.1463324], [8.0271815, 58.1463076], [8.0271938, 58.1462937], [8.0272762, 58.1462834], [8.0274977, 58.1462658], [8.0280699, 58.1462283], [8.0286657, 58.1461844], [8.0292886, 58.1461254], [8.0298038, 58.1460616], [8.0299831, 58.1460394], [8.0301583, 58.1459332], [8.0302622, 58.1458153], [8.0304602, 58.145265], [8.030078, 58.1449186], [8.0300215, 58.1449135], [8.0299724, 58.1449207], [8.0299296, 58.1449094], [8.0295906, 58.1445912], [8.0297264, 58.1444667], [8.0296422, 58.1443873], [8.0295461, 58.1443484], [8.0281333, 58.144529], [8.0266892, 58.1451257]]]}}, {"type": "Feature", "properties": {"seamark_type": "harbour", "name": "Auglandsbukta", "osm_id": 108899711}, "geometry": {"type": "Polygon", "coordinates": [[[7.9645958, 58.1197664], [7.9634435, 58.1209751], [7.9633029, 58.121027], [7.9632399, 58.1210004], [7.9631989, 58.1209821], [7.963135, 58.120945], [7.9625353, 58.1209349], [7.961934, 58.1209244], [7.9612474, 58.1209123], [7.9611644, 58.1209071], [7.9606739, 58.1208765], [7.959992, 58.1208401], [7.959638, 58.1208212], [7.9595288, 58.1207921], [7.95947, 58.1207674], [7.9594267, 58.1207482], [7.9593973, 58.1207306], [7.9594356, 58.1205854], [7.9595027, 58.1204504], [7.9595487, 58.1203874], [7.9596076, 58.1203403], [7.9597248, 58.1203068], [7.9603185, 58.1202406], [7.9611435, 58.1201687], [7.961208, 58.1201464], [7.9612346, 58.1201206], [7.9612585, 58.1200517], [7.9612424, 58.1199087], [7.9611591, 58.1198534], [7.960701, 58.1196359], [7.9605073, 58.1195613], [7.9602409, 58.1194343], [7.9599462, 58.1192995], [7.9598235, 58.1192028], [7.9597995, 58.1191496], [7.9597841, 58.1190625], [7.9598406, 58.1189259], [7.9599044, 58.1188637], [7.9600408, 58.1187973], [7.9603251, 58.1188756], [7.9607488, 58.1189923], [7.9613011, 58.1191444], [7.961898, 58.1193058], [7.9624765, 58.1194372], [7.9630009, 58.1195268], [7.9630973, 58.1194584], [7.9645958, 58.1197664]]]}}, {"type": "Feature", "properties": {"seamark_type": "harbour", "name": "Jachthaven KZ&RV Neptunus", "osm_id": 109141846}, "geometry": {"type": "Polygon", "coordinates": [[[6.9291919, 53.3290012], [6.9304691, 53.3287457], [6.9310724, 53.3288195], [6.9323918, 53.3309828], [6.9317443, 53.331577], [6.9317769, 53.3315927], [6.9311929, 53.3321534], [6.9310114, 53.3319649], [6.9304631, 53.3311383], [6.9301, 53.3305], [6.9295683, 53.3296065], [6.9293, 53.3292], [6.9291919, 53.3290012]]]}}, {"type": "Feature", "properties": {"seamark_type": "harbour", "name": "Jachthaven 't Dok Delfzijl", "osm_id": 109141847}, "geometry": {"type": "Polygon", "coordinates": [[[6.9216405, 53.3252377], [6.9216287, 53.3252296], [6.9215994, 53.3252095], [6.9207813, 53.3246499], [6.9203304, 53.3243355], [6.9203149, 53.3243166], [6.9203229, 53.3242968], [6.920496, 53.3241003], [6.9208528, 53.3236734], [6.9236924, 53.325754], [6.9236379, 53.3257742], [6.922948, 53.3260923], [6.922824, 53.3260761], [6.9226998, 53.3260001], [6.9216405, 53.3252377]]]}}, {"type": "Feature", "properties": {"seamark_type": "harbour", "name": "Yacht Club Turmkanal zu Papenburg e.V.", "osm_id": 109866094}, "geometry": {"type": "Polygon", "coordinates": [[[7.3848087, 53.0870225], [7.3856845, 53.087686], [7.3858816, 53.0875823], [7.3856751, 53.0874308], [7.3857652, 53.0873946], [7.3855381, 53.0872197], [7.3854343, 53.0872689], [7.3852899, 53.087173], [7.385472, 53.0870924], [7.3854893, 53.0868324], [7.3856062, 53.0864976], [7.3853057, 53.0864582], [7.3852453, 53.0864527], [7.3851986, 53.0866029], [7.3850591, 53.086665], [7.3845392, 53.0862814], [7.3842696, 53.0864153], [7.3839264, 53.0861787], [7.383843, 53.0861938], [7.3836807, 53.0862843], [7.3838018, 53.086384], [7.3837334, 53.0864282], [7.38398, 53.0866076], [7.3841415, 53.0865208], [7.3848087, 53.0870225]]]}}, {"type": "Feature", "properties": {"seamark_type": "harbour", "name": "Bootsservice Fierke", "osm_id": 111597110}, "geometry": {"type": "Polygon", "coordinates": [[[11.4304174, 53.6338071], [11.4300633, 53.6339598], [11.4299146, 53.6340547], [11.4302896, 53.6342995], [11.4307929, 53.6340965], [11.4313454, 53.6338484], [11.4312025, 53.6337526], [11.4309243, 53.6335781], [11.4304174, 53.6338071]]]}}, {"type": "Feature", "properties": {"seamark_type": "harbour", "name": "Museumshafen", "osm_id": 112399383}, "geometry": {"type": "Polygon", "coordinates": [[[9.4329694, 54.7946774], [9.4341235, 54.7949304], [9.4347676, 54.7930926], [9.4341123, 54.793024], [9.4335767, 54.7943412], [9.433536, 54.7944389], [9.4333142, 54.7944001], [9.4331757, 54.7943759], [9.4329833, 54.7946571], [9.4329694, 54.7946774]]]}}, {"type": "Feature", "properties": {"seamark_type": "harbour", "name": "Sonwik Yachthafen", "osm_id": 112557220}, "geometry": {"type": "Polygon", "coordinates": [[[9.4527228, 54.8111913], [9.4531373, 54.8126403], [9.455267, 54.812443], [9.4544364, 54.8090368], [9.4542148, 54.8088009], [9.45407, 54.8086467], [9.4539804, 54.808699], [9.4539524, 54.8087153], [9.4539419, 54.8087379], [9.4532083, 54.8091546], [9.4524131, 54.8095974], [9.4521045, 54.8097516], [9.4521354, 54.8097694], [9.4521357, 54.8098003], [9.4521045, 54.8098248], [9.4520438, 54.809825], [9.452032, 54.8098356], [9.4525433, 54.8112021], [9.4527228, 54.8111913]]]}}, {"type": "Feature", "properties": {"seamark_type": "harbour", "name": "Terneviga", "osm_id": 112574403}, "geometry": {"type": "Polygon", "coordinates": [[[7.9773346, 58.1070623], [7.9774796, 58.1069431], [7.9776529, 58.1067857], [7.9777371, 58.1066469], [7.9777473, 58.1064375], [7.9790123, 58.1065647], [7.9791558, 58.1058158], [7.9801396, 58.1051379], [7.9791892, 58.1048875], [7.977409, 58.1046402], [7.9772966, 58.1047491], [7.9772283, 58.1048551], [7.9772571, 58.1049519], [7.9771782, 58.1050335], [7.9771588, 58.1051024], [7.9771412, 58.1052289], [7.9771577, 58.1053238], [7.9772397, 58.1053596], [7.9770069, 58.1056266], [7.9767482, 58.1059159], [7.9764544, 58.1062445], [7.9770733, 58.1063762], [7.9770598, 58.106392], [7.9771122, 58.1064031], [7.9773136, 58.1063253], [7.9773757, 58.1063305], [7.9774065, 58.1063506], [7.9773574, 58.1066651], [7.9771751, 58.1068426], [7.9770149, 58.1069391], [7.9773346, 58.1070623]]]}}, {"type": "Feature", "properties": {"seamark_type": "harbour", "name": null, "osm_id": 112941457}, "geometry": {"type": "Polygon", "coordinates": [[[12.041591, 55.124193], [12.0411396, 55.1240851], [12.0409409, 55.1245059], [12.041175, 55.1246405], [12.0412314, 55.1245559], [12.041591, 55.124193]]]}}, {"type": "Feature", "properties": {"seamark_type": "harbour", "name": "Nodeviga (store)", "osm_id": 112978031}, "geometry": {"type": "Polygon", "coordinates": [[[7.9971873, 58.1414089], [7.997791, 58.1412374], [7.9991013, 58.1404091], [7.9991869, 58.1404448], [7.9994734, 58.1405706], [7.9996914, 58.1406619], [7.9997023, 58.1407193], [7.9997407, 58.1407431], [7.9998759, 58.1407881], [7.9990233, 58.1413863], [7.9987336, 58.1412674], [7.998503, 58.1414146], [7.9981167, 58.1412589], [7.9972396, 58.1414719], [7.9971873, 58.1414089]]]}}, {"type": "Feature", "properties": {"seamark_type": "harbour", "name": "Lahelle", "osm_id": 112978803}, "geometry": {"type": "Polygon", "coordinates": [[[8.0079473, 58.14968], [8.0081615, 58.1496304], [8.0089511, 58.1494476], [8.0089028, 58.1494037], [8.0104183, 58.1489748], [8.0127841, 58.1474981], [8.0127632, 58.1473218], [8.0129823, 58.1472042], [8.012823, 58.1470434], [8.0102379, 58.1485875], [8.0079816, 58.1492996], [8.0079473, 58.14968]]]}}, {"type": "Feature", "properties": {"seamark_type": "harbour", "name": "Tresse", "osm_id": 112978980}, "geometry": {"type": "Polygon", "coordinates": [[[8.0021208, 58.1443504], [8.0026499, 58.1441032], [8.002679, 58.1441453], [8.0026892, 58.1441842], [8.0026788, 58.1442126], [8.0026505, 58.1442897], [8.0024058, 58.1444054], [8.0023277, 58.1444086], [8.0022069, 58.1443941], [8.0021208, 58.1443504]]]}}, {"type": "Feature", "properties": {"seamark_type": "harbour", "name": "Hånesbukta", "osm_id": 112979464}, "geometry": {"type": "Polygon", "coordinates": [[[8.0826143, 58.1684081], [8.0858394, 58.1666578], [8.0842634, 58.1658189], [8.083831, 58.1660546], [8.0834419, 58.1662882], [8.0830391, 58.1665175], [8.0825914, 58.1667789], [8.0821239, 58.1670405], [8.0816696, 58.1673071], [8.0810753, 58.1676521], [8.0826143, 58.1684081]]]}}, {"type": "Feature", "properties": {"seamark_type": "harbour", "name": "Kjøita", "osm_id": 112979816}, "geometry": {"type": "Polygon", "coordinates": [[[8.0043442, 58.1509338], [8.0043039, 58.1506784], [8.0054464, 58.1503675], [8.0056336, 58.1505523], [8.0055969, 58.1506104], [8.0053169, 58.1505534], [8.0046834, 58.1507258], [8.005236, 58.1512738], [8.0054549, 58.1512271], [8.0055109, 58.1512913], [8.005291, 58.1513467], [8.0054914, 58.1515246], [8.0055392, 58.1523287], [8.0052457, 58.1523791], [8.0050632, 58.1523016], [8.0050529, 58.1520729], [8.0050462, 58.1520415], [8.005034, 58.1519841], [8.0049843, 58.1517509], [8.0049845, 58.151748], [8.0049987, 58.1515084], [8.0048378, 58.1514762], [8.0048324, 58.1514713], [8.0046159, 58.1512753], [8.0043961, 58.1510763], [8.0042698, 58.1509619], [8.0043442, 58.1509338]]]}}, {"type": "Feature", "properties": {"seamark_type": "harbour", "name": "Prestviga", "osm_id": 112980216}, "geometry": {"type": "Polygon", "coordinates": [[[8.0132747, 58.1470476], [8.0139656, 58.1467072], [8.0136733, 58.1461356], [8.0139761, 58.1460655], [8.0143387, 58.1467446], [8.0141089, 58.1468987], [8.0137932, 58.1469593], [8.0134927, 58.147154], [8.0132747, 58.1470476]]]}}, {"type": "Feature", "properties": {"seamark_type": "harbour", "name": "Bootsclub Drage", "osm_id": 113821116}, "geometry": {"type": "Polygon", "coordinates": [[[10.2875774, 53.4223247], [10.2875865, 53.4222919], [10.2875597, 53.4222815], [10.2874846, 53.4222639], [10.2873404, 53.4222403], [10.2870628, 53.4222232], [10.2868308, 53.4222264], [10.2863976, 53.4222367], [10.2861844, 53.4222288], [10.2858236, 53.4222447], [10.2854495, 53.4222735], [10.2851062, 53.4223103], [10.2849392, 53.4223283], [10.284903, 53.422347], [10.2848795, 53.4223774], [10.2848869, 53.4224349], [10.2849331, 53.4227722], [10.2849331, 53.4228557], [10.28496, 53.423187], [10.2850646, 53.4231558], [10.2851209, 53.4231518], [10.2851692, 53.4231606], [10.2852255, 53.4232014], [10.2853073, 53.4232325], [10.2854575, 53.4232373], [10.2856305, 53.4232125], [10.2857821, 53.4232029], [10.2859497, 53.4232301], [10.2860717, 53.4232349], [10.286352, 53.4232269], [10.286568, 53.4232197], [10.2867007, 53.4232293], [10.2868617, 53.4232373], [10.2869314, 53.4232533], [10.2870253, 53.4233004], [10.2870709, 53.4233372], [10.2871312, 53.4233412], [10.2871996, 53.4233052], [10.2872653, 53.4232517], [10.287331, 53.4232061], [10.2874061, 53.423155], [10.2875429, 53.4230815], [10.2876194, 53.422988], [10.2876918, 53.4228865], [10.2877267, 53.4227782], [10.2877233, 53.4227019], [10.2876603, 53.4226208], [10.2876227, 53.4225476], [10.2875637, 53.4224557], [10.2875557, 53.4223966], [10.2875774, 53.4223247]]]}}, {"type": "Feature", "properties": {"seamark_type": "harbour", "name": "Ulstrup Marina", "osm_id": 114428399}, "geometry": {"type": "Polygon", "coordinates": [[[9.7974457, 56.3936596], [9.7974504, 56.3936667], [9.7974591, 56.393673], [9.7974712, 56.3936767], [9.7974993, 56.3936804], [9.7978943, 56.393706], [9.7979124, 56.3937134], [9.7979271, 56.3937264], [9.7979298, 56.3937483], [9.7979134, 56.3938726], [9.7979439, 56.3938652], [9.7979754, 56.3938541], [9.7980275, 56.3938199], [9.798027, 56.3936935], [9.7980264, 56.3935479], [9.7980264, 56.3935414], [9.7980257, 56.3935368], [9.7980227, 56.3935345], [9.7980162, 56.3935336], [9.7979975, 56.3935327], [9.7974785, 56.393526], [9.7974624, 56.3935299], [9.7974557, 56.3935338], [9.7974517, 56.3935401], [9.7974457, 56.3936596]]]}}, {"type": "Feature", "properties": {"seamark_type": "harbour", "name": "Jachthaven Midwolda", "osm_id": 114467995}, "geometry": {"type": "Polygon", "coordinates": [[[7.0282195, 53.19568], [7.0287291, 53.194597], [7.0288508, 53.1944974], [7.0290431, 53.1944266], [7.0292729, 53.1944266], [7.0327366, 53.1949457], [7.032765, 53.1949465], [7.0330246, 53.1949537], [7.0337301, 53.1949007], [7.0335597, 53.195451], [7.0335396, 53.195574], [7.0335774, 53.1960213], [7.0330962, 53.195944], [7.0329231, 53.1963714], [7.0327489, 53.196345], [7.0321508, 53.1962572], [7.0320768, 53.1962451], [7.032068, 53.1962719], [7.0320005, 53.1962589], [7.032007, 53.1962362], [7.0319536, 53.1962286], [7.0316246, 53.1961815], [7.0311793, 53.1961172], [7.0308432, 53.1960669], [7.0303027, 53.1959844], [7.0295864, 53.1958797], [7.0282195, 53.19568]]]}}, {"type": "Feature", "properties": {"seamark_type": "harbour", "name": "Heidepark Silz", "osm_id": 114707927}, "geometry": {"type": "Polygon", "coordinates": [[[12.4403947, 53.5042681], [12.4404051, 53.504779], [12.4412901, 53.5050408], [12.441286, 53.5050688], [12.441273, 53.5051573], [12.4419736, 53.5051541], [12.4420045, 53.5052696], [12.4420837, 53.5052611], [12.4420605, 53.5051473], [12.4425965, 53.5051048], [12.4425947, 53.5050524], [12.4425937, 53.5050216], [12.4425922, 53.5049785], [12.4426194, 53.5049685], [12.4427163, 53.5049634], [12.4426909, 53.5042629], [12.4416136, 53.5042653], [12.4403947, 53.5042681]]]}}, {"type": "Feature", "properties": {"seamark_type": "harbour", "name": "Zwischenahner Segelklub", "osm_id": 115370231}, "geometry": {"type": "Polygon", "coordinates": [[[8.0264136, 53.188855], [8.026836, 53.1886695], [8.0266416, 53.1885019], [8.0269178, 53.1883702], [8.026511, 53.1880364], [8.0267603, 53.187921], [8.0265921, 53.1877901], [8.0255823, 53.1882542], [8.0264136, 53.188855]]]}}, {"type": "Feature", "properties": {"seamark_type": "harbour", "name": "Jachthaven Rensel", "osm_id": 115475434}, "geometry": {"type": "Polygon", "coordinates": [[[7.0476998, 53.1435458], [7.0475216, 53.1436118], [7.0478254, 53.1439121], [7.0487292, 53.1435898], [7.0490387, 53.1439228], [7.0495249, 53.1437468], [7.0499703, 53.1435834], [7.049499, 53.1431049], [7.0490373, 53.1430772], [7.0485863, 53.1430724], [7.0484292, 53.1430712], [7.0483058, 53.1430954], [7.0482062, 53.1431322], [7.048125, 53.1431936], [7.048076, 53.1432452], [7.0480323, 53.1432729], [7.0476998, 53.1435458]]]}}, {"type": "Feature", "properties": {"seamark_type": "harbour", "name": "Jachthaven Meerzicht", "osm_id": 115489263}, "geometry": {"type": "Polygon", "coordinates": [[[6.6961347, 53.1116268], [6.6961798, 53.111614], [6.6962548, 53.1116342], [6.6963165, 53.1116768], [6.6963242, 53.1116826], [6.6963293, 53.1116868], [6.6965637, 53.111862], [6.6970009, 53.1118148], [6.6970313, 53.1118036], [6.6969184, 53.1116985], [6.6968248, 53.1116251], [6.6970786, 53.1115214], [6.6969053, 53.1113677], [6.6968977, 53.1113609], [6.6968887, 53.1113529], [6.6967917, 53.1112777], [6.6967824, 53.1112698], [6.6967737, 53.1112623], [6.6966609, 53.1111735], [6.6964644, 53.111022], [6.6962666, 53.111106], [6.6965343, 53.1113233], [6.6963888, 53.1113856], [6.6963598, 53.1113656], [6.6963198, 53.1113381], [6.6964104, 53.1112975], [6.6961993, 53.1111282], [6.6958167, 53.1112983], [6.6959226, 53.1113751], [6.6960077, 53.1114344], [6.6960675, 53.1114793], [6.6962976, 53.1113745], [6.6963145, 53.1113866], [6.696345, 53.1114103], [6.6960242, 53.1115523], [6.6961347, 53.1116268]]]}}, {"type": "Feature", "properties": {"seamark_type": "harbour", "name": null, "osm_id": 115611456}, "geometry": {"type": "Polygon", "coordinates": [[[7.9981649, 58.141743], [7.9982185, 58.1418704], [7.9983982, 58.1418591], [7.9986047, 58.1421337], [7.9992753, 58.1419765], [7.9993852, 58.1418817], [7.9988944, 58.1416665], [7.9988676, 58.1415363], [7.9988515, 58.1414825], [7.9981086, 58.1415138], [7.9982538, 58.1415856], [7.9987476, 58.1415447], [7.9988098, 58.1417017], [7.9987505, 58.1417085], [7.9985975, 58.1417294], [7.9985203, 58.1417358], [7.9985216, 58.1417507], [7.9983019, 58.1417719], [7.9982292, 58.141777], [7.9982078, 58.1417345], [7.9981649, 58.141743]]]}}, {"type": "Feature", "properties": {"seamark_type": "harbour", "name": "Yacht-Club Dagebüll-Schlüttsiel", "osm_id": 116237592}, "geometry": {"type": "Polygon", "coordinates": [[[8.7514347, 54.6820184], [8.7513949, 54.6819788], [8.7513788, 54.6819563], [8.7513627, 54.6819214], [8.7513493, 54.6818625], [8.7513319, 54.6818268], [8.7513016, 54.6817991], [8.7529378, 54.6821338], [8.7529246, 54.6821532], [8.7528218, 54.6823043], [8.7515223, 54.682054], [8.7514834, 54.6820408], [8.7514347, 54.6820184]]]}}, {"type": "Feature", "properties": {"seamark_type": "harbour", "name": "Hafen Schlüttsiel", "osm_id": 116240164}, "geometry": {"type": "Polygon", "coordinates": [[[8.751578, 54.6811606], [8.7511575, 54.6818183], [8.7511535, 54.6818466], [8.7511602, 54.6818733], [8.7511857, 54.6819222], [8.7513585, 54.6820966], [8.7514016, 54.6821168], [8.7514579, 54.6821276], [8.7528072, 54.6823697], [8.7528612, 54.6824031], [8.753612, 54.6825462], [8.7537861, 54.682575], [8.7538604, 54.6825687], [8.7552417, 54.682734], [8.7553593, 54.6825298], [8.7556276, 54.6820638], [8.7557428, 54.6818943], [8.7559198, 54.6817113], [8.7560069, 54.6815746], [8.756174, 54.6814113], [8.7557904, 54.6812887], [8.7557539, 54.6813482], [8.7557411, 54.6813853], [8.755501, 54.681368], [8.7554924, 54.6814138], [8.7546687, 54.6813602], [8.7545134, 54.6813235], [8.7543406, 54.6814301], [8.7535393, 54.6815053], [8.7535192, 54.6813926], [8.7534977, 54.6813407], [8.7534533, 54.6813111], [8.753408, 54.681297], [8.7521178, 54.681046], [8.7520279, 54.6810336], [8.7519681, 54.6810399], [8.7518281, 54.6810732], [8.7516028, 54.6811383], [8.751578, 54.6811606]]]}}, {"type": "Feature", "properties": {"seamark_type": "harbour", "name": "Marina Neuer Hafen", "osm_id": 116489235}, "geometry": {"type": "Polygon", "coordinates": [[[13.3129709, 53.029169], [13.3129487, 53.029151], [13.3129634, 53.0290686], [13.3129914, 53.0290578], [13.3137127, 53.0291048], [13.3138799, 53.0283334], [13.3125556, 53.0282281], [13.3123671, 53.0291873], [13.3126812, 53.0292085], [13.31265, 53.0293706], [13.3124016, 53.0293535], [13.3123982, 53.0293657], [13.312395, 53.0293837], [13.3126487, 53.0294057], [13.3126325, 53.0294878], [13.3136653, 53.029561], [13.3137027, 53.0293888], [13.3146372, 53.0294484], [13.3148121, 53.0295053], [13.3148648, 53.029596], [13.3150485, 53.0291378], [13.3148853, 53.0293096], [13.3129709, 53.029169]]]}}, {"type": "Feature", "properties": {"seamark_type": "harbour", "name": "Østhavn", "osm_id": 116537090}, "geometry": {"type": "Polygon", "coordinates": [[[10.0167928, 55.7158875], [10.0162472, 55.7163418], [10.0170709, 55.7167462], [10.0175407, 55.7168029], [10.0191757, 55.7164744], [10.0195216, 55.7164071], [10.0197903, 55.7162298], [10.0198845, 55.7159897], [10.0197853, 55.7157631], [10.0191076, 55.7152452], [10.0190865, 55.7152496], [10.019038, 55.7152601], [10.0185069, 55.7153734], [10.0184756, 55.7153863], [10.0184307, 55.7154049], [10.0183165, 55.7154522], [10.0181503, 55.7153675], [10.0179556, 55.7154521], [10.0178392, 55.7153669], [10.0174416, 55.715628], [10.0169174, 55.715977], [10.0167928, 55.7158875]]]}}, {"type": "Feature", "properties": {"seamark_type": "harbour", "name": "Angel- und Sportverein Franzenshöhe e.V.", "osm_id": 116723699}, "geometry": {"type": "Polygon", "coordinates": [[[13.1032867, 54.2906053], [13.1034255, 54.2906089], [13.1054514, 54.2906608], [13.1057991, 54.2905581], [13.1059189, 54.2905464], [13.1059143, 54.2894453], [13.1052236, 54.2895635], [13.1040598, 54.2899926], [13.10395, 54.2899957], [13.1037779, 54.2900079], [13.1035783, 54.2899766], [13.1034765, 54.2899478], [13.1033258, 54.2898801], [13.1031946, 54.2898672], [13.1032191, 54.2899499], [13.1031354, 54.2899647], [13.1030225, 54.2905958], [13.1032867, 54.2906053]]]}}, {"type": "Feature", "properties": {"seamark_type": "harbour", "name": "Kolding Marina Nord", "osm_id": 118700947}, "geometry": {"type": "Polygon", "coordinates": [[[9.4983778, 55.4942548], [9.4983147, 55.4943528], [9.4982638, 55.4944318], [9.4982392, 55.4944719], [9.4982252, 55.4944963], [9.4981529, 55.4946356], [9.49814, 55.4946605], [9.4980897, 55.4947365], [9.4979784, 55.4949048], [9.4979563, 55.4949295], [9.4980002, 55.4949451], [9.4979901, 55.4949656], [9.4979294, 55.4950718], [9.4978904, 55.4950798], [9.4977476, 55.495316], [9.4977341, 55.4953353], [9.497751, 55.4953401], [9.497704, 55.4954328], [9.49777, 55.4954538], [9.4977538, 55.4954779], [9.4977437, 55.4954929], [9.4977309, 55.4955119], [9.4977111, 55.495542], [9.4976992, 55.4955601], [9.4976864, 55.4955796], [9.4976007, 55.495558], [9.4976033, 55.4955679], [9.4976151, 55.4956017], [9.4978303, 55.4957139], [9.4979003, 55.4957504], [9.4982873, 55.4959937], [9.4983139, 55.4960104], [9.49835, 55.4960331], [9.4987921, 55.4965073], [9.4989967, 55.4968376], [9.5006135, 55.4963678], [9.5010548, 55.4957811], [9.5010708, 55.49576], [9.5021656, 55.4943253], [9.5021026, 55.4934327], [9.5012438, 55.493516], [9.5011647, 55.4940418], [9.5008374, 55.4945432], [9.4985095, 55.4941008], [9.4984003, 55.494217], [9.4983926, 55.4942354], [9.4983778, 55.4942548]]]}}, {"type": "Feature", "properties": {"seamark_type": "harbour", "name": "Kolding Marina Syd", "osm_id": 118700948}, "geometry": {"type": "Polygon", "coordinates": [[[9.501656, 55.4894619], [9.5014088, 55.4896328], [9.501293, 55.4898689], [9.4975013, 55.4893266], [9.4970398, 55.4891455], [9.4969283, 55.4890979], [9.4972408, 55.4889053], [9.4972039, 55.4888856], [9.497215, 55.4888707], [9.4972254, 55.4888624], [9.4972327, 55.4888566], [9.4979112, 55.4883119], [9.4980488, 55.4882046], [9.4981429, 55.4881742], [9.4982409, 55.4881516], [9.4983686, 55.4881427], [9.4983772, 55.4881425], [9.4983854, 55.4881423], [9.49893, 55.4881046], [9.4989489, 55.4881102], [9.4994116, 55.4882488], [9.4994233, 55.4882518], [9.499435, 55.4882548], [9.4997396, 55.4883332], [9.4999361, 55.4883717], [9.4999631, 55.4883734], [9.5005123, 55.4884072], [9.5005169, 55.4884075], [9.5005348, 55.4884062], [9.5009367, 55.4883772], [9.5010383, 55.4883729], [9.5012135, 55.4883637], [9.5012445, 55.4883587], [9.5015634, 55.4883728], [9.5015438, 55.4884201], [9.5015752, 55.4884244], [9.5016077, 55.4884288], [9.5016566, 55.4884355], [9.5017287, 55.4884453], [9.5018032, 55.4884555], [9.5018522, 55.4884622], [9.5018896, 55.4884673], [9.5019253, 55.4884722], [9.5019536, 55.4884048], [9.5020297, 55.4884189], [9.5020526, 55.4884225], [9.5020711, 55.4884255], [9.501656, 55.4894619]]]}}, {"type": "Feature", "properties": {"seamark_type": "harbour", "name": "Skaven Lystbådehavn", "osm_id": 118757048}, "geometry": {"type": "Polygon", "coordinates": [[[8.3583773, 55.8935613], [8.3583634, 55.8934951], [8.3584151, 55.8934989], [8.3584908, 55.8934932], [8.3585472, 55.8934763], [8.3585887, 55.8934575], [8.3586062, 55.8934319], [8.3586035, 55.8933981], [8.3586129, 55.8933519], [8.358637, 55.893312], [8.3587229, 55.8932398], [8.3588777, 55.8931458], [8.3581924, 55.8928924], [8.3581227, 55.8927375], [8.3582327, 55.8926367], [8.3575784, 55.8922501], [8.3579732, 55.8919859], [8.3591257, 55.8924635], [8.3593445, 55.8922569], [8.359606, 55.8921765], [8.3599895, 55.8922088], [8.361403, 55.8928097], [8.3613709, 55.8931496], [8.3611777, 55.8933082], [8.3605169, 55.8938322], [8.3605025, 55.8938352], [8.3604871, 55.8938354], [8.3598943, 55.8936004], [8.3595074, 55.8934387], [8.3591567, 55.8933037], [8.3591379, 55.8933003], [8.3591185, 55.8933022], [8.359032, 55.8933481], [8.3589616, 55.893397], [8.3588898, 55.8934537], [8.3588094, 55.8935098], [8.3587108, 55.8935583], [8.3585599, 55.8936241], [8.3583773, 55.8935613]]]}}, {"type": "Feature", "properties": {"seamark_type": "harbour", "name": "Sporthafen Stickenhörn", "osm_id": 118757828}, "geometry": {"type": "Polygon", "coordinates": [[[10.1697024, 54.38118], [10.1693848, 54.3813867], [10.1682839, 54.3810937], [10.1682451, 54.3810836], [10.1679559, 54.3814188], [10.1677975, 54.3816202], [10.1675623, 54.3819436], [10.1672886, 54.3822467], [10.1667963, 54.3828895], [10.1665766, 54.3831617], [10.1663151, 54.3834544], [10.1660843, 54.3837573], [10.1658581, 54.3840603], [10.1656815, 54.3843095], [10.165462, 54.3845946], [10.1668249, 54.3849469], [10.166987, 54.3849798], [10.1671444, 54.3849596], [10.1672887, 54.3848943], [10.1699278, 54.38157], [10.1697024, 54.38118]]]}}, {"type": "Feature", "properties": {"seamark_type": "harbour", "name": "Sporthafen Reventlou", "osm_id": 118757831}, "geometry": {"type": "Polygon", "coordinates": [[[10.1528612, 54.3325761], [10.1527672, 54.3324681], [10.1520645, 54.3326845], [10.1519526, 54.3327439], [10.1519391, 54.332751], [10.1527336, 54.3336259], [10.1531879, 54.3334856], [10.1531268, 54.333416], [10.1532066, 54.3333896], [10.1535095, 54.3332972], [10.1528612, 54.3325761]]]}}, {"type": "Feature", "properties": {"seamark_type": "harbour", "name": "Sporthafen Blücherbrücke", "osm_id": 118757839}, "geometry": {"type": "Polygon", "coordinates": [[[10.1569602, 54.3355951], [10.1567829, 54.3354526], [10.1559285, 54.3358702], [10.1569377, 54.3367758], [10.1570477, 54.3368782], [10.1573073, 54.3368202], [10.1575187, 54.3367497], [10.1576615, 54.3366817], [10.1576791, 54.3366935], [10.1577432, 54.3366532], [10.1574885, 54.3362942], [10.1573874, 54.3362414], [10.157301, 54.3361317], [10.1573029, 54.336052], [10.1569602, 54.3355951]]]}}, {"type": "Feature", "properties": {"seamark_type": "harbour", "name": "Sporthafen Seeburg", "osm_id": 118757852}, "geometry": {"type": "Polygon", "coordinates": [[[10.1477439, 54.3285042], [10.1480388, 54.3284163], [10.1480133, 54.3283767], [10.1484122, 54.328232], [10.1478086, 54.327753], [10.1477284, 54.3277761], [10.1476352, 54.3278029], [10.1475446, 54.3276967], [10.1472575, 54.3277814], [10.1472286, 54.32779], [10.1472725, 54.3278443], [10.1472242, 54.3278576], [10.1477439, 54.3285042]]]}}, {"type": "Feature", "properties": {"seamark_type": "harbour", "name": "Yachthafen Holtenau", "osm_id": 118876019}, "geometry": {"type": "Polygon", "coordinates": [[[10.1476738, 54.3687801], [10.1447966, 54.3691556], [10.1435423, 54.3692974], [10.1436088, 54.3694328], [10.1437445, 54.3694204], [10.145511, 54.3692105], [10.1468549, 54.3690488], [10.1477316, 54.368926], [10.1476738, 54.3687801]]]}}, {"type": "Feature", "properties": {"seamark_type": "harbour", "name": "Olympiahafen Schilksee", "osm_id": 118876027}, "geometry": {"type": "Polygon", "coordinates": [[[10.1731437, 54.4278521], [10.1728623, 54.4281249], [10.1726282, 54.4280761], [10.1716222, 54.427868], [10.1716169, 54.4278753], [10.171153, 54.4284276], [10.1710422, 54.4283979], [10.1710252, 54.4284193], [10.1707694, 54.4287212], [10.1704151, 54.4291364], [10.1702659, 54.4293158], [10.1701167, 54.4294984], [10.1698771, 54.4297987], [10.1703427, 54.4299218], [10.170356, 54.4299336], [10.1703544, 54.4299465], [10.1705377, 54.4299936], [10.1704787, 54.4300714], [10.1703557, 54.4302336], [10.1701105, 54.4301711], [10.1697038, 54.4306689], [10.1695575, 54.4306449], [10.1694674, 54.4309176], [10.1693452, 54.4313127], [10.1690952, 54.431294], [10.168724, 54.4328018], [10.1711883, 54.4326674], [10.1719765, 54.4324207], [10.1734228, 54.430381], [10.1723966, 54.4300888], [10.1726639, 54.429725], [10.1730701, 54.4284876], [10.1735671, 54.4279591], [10.1731437, 54.4278521]]]}}, {"type": "Feature", "properties": {"seamark_type": "harbour", "name": "Sporthafen Wik", "osm_id": 118876032}, "geometry": {"type": "Polygon", "coordinates": [[[10.1439909, 54.3525983], [10.1459969, 54.3515608], [10.1448212, 54.3508136], [10.1428351, 54.3519169], [10.1439909, 54.3525983]]]}}, {"type": "Feature", "properties": {"seamark_type": "harbour", "name": "Plöner Segler-Verein von 1908 e.V.", "osm_id": 119765593}, "geometry": {"type": "Polygon", "coordinates": [[[10.4258486, 54.1599205], [10.4267617, 54.1598393], [10.4266472, 54.1593701], [10.4267221, 54.1593504], [10.4267858, 54.159326], [10.4268424, 54.1592906], [10.4268901, 54.159257], [10.4269817, 54.1589199], [10.4266096, 54.1588813], [10.4261398, 54.1589085], [10.4252667, 54.1590392], [10.4249331, 54.1593273], [10.4249453, 54.1593671], [10.4249098, 54.1593708], [10.4250054, 54.1596855], [10.425007, 54.1596939], [10.4250156, 54.1597529], [10.4257891, 54.1596532], [10.4258321, 54.1598649], [10.4258486, 54.1599205]]]}}, {"type": "Feature", "properties": {"seamark_type": "harbour", "name": "Allround Watersport Meerwijck", "osm_id": 121483291}, "geometry": {"type": "Polygon", "coordinates": [[[6.7059654, 53.1426532], [6.7058734, 53.142771], [6.7062144, 53.1428932], [6.70558, 53.1434935], [6.7063887, 53.1437974], [6.706343, 53.1438406], [6.7063827, 53.1438541], [6.7064235, 53.1438679], [6.7064746, 53.1438215], [6.7067385, 53.1439162], [6.706972, 53.143699], [6.7074071, 53.1438541], [6.7075602, 53.143848], [6.7080124, 53.143828], [6.708392, 53.1438147], [6.7087508, 53.1438011], [6.7090627, 53.1437904], [6.7093781, 53.1437791], [6.7095608, 53.1437744], [6.7096424, 53.1437716], [6.7096438, 53.1437543], [6.7096451, 53.1437376], [6.7096699, 53.1437369], [6.7096072, 53.143173], [6.7075742, 53.143253], [6.7059654, 53.1426532]]]}}, {"type": "Feature", "properties": {"seamark_type": "harbour", "name": "Jachthaven Zuidbroek", "osm_id": 121816876}, "geometry": {"type": "Polygon", "coordinates": [[[6.8624819, 53.161224], [6.8624319, 53.161251], [6.8623881, 53.1612493], [6.8623688, 53.1612169], [6.8623853, 53.1611662], [6.8618502, 53.1611508], [6.8617884, 53.1614706], [6.8623023, 53.1615081], [6.862321, 53.1614119], [6.8623714, 53.1613978], [6.8624119, 53.161413], [6.862431, 53.1614386], [6.8624819, 53.161224]]]}}, {"type": "Feature", "properties": {"seamark_type": "harbour", "name": "Alter Fischereihafen", "osm_id": 125288204}, "geometry": {"type": "Polygon", "coordinates": [[[8.7092809, 53.8676516], [8.7091368, 53.8675459], [8.7082506, 53.8671415], [8.7080545, 53.8670453], [8.707932, 53.8669765], [8.7076532, 53.8667584], [8.7076086, 53.8667752], [8.7073699, 53.8665985], [8.7071758, 53.866454], [8.7065694, 53.8659965], [8.7055301, 53.8652136], [8.7048712, 53.8647117], [8.7042901, 53.864277], [8.7041381, 53.8641511], [8.7040165, 53.8640485], [8.7039262, 53.8639558], [8.7038656, 53.8638817], [8.7036657, 53.8636073], [8.7039753, 53.8634665], [8.7044296, 53.8632599], [8.7097015, 53.8672801], [8.7098401, 53.8673828], [8.7097415, 53.8674364], [8.7097313, 53.8674275], [8.7096791, 53.8674504], [8.7095319, 53.867518], [8.7094157, 53.8675714], [8.7093726, 53.8675945], [8.7092809, 53.8676516]]]}}, {"type": "Feature", "properties": {"seamark_type": "harbour", "name": "Segelclub HK", "osm_id": 125436607}, "geometry": {"type": "Polygon", "coordinates": [[[8.3041672, 54.8571792], [8.3062421, 54.8567834], [8.3061129, 54.8565409], [8.3042856, 54.8569077], [8.3040247, 54.8570436], [8.3041672, 54.8571792]]]}}, {"type": "Feature", "properties": {"seamark_type": "harbour", "name": "Skjern Bådehavn", "osm_id": 126710930}, "geometry": {"type": "Polygon", "coordinates": [[[8.4993911, 55.9294933], [8.4999056, 55.9297563], [8.4997176, 55.9299174], [8.4997098, 55.9299624], [8.4997527, 55.9300248], [8.5001698, 55.9301796], [8.5003207, 55.9301964], [8.5006575, 55.9301898], [8.5008739, 55.9302179], [8.5010587, 55.930278], [8.5013394, 55.9304017], [8.5018824, 55.9306641], [8.5020622, 55.9307767], [8.5022472, 55.931018], [8.5023169, 55.9311991], [8.5023312, 55.9314238], [8.5022572, 55.9315814], [8.5021512, 55.9317316], [8.5025287, 55.9318177], [8.5026374, 55.9318241], [8.5027401, 55.9318154], [8.502907, 55.931758], [8.5030498, 55.9315219], [8.5030276, 55.931421], [8.5029887, 55.9312443], [8.5029412, 55.9310657], [8.5028145, 55.9310428], [8.5027461, 55.9309759], [8.5024591, 55.9308437], [8.5022418, 55.930704], [8.50205, 55.9305635], [8.5017174, 55.9304125], [8.5016356, 55.9302765], [8.5014532, 55.9301518], [8.5013889, 55.9299686], [8.501181, 55.929849], [8.5009973, 55.9297889], [8.5007425, 55.9297588], [8.5002335, 55.9297608], [8.5001733, 55.9297484], [8.5000407, 55.92969], [8.499622, 55.9294503], [8.4993911, 55.9294933]]]}}, {"type": "Feature", "properties": {"seamark_type": "harbour", "name": "Motorboot Club Groningen", "osm_id": 127077120}, "geometry": {"type": "Polygon", "coordinates": [[[6.5930806, 53.2228976], [6.5935261, 53.222363], [6.5940097, 53.2217689], [6.5940606, 53.2217224], [6.5941284, 53.221738], [6.5945251, 53.2218514], [6.5946173, 53.2218774], [6.5947965, 53.2219284], [6.5948852, 53.2222443], [6.5948391, 53.2222464], [6.5945628, 53.2223469], [6.5943365, 53.2225941], [6.5941617, 53.2228205], [6.593873, 53.2231402], [6.5930806, 53.2228976]]]}}, {"type": "Feature", "properties": {"seamark_type": "harbour", "name": "Jachthaven Reitdiep", "osm_id": 127077125}, "geometry": {"type": "Polygon", "coordinates": [[[6.5235923, 53.2359434], [6.5243075, 53.2369193], [6.5251455, 53.2366908], [6.5261316, 53.235624], [6.5258363, 53.2352314], [6.5256268, 53.2352876], [6.5255025, 53.2353209], [6.5235289, 53.2358431], [6.5235923, 53.2359434]]]}}, {"type": "Feature", "properties": {"seamark_type": "harbour", "name": "Jachthaven de Rijd", "osm_id": 129916985}, "geometry": {"type": "Polygon", "coordinates": [[[6.1518851, 53.2867396], [6.1518831, 53.2867649], [6.1518815, 53.2867851], [6.1518789, 53.2868188], [6.1520501, 53.2868735], [6.1521919, 53.2869649], [6.1523866, 53.2871139], [6.1525363, 53.2872747], [6.1527598, 53.2876122], [6.1527993, 53.2876388], [6.1528524, 53.2876432], [6.1529417, 53.2876504], [6.1530258, 53.2876587], [6.1531077, 53.2876156], [6.1530502, 53.2874381], [6.1529382, 53.2872518], [6.1527005, 53.286983], [6.1525097, 53.2868298], [6.1522189, 53.2867034], [6.1522245, 53.2858191], [6.1521546, 53.2858642], [6.1521339, 53.2858648], [6.1516401, 53.2858782], [6.1511507, 53.2858961], [6.151149, 53.2858827], [6.150509, 53.2859106], [6.1504515, 53.2859295], [6.1503866, 53.2859687], [6.150327, 53.2860234], [6.1502853, 53.286086], [6.1502489, 53.2861422], [6.1501824, 53.2862528], [6.150143, 53.2863479], [6.150136, 53.2863911], [6.1501417, 53.2863998], [6.1501586, 53.2864101], [6.1501823, 53.2864195], [6.1507352, 53.2865213], [6.1509755, 53.2865685], [6.1510782, 53.286587], [6.1510934, 53.2865898], [6.1511549, 53.2866009], [6.1514591, 53.2866566], [6.15161, 53.2866676], [6.1516008, 53.2867246], [6.1518851, 53.2867396]]]}}, {"type": "Feature", "properties": {"seamark_type": "harbour", "name": "Container Terminal Tollerort", "osm_id": 131265593}, "geometry": {"type": "Polygon", "coordinates": [[[9.943299, 53.5274835], [9.9430926, 53.5275086], [9.9426177, 53.5275663], [9.9419033, 53.5275772], [9.9419766, 53.5296153], [9.9420169, 53.5306932], [9.9427739, 53.5306791], [9.9429099, 53.5308722], [9.9431264, 53.5311287], [9.9437062, 53.5319486], [9.9440246, 53.5325774], [9.9442389, 53.5331745], [9.9437271, 53.5341159], [9.9432059, 53.5350562], [9.943899, 53.5352034], [9.9437071, 53.535514], [9.9435916, 53.5356757], [9.9432831, 53.5360658], [9.94245, 53.5370902], [9.9422422, 53.5373414], [9.9419075, 53.5372902], [9.9409403, 53.5389781], [9.9439128, 53.5388747], [9.9439182, 53.5389673], [9.9441452, 53.5389589], [9.9463531, 53.5388781], [9.9472235, 53.5388461], [9.950376, 53.5349274], [9.95209, 53.5313673], [9.9535639, 53.5284007], [9.9533822, 53.5283734], [9.9533852, 53.5283554], [9.9529453, 53.5282843], [9.9529466, 53.5282272], [9.9513861, 53.5282207], [9.9514406, 53.528403], [9.9502605, 53.5287737], [9.9498825, 53.5288947], [9.9498474, 53.5288777], [9.9496362, 53.5289366], [9.9484093, 53.529273], [9.9472781, 53.529565], [9.946073, 53.5281063], [9.9458062, 53.5280016], [9.9448968, 53.5268576], [9.9454762, 53.5266944], [9.9450581, 53.5261703], [9.9443435, 53.5263699], [9.9443972, 53.5264378], [9.9444732, 53.5265297], [9.9442179, 53.5266021], [9.9442047, 53.5265856], [9.9441067, 53.5266133], [9.94412, 53.5266298], [9.9439321, 53.526683], [9.9439711, 53.5267317], [9.9439066, 53.5267498], [9.9438523, 53.5267657], [9.9438194, 53.5267251], [9.943773, 53.526625], [9.9437541, 53.5266075], [9.9437343, 53.526601], [9.9437129, 53.5265993], [9.9436008, 53.52661], [9.943553, 53.5266117], [9.9435169, 53.5266157], [9.9434803, 53.526623], [9.9434526, 53.5266302], [9.9434254, 53.5266345], [9.9434077, 53.5266355], [9.9433855, 53.526632], [9.9433628, 53.5266095], [9.943351, 53.5265855], [9.9433376, 53.5265736], [9.9433233, 53.5265711], [9.943304, 53.5265766], [9.943273, 53.526598], [9.9432285, 53.5266385], [9.9431974, 53.5266824], [9.9433477, 53.5270967], [9.9435811, 53.5270677], [9.9436256, 53.5271216], [9.9436903, 53.5271006], [9.9438876, 53.5273487], [9.9439153, 53.5273417], [9.9439682, 53.5274091], [9.9440112, 53.5274639], [9.9439721, 53.5274748], [9.9438156, 53.5275185], [9.9438035, 53.5275031], [9.9437121, 53.5275286], [9.9437242, 53.527544], [9.943572, 53.5275865], [9.943299, 53.5274835]]]}}, {"type": "Feature", "properties": {"seamark_type": "harbour", "name": "OSG Steg", "osm_id": 132166819}, "geometry": {"type": "Polygon", "coordinates": [[[9.9967851, 53.5592401], [9.9968683, 53.5593335], [9.9967254, 53.5593694], [9.9970006, 53.5596906], [9.997223, 53.5596269], [9.9968661, 53.5592169], [9.9968289, 53.5592275], [9.9967851, 53.5592401]]]}}, {"type": "Feature", "properties": {"seamark_type": "harbour", "name": "Segelschule Pieper", "osm_id": 132166820}, "geometry": {"type": "Polygon", "coordinates": [[[10.0046312, 53.5584518], [10.0047567, 53.5584192], [10.0047017, 53.5581646], [10.0042038, 53.557984], [10.0043178, 53.557866], [10.003806, 53.5576916], [10.0037842, 53.5576872], [10.0037598, 53.5576823], [10.0038219, 53.558032], [10.0038366, 53.5580617], [10.0040424, 53.5581293], [10.0041928, 53.5581864], [10.0044463, 53.5582882], [10.0043991, 53.5583294], [10.004377, 53.558348], [10.0046312, 53.5584518]]]}}, {"type": "Feature", "properties": {"seamark_type": "harbour", "name": null, "osm_id": 132166824}, "geometry": {"type": "Polygon", "coordinates": [[[10.0020862, 53.5668798], [10.0018819, 53.5664725], [10.0015041, 53.5665394], [10.0013197, 53.5665804], [10.0015158, 53.5668929], [10.0015488, 53.5670208], [10.001541, 53.5670967], [10.0014697, 53.5671646], [10.0014239, 53.5672494], [10.0014632, 53.5673303], [10.0014977, 53.5673261], [10.0015162, 53.5673782], [10.0015302, 53.5674212], [10.0015209, 53.5674223], [10.0015259, 53.5674839], [10.001577, 53.5675488], [10.0021657, 53.5674676], [10.0020862, 53.5668798]]]}}, {"type": "Feature", "properties": {"seamark_type": "harbour", "name": "Hansa Steg", "osm_id": 132166825}, "geometry": {"type": "Polygon", "coordinates": [[[10.009143, 53.5705929], [10.0084758, 53.5701638], [10.0092259, 53.5698145], [10.0096207, 53.5700865], [10.009143, 53.5705929]]]}}, {"type": "Feature", "properties": {"seamark_type": "harbour", "name": "Seehaus Hamburg", "osm_id": 132166827}, "geometry": {"type": "Polygon", "coordinates": [[[10.0114131, 53.5609587], [10.0122241, 53.5612667], [10.0127707, 53.5616481], [10.0130371, 53.5615163], [10.0127239, 53.5612719], [10.0128237, 53.5611199], [10.0124, 53.5607831], [10.0121129, 53.560934], [10.0116013, 53.560776], [10.0114131, 53.5609587]]]}}, {"type": "Feature", "properties": {"seamark_type": "harbour", "name": "Skansehavnen", "osm_id": 132197849}, "geometry": {"type": "Polygon", "coordinates": [[[10.5464841, 57.4507706], [10.5466014, 57.4508168], [10.5465437, 57.4508651], [10.5461588, 57.4514438], [10.5461186, 57.4514734], [10.5460851, 57.4514821], [10.5460033, 57.4514828], [10.5455828, 57.4513605], [10.5455326, 57.4513385], [10.5455178, 57.4513046], [10.5455446, 57.4512468], [10.5459174, 57.4507252], [10.5459405, 57.4506477], [10.5460046, 57.4506169], [10.5460998, 57.450609], [10.5461669, 57.4506155], [10.5462702, 57.4506566], [10.5463962, 57.4507273], [10.5464217, 57.4507634], [10.5464304, 57.4507995], [10.5464408, 57.4508083], [10.5464505, 57.4508114], [10.546468, 57.4508096], [10.5464867, 57.450802], [10.5464841, 57.4507706]]]}}, {"type": "Feature", "properties": {"seamark_type": "harbour", "name": "Solta småbåthavn", "osm_id": 132700664}, "geometry": {"type": "Polygon", "coordinates": [[[7.8063326, 58.0772065], [7.802301, 58.0771789], [7.8023202, 58.0772317], [7.8023972, 58.0772937], [7.8024809, 58.0773494], [7.8024692, 58.0774786], [7.8024524, 58.0775441], [7.8024491, 58.0776768], [7.8026533, 58.0776804], [7.8028156, 58.0777184], [7.8028625, 58.0777751], [7.802829, 58.0778335], [7.8028089, 58.0779326], [7.8026248, 58.077983], [7.8024859, 58.0779768], [7.802183, 58.0781104], [7.8020524, 58.0781556], [7.8019671, 58.0782361], [7.8018817, 58.0782812], [7.8018935, 58.0783635], [7.8021328, 58.0783626], [7.8022583, 58.0782857], [7.802501, 58.0782777], [7.8026747, 58.0783193], [7.8026549, 58.0786547], [7.802742, 58.0787529], [7.8030214, 58.0788741], [7.8031854, 58.0788777], [7.8034097, 58.078806], [7.8035202, 58.0788201], [7.8035469, 58.0791219], [7.8035218, 58.0792847], [7.8034649, 58.0794599], [7.8033846, 58.0796493], [7.8033578, 58.0798395], [7.8033343, 58.0801634], [7.8048427, 58.0801987], [7.8049419, 58.0784281], [7.8050625, 58.0784198], [7.8049814, 58.0794153], [7.8055988, 58.0794583], [7.8057766, 58.0794995], [7.8057739, 58.0795804], [7.8058732, 58.0795832], [7.8059043, 58.0794987], [7.8061093, 58.07944], [7.8061361, 58.0793095], [7.8061897, 58.0793095], [7.8062327, 58.0786316], [7.806281, 58.0781678], [7.8062542, 58.0780629], [7.8063077, 58.07767], [7.8063326, 58.0772065]]]}}, {"type": "Feature", "properties": {"seamark_type": "harbour", "name": "Stauning Havn", "osm_id": 133336541}, "geometry": {"type": "Polygon", "coordinates": [[[8.3723173, 55.9551721], [8.3735205, 55.954661], [8.3723913, 55.9539652], [8.3720181, 55.9537849], [8.3717456, 55.9535181], [8.3706392, 55.9530277], [8.3694357, 55.9523843], [8.3693311, 55.952296], [8.3691873, 55.9523629], [8.3689892, 55.9521597], [8.3683499, 55.9515189], [8.3682838, 55.9514536], [8.3682538, 55.951424], [8.3676578, 55.9516421], [8.3684586, 55.9523596], [8.3684149, 55.952709], [8.3696009, 55.9532629], [8.3695992, 55.9532691], [8.3690987, 55.9535757], [8.3703531, 55.9542228], [8.3714116, 55.9547513], [8.3709432, 55.9550342], [8.3715923, 55.9553708], [8.3721898, 55.9551664], [8.3723173, 55.9551721]]]}}, {"type": "Feature", "properties": {"seamark_type": "harbour", "name": "Ramløse Havn", "osm_id": 135231773}, "geometry": {"type": "Polygon", "coordinates": [[[12.1092054, 56.001068], [12.1096178, 56.0009709], [12.1095584, 56.0008275], [12.1105284, 56.000682], [12.1105383, 56.0006929], [12.1109157, 56.0011108], [12.1107639, 56.0011646], [12.1107655, 56.0015388], [12.1107717, 56.0015643], [12.1108755, 56.0019928], [12.1110087, 56.0023264], [12.1100372, 56.002446], [12.1095135, 56.0022597], [12.1093989, 56.001979], [12.1092501, 56.0016957], [12.108635, 56.0012737], [12.1086815, 56.0011698], [12.1089294, 56.0010658], [12.1090518, 56.0010597], [12.1092054, 56.001068]]]}}, {"type": "Feature", "properties": {"seamark_type": "harbour", "name": "Stadshaven Appingedam", "osm_id": 137386068}, "geometry": {"type": "Polygon", "coordinates": [[[6.8570628, 53.3190921], [6.8573855, 53.3191722], [6.8577372, 53.31924], [6.8577583, 53.3190934], [6.8577763, 53.3189787], [6.8580845, 53.318987], [6.8580988, 53.318841], [6.858133, 53.3184874], [6.8574213, 53.3184688], [6.857332, 53.3186616], [6.8572057, 53.3189739], [6.8570628, 53.3190921]]]}}, {"type": "Feature", "properties": {"seamark_type": "harbour", "name": "Søndre Bådehavn", "osm_id": 137989797}, "geometry": {"type": "Polygon", "coordinates": [[[14.6960981, 55.0981592], [14.6959868, 55.0980806], [14.6953499, 55.0983515], [14.6960837, 55.0987535], [14.6966305, 55.0984197], [14.6963737, 55.0983157], [14.6960435, 55.0985063], [14.6959912, 55.0984802], [14.6963213, 55.0982875], [14.6960981, 55.0981592]]]}}, {"type": "Feature", "properties": {"seamark_type": "harbour", "name": "Rønne Lystbådehavn Nørrekås", "osm_id": 137991062}, "geometry": {"type": "Polygon", "coordinates": [[[14.6948027, 55.1048768], [14.694221, 55.10451], [14.6941944, 55.1044356], [14.6941575, 55.1043293], [14.6941093, 55.1042756], [14.6940476, 55.104202], [14.6939027, 55.1041176], [14.6937217, 55.1040953], [14.6936989, 55.104057], [14.6941532, 55.1039108], [14.694078, 55.1038247], [14.6941403, 55.103808], [14.6941009, 55.1037638], [14.694039, 55.1037829], [14.6939705, 55.1037014], [14.6938622, 55.1037267], [14.6938444, 55.1037017], [14.6939886, 55.1036499], [14.6935257, 55.1032366], [14.693093, 55.1033701], [14.6935098, 55.1038164], [14.6937384, 55.1037359], [14.6937626, 55.1037528], [14.6937519, 55.1037746], [14.6936785, 55.1037903], [14.6935779, 55.1040052], [14.693604, 55.1041102], [14.6936035, 55.1041135], [14.6936005, 55.1041159], [14.6935949, 55.1041174], [14.6935898, 55.1041171], [14.693516, 55.104103], [14.6930211, 55.1037465], [14.6929591, 55.1037043], [14.6928956, 55.1036611], [14.6925442, 55.1032401], [14.6918549, 55.1034524], [14.6918904, 55.1034881], [14.6917701, 55.1035253], [14.6921606, 55.1039246], [14.6921838, 55.1039174], [14.6921888, 55.1039218], [14.6931846, 55.1040612], [14.6931913, 55.1040796], [14.6932289, 55.1041114], [14.6934927, 55.104178], [14.6935061, 55.1041561], [14.6935977, 55.1041761], [14.6936302, 55.1042054], [14.6936389, 55.1044866], [14.6937502, 55.1046708], [14.6942981, 55.1049849], [14.6942417, 55.1050187], [14.6933587, 55.1044919], [14.6929622, 55.1043022], [14.6926385, 55.1041519], [14.6924072, 55.104073], [14.6921882, 55.1040594], [14.6916948, 55.1041682], [14.6916375, 55.1041937], [14.691644, 55.104239], [14.6917305, 55.1043772], [14.6917849, 55.1043643], [14.6918049, 55.10439], [14.6917567, 55.1044], [14.6917366, 55.1044042], [14.6916918, 55.1044129], [14.6916574, 55.1044195], [14.691512, 55.1042298], [14.6914067, 55.1042413], [14.6914191, 55.1042612], [14.6913386, 55.1042741], [14.6913084, 55.1042789], [14.6912736, 55.1042845], [14.6912273, 55.1042934], [14.6911722, 55.104271], [14.6908356, 55.1043723], [14.6911565, 55.1047673], [14.6915358, 55.1050964], [14.6924981, 55.1055954], [14.6930045, 55.1058412], [14.6948027, 55.1048768]]]}}, {"type": "Feature", "properties": {"seamark_type": "harbour", "name": "Marstal Lystbådehavn", "osm_id": 140414334}, "geometry": {"type": "Polygon", "coordinates": [[[10.5231157, 54.8507715], [10.5225502, 54.8507818], [10.5225588, 54.8509025], [10.5220053, 54.8508875], [10.5220039, 54.8509236], [10.5220077, 54.8509449], [10.5223036, 54.8509685], [10.5225141, 54.8510329], [10.5227344, 54.8510481], [10.5230827, 54.8510319], [10.5230626, 54.8511899], [10.5230514, 54.8514529], [10.5232177, 54.851473], [10.5247095, 54.8512991], [10.5250054, 54.8507024], [10.52508, 54.85039], [10.5253283, 54.8498965], [10.5255213, 54.8493537], [10.5258171, 54.8488868], [10.52614, 54.84843], [10.5259007, 54.8476436], [10.525405, 54.8472597], [10.5249015, 54.8470699], [10.5242601, 54.8471531], [10.5241205, 54.8473042], [10.5233788, 54.8474097], [10.5228732, 54.8473533], [10.5221652, 54.8479367], [10.5227076, 54.8480303], [10.5231334, 54.848111], [10.5233507, 54.8482114], [10.5234338, 54.8482643], [10.523433, 54.8482937], [10.5233862, 54.8487218], [10.523344, 54.8492044], [10.5233252, 54.8493518], [10.5232206, 54.8493476], [10.5231817, 54.8493634], [10.5231757, 54.8493819], [10.5233111, 54.8494005], [10.5232977, 54.8494456], [10.5231864, 54.8494445], [10.523175, 54.8494912], [10.5231676, 54.8495677], [10.5231676, 54.8496124], [10.5232371, 54.8496342], [10.5232269, 54.8497583], [10.5231849, 54.8501671], [10.5231427, 54.8505677], [10.5231187, 54.8507578], [10.5231157, 54.8507715]]]}}, {"type": "Feature", "properties": {"seamark_type": "harbour", "name": "Maasholm", "osm_id": 140432074}, "geometry": {"type": "Polygon", "coordinates": [[[9.9928439, 54.6823605], [9.9928228, 54.68224], [9.9927819, 54.6820066], [9.9927394, 54.6817645], [9.9926905, 54.6814859], [9.9926751, 54.6813984], [9.9914322, 54.6814569], [9.9913396, 54.6814621], [9.9912562, 54.6814668], [9.9912213, 54.6817816], [9.9911492, 54.6824319], [9.9924226, 54.6823662], [9.9924254, 54.6823834], [9.9928439, 54.6823605]]]}}, {"type": "Feature", "properties": {"seamark_type": "anchorage", "name": null, "osm_id": 140480375}, "geometry": {"type": "Polygon", "coordinates": [[[10.1600119, 54.3687592], [10.1701867, 54.37906], [10.1790167, 54.3854667], [10.1879833, 54.3854667], [10.1706167, 54.3692383], [10.1600119, 54.3687592]]]}}, {"type": "Feature", "properties": {"seamark_type": "harbour", "name": "Ruderclub Allemannia", "osm_id": 142692919}, "geometry": {"type": "Polygon", "coordinates": [[[10.0074044, 53.5596716], [10.0072513, 53.5596207], [10.0067584, 53.5594569], [10.0069202, 53.559285], [10.00717, 53.559368], [10.0072396, 53.5592942], [10.0073801, 53.5593408], [10.0074522, 53.5592643], [10.0076303, 53.5593234], [10.007708, 53.5593492], [10.0076157, 53.5594472], [10.0074745, 53.5595971], [10.0074044, 53.5596716]]]}}, {"type": "Feature", "properties": {"seamark_type": "harbour", "name": "Wasserwanderrastplatz Anklam", "osm_id": 143689731}, "geometry": {"type": "Polygon", "coordinates": [[[13.6778217, 53.8562786], [13.6784335, 53.8562441], [13.678431, 53.8561868], [13.6779336, 53.8561131], [13.6779193, 53.8558305], [13.6777083, 53.8558273], [13.6770119, 53.8558089], [13.6768989, 53.8558563], [13.6766836, 53.8559885], [13.6765577, 53.8561328], [13.6765648, 53.8563478], [13.6767328, 53.8563311], [13.6776179, 53.8562884], [13.6777262, 53.8562832], [13.6778217, 53.8562786]]]}}, {"type": "Feature", "properties": {"seamark_type": "harbour", "name": null, "osm_id": 143832204}, "geometry": {"type": "Polygon", "coordinates": [[[8.5563429, 53.5597638], [8.5553135, 53.5608459], [8.5543158, 53.5618402], [8.5537011, 53.5624841], [8.5535396, 53.5627586], [8.5534556, 53.5630828], [8.5532015, 53.5643705], [8.5524271, 53.568295], [8.5524716, 53.5682999], [8.5523428, 53.5708345], [8.5524794, 53.5709198], [8.5528885, 53.5711752], [8.5528801, 53.5712116], [8.5528241, 53.5714585], [8.5527693, 53.5717504], [8.5527477, 53.5717809], [8.5527004, 53.5718044], [8.551658, 53.5720237], [8.551099, 53.5720443], [8.5510888, 53.5719381], [8.550577, 53.5719589], [8.5505531, 53.571999], [8.5505585, 53.5720665], [8.5503728, 53.5720743], [8.5503457, 53.5719078], [8.5503407, 53.5718702], [8.5503352, 53.5718286], [8.5499031, 53.5684968], [8.5498994, 53.5684596], [8.5510611, 53.5684046], [8.5510687, 53.567988], [8.5510774, 53.5674886], [8.5511255, 53.5671222], [8.5512076, 53.5666517], [8.5516846, 53.5642507], [8.5512796, 53.5642285], [8.5513896, 53.5636633], [8.5515371, 53.5633237], [8.551977, 53.5627438], [8.5538705, 53.5605924], [8.5547645, 53.5609244], [8.5550724, 53.5606786], [8.5552474, 53.5604989], [8.5554857, 53.5602409], [8.5560936, 53.5595627], [8.5536039, 53.558752], [8.5557746, 53.5564714], [8.5560137, 53.5565612], [8.5578075, 53.5546498], [8.558157, 53.554624], [8.5582665, 53.554669], [8.5584204, 53.5556361], [8.5585138, 53.5563324], [8.5587199, 53.5563233], [8.558853, 53.5563175], [8.5588603, 53.5563821], [8.5588666, 53.5564364], [8.5588715, 53.5564793], [8.5592649, 53.5592208], [8.5592723, 53.5592739], [8.5592793, 53.5593192], [8.5592853, 53.5593589], [8.5581376, 53.5594112], [8.5581468, 53.5594965], [8.558223, 53.5601896], [8.5570553, 53.5602405], [8.5569192, 53.5600807], [8.5566314, 53.55977], [8.5565596, 53.5597685], [8.5563429, 53.5597638]]]}}, {"type": "Feature", "properties": {"seamark_type": "harbour", "name": "Hafen Salem", "osm_id": 144195898}, "geometry": {"type": "Polygon", "coordinates": [[[12.8140288, 53.7941222], [12.813937, 53.7940721], [12.8138522, 53.7940638], [12.8136616, 53.7939387], [12.8134193, 53.7937565], [12.8133509, 53.7937051], [12.8129822, 53.793443], [12.8132973, 53.793304], [12.8134319, 53.7932446], [12.8140885, 53.792994], [12.8149007, 53.7926606], [12.8148524, 53.7925934], [12.8148175, 53.7925182], [12.81479, 53.7923855], [12.8149856, 53.7923952], [12.8149806, 53.7924984], [12.815062, 53.7925862], [12.8153687, 53.7925699], [12.8158511, 53.7926525], [12.8158339, 53.792702], [12.8160195, 53.792912], [12.815998, 53.7929385], [12.8155031, 53.7931672], [12.81526, 53.7932698], [12.8148878, 53.7936041], [12.8149143, 53.7936267], [12.8150438, 53.7937239], [12.8142335, 53.7941055], [12.814177, 53.7940721], [12.8140676, 53.794143], [12.8140288, 53.7941222]]]}}, {"type": "Feature", "properties": {"seamark_type": "harbour", "name": "Sporthafen Dietrichsdorf", "osm_id": 144949009}, "geometry": {"type": "Polygon", "coordinates": [[[10.1746925, 54.3309023], [10.1748181, 54.3311166], [10.1753821, 54.3308399], [10.1758252, 54.3307024], [10.1759793, 54.3306285], [10.1764887, 54.3305215], [10.1767111, 54.3304653], [10.1769428, 54.3303975], [10.1771868, 54.3303344], [10.1771965, 54.3303309], [10.1772382, 54.3303156], [10.1773573, 54.3301868], [10.1775881, 54.3300757], [10.1779514, 54.3300073], [10.1785125, 54.329962], [10.1784439, 54.3297363], [10.1783967, 54.3295936], [10.1782884, 54.3296033], [10.1782775, 54.3295832], [10.1782314, 54.3295458], [10.178166, 54.3294286], [10.1773844, 54.3294888], [10.1750739, 54.3300778], [10.1742243, 54.3303453], [10.1746925, 54.3309023]]]}}, {"type": "Feature", "properties": {"seamark_type": "harbour", "name": "Karrebæksminde Lystbådehavn", "osm_id": 146786950}, "geometry": {"type": "Polygon", "coordinates": [[[11.6430621, 55.1757409], [11.6465532, 55.1764117], [11.646569, 55.1763829], [11.6466931, 55.1761573], [11.6467062, 55.1761336], [11.6467626, 55.176031], [11.6467731, 55.1760119], [11.6467118, 55.175971], [11.6429703, 55.1752755], [11.6428964, 55.1756113], [11.6430621, 55.1757409]]]}}, {"type": "Feature", "properties": {"seamark_type": "harbour", "name": "Søfronten Lystbådehavn", "osm_id": 146787077}, "geometry": {"type": "Polygon", "coordinates": [[[11.6413367, 55.1761685], [11.6412736, 55.1761856], [11.6411849, 55.1761984], [11.641069, 55.1761967], [11.6409195, 55.176202], [11.6408153, 55.1762113], [11.6407239, 55.1762338], [11.6406653, 55.1762625], [11.6404223, 55.1763992], [11.6412997, 55.1769049], [11.6415476, 55.1767652], [11.6416952, 55.1767531], [11.6424358, 55.1770828], [11.6424978, 55.1771028], [11.6432253, 55.177263], [11.6432721, 55.1771914], [11.643359, 55.1771292], [11.6434303, 55.1770781], [11.6434379, 55.1770726], [11.6434507, 55.1770634], [11.6434602, 55.1770566], [11.6434794, 55.1770428], [11.643496, 55.177031], [11.643515, 55.1770174], [11.6435334, 55.1770042], [11.6436506, 55.1769202], [11.6437662, 55.1767254], [11.6433548, 55.1766311], [11.6433064, 55.17662], [11.642828, 55.1765075], [11.6427856, 55.1764978], [11.6424876, 55.1764308], [11.6424977, 55.1764141], [11.642508, 55.176392], [11.6425236, 55.1763652], [11.6418205, 55.1762551], [11.6416655, 55.1763477], [11.6416434, 55.1763703], [11.6416186, 55.1763799], [11.6415931, 55.1763799], [11.6415684, 55.1763723], [11.6415521, 55.1763455], [11.6413367, 55.1761685]]]}}, {"type": "Feature", "properties": {"seamark_type": "harbour", "name": "Karrebæksminde Inderhavn", "osm_id": 146787104}, "geometry": {"type": "Polygon", "coordinates": [[[11.6528582, 55.1777748], [11.6530258, 55.1780322], [11.6543482, 55.1783883], [11.6545174, 55.1781777], [11.6551369, 55.1783278], [11.6554104, 55.1779947], [11.655778, 55.1780934], [11.6560648, 55.177781], [11.6539943, 55.1772043], [11.6532406, 55.1767173], [11.6526465, 55.1770358], [11.6527753, 55.1771576], [11.6527136, 55.17731], [11.6523635, 55.1772595], [11.6523005, 55.1773789], [11.6525647, 55.1774839], [11.6528582, 55.1777748]]]}}, {"type": "Feature", "properties": {"seamark_type": "harbour", "name": "Kungsbacka Båtsällskap", "osm_id": 147646270}, "geometry": {"type": "Polygon", "coordinates": [[[12.0731873, 57.4755307], [12.0727791, 57.4755085], [12.0727477, 57.4755757], [12.0726699, 57.4757418], [12.0725813, 57.475931], [12.0724946, 57.4761749], [12.0724629, 57.4762637], [12.0724132, 57.4764264], [12.0723433, 57.4767398], [12.0722803, 57.4770664], [12.0722664, 57.477319], [12.0722599, 57.4774379], [12.072284, 57.4775832], [12.072346, 57.4778043], [12.0723619, 57.4778612], [12.072423, 57.4780207], [12.0725268, 57.4782389], [12.072993, 57.4781639], [12.0732665, 57.4781322], [12.0732609, 57.4759553], [12.0732124, 57.4759498], [12.0732351, 57.4755717], [12.0731873, 57.4755307]]]}}, {"type": "Feature", "properties": {"seamark_type": "harbour", "name": null, "osm_id": 147964614}, "geometry": {"type": "Polygon", "coordinates": [[[12.0379239, 55.9758918], [12.0384688, 55.9760477], [12.0387958, 55.976168], [12.0389986, 55.9762493], [12.0392741, 55.9759037], [12.0387655, 55.9754192], [12.0379239, 55.9758918]]]}}, {"type": "Feature", "properties": {"seamark_type": "harbour", "name": "Noordergat", "osm_id": 148271053}, "geometry": {"type": "Polygon", "coordinates": [[[6.2024299, 53.404987], [6.2021423, 53.4057114], [6.2033934, 53.4064755], [6.2066002, 53.4066167], [6.2065872, 53.4067898], [6.2076495, 53.4069185], [6.2078799, 53.4051185], [6.2076343, 53.4051093], [6.2076395, 53.4050734], [6.2062624, 53.4050106], [6.2053337, 53.4049663], [6.2053547, 53.4048306], [6.2030232, 53.4047307], [6.2030418, 53.4046416], [6.203093, 53.4043264], [6.202358, 53.4046036], [6.20232, 53.4046413], [6.2023044, 53.40467], [6.2022896, 53.4047094], [6.202292, 53.4047389], [6.2023151, 53.4047847], [6.2024299, 53.404987]]]}}, {"type": "Feature", "properties": {"seamark_type": "harbour", "name": "Jachthaven Lauwersmeer - Oostmahorn", "osm_id": 148271054}, "geometry": {"type": "Polygon", "coordinates": [[[6.160317, 53.3821282], [6.1604127, 53.3825999], [6.1605079, 53.3831783], [6.1599073, 53.3833793], [6.1586407, 53.383813], [6.1584715, 53.3838709], [6.1572129, 53.3842822], [6.1571503, 53.3842857], [6.1555864, 53.3826034], [6.1562892, 53.3823508], [6.1564397, 53.3822967], [6.1567835, 53.3824284], [6.1568367, 53.3824488], [6.1569487, 53.3824884], [6.1569949, 53.3825024], [6.1570406, 53.3825126], [6.1570906, 53.3825225], [6.1571163, 53.3825276], [6.1572006, 53.3825353], [6.1573037, 53.3825334], [6.1574112, 53.3825253], [6.1574334, 53.3825236], [6.1574439, 53.3825213], [6.1575279, 53.382505], [6.1576171, 53.3824713], [6.1578415, 53.3823465], [6.15785, 53.3823418], [6.1578592, 53.3823369], [6.1582815, 53.3821109], [6.1582914, 53.3821056], [6.1583003, 53.3821007], [6.1583699, 53.3820618], [6.1583799, 53.3820562], [6.1583911, 53.38205], [6.1587641, 53.3818417], [6.1587714, 53.3818376], [6.1587807, 53.3818326], [6.1591997, 53.3816021], [6.1592445, 53.3815868], [6.1592934, 53.3815728], [6.1593237, 53.3815699], [6.1593739, 53.381583], [6.1598844, 53.3818361], [6.1600664, 53.3819361], [6.160317, 53.3821282]]]}}, {"type": "Feature", "properties": {"seamark_type": "harbour", "name": "Sporthafen Wellingdorf", "osm_id": 149879548}, "geometry": {"type": "Polygon", "coordinates": [[[10.173551, 54.3290531], [10.1732976, 54.3290657], [10.1731368, 54.3290944], [10.1729257, 54.3291029], [10.1729201, 54.3290503], [10.1727269, 54.3290087], [10.1727317, 54.3289357], [10.172756, 54.3289195], [10.1725836, 54.3287948], [10.1718013, 54.3286106], [10.1717627, 54.3286724], [10.1707042, 54.3286034], [10.1705381, 54.328988], [10.1704975, 54.329072], [10.1699229, 54.3303209], [10.1703277, 54.3304072], [10.1703365, 54.3304018], [10.1704323, 54.3303988], [10.1717351, 54.330161], [10.172959, 54.3298198], [10.1729321, 54.3295867], [10.1733747, 54.329324], [10.173551, 54.3290531]]]}}, {"type": "Feature", "properties": {"seamark_type": "harbour", "name": "Weser Yacht Club Bremerhaven e. V.", "osm_id": 153145818}, "geometry": {"type": "Polygon", "coordinates": [[[8.5849263, 53.5340986], [8.5848136, 53.5343322], [8.5849223, 53.5343505], [8.5848927, 53.5344222], [8.5850617, 53.5347602], [8.585912, 53.534898], [8.5859791, 53.534761], [8.5862727, 53.5348072], [8.5864887, 53.5347929], [8.586503, 53.5348412], [8.5870024, 53.5348814], [8.5871927, 53.5353755], [8.5872745, 53.5353715], [8.5873241, 53.5353645], [8.5873403, 53.535413], [8.5878005, 53.5353519], [8.5876386, 53.5349], [8.5876511, 53.5348616], [8.5876822, 53.5348239], [8.5877567, 53.5347914], [8.5878553, 53.5344667], [8.584967, 53.5339579], [8.5848443, 53.5339379], [8.5826066, 53.5335374], [8.5825386, 53.5336911], [8.5849263, 53.5340986]]]}}, {"type": "Feature", "properties": {"seamark_type": "harbour", "name": "Binnenhaven", "osm_id": 154452292}, "geometry": {"type": "Polygon", "coordinates": [[[6.2987618, 53.3372644], [6.2983971, 53.3370725], [6.2986892, 53.3368779], [6.2995505, 53.3363022], [6.2998682, 53.336098], [6.2998845, 53.336103], [6.2999957, 53.3360405], [6.3000703, 53.3359864], [6.3000931, 53.3359522], [6.3003772, 53.3361444], [6.3001322, 53.3363282], [6.2995279, 53.3367464], [6.2987618, 53.3372644]]]}}, {"type": "Feature", "properties": {"seamark_type": "harbour", "name": "Hunemanhaven", "osm_id": 154454031}, "geometry": {"type": "Polygon", "coordinates": [[[6.2980402, 53.337464], [6.2976916, 53.3372874], [6.2981063, 53.3369954], [6.2982791, 53.3371072], [6.2983852, 53.3371768], [6.2983828, 53.3372004], [6.2983619, 53.3372221], [6.2981165, 53.3374089], [6.2980402, 53.337464]]]}}, {"type": "Feature", "properties": {"seamark_type": "harbour", "name": "Yachthafen des Wilhelmshavener Segelclub", "osm_id": 154678112}, "geometry": {"type": "Polygon", "coordinates": [[[8.0518354, 53.6362531], [8.0522151, 53.6363373], [8.0524629, 53.6365346], [8.0526475, 53.636617], [8.0527955, 53.6366492], [8.052907, 53.6366609], [8.0530649, 53.6366701], [8.0534898, 53.6365914], [8.053772, 53.6365239], [8.0536596, 53.6356701], [8.0523262, 53.6350826], [8.0513951, 53.6349555], [8.0510676, 53.6352099], [8.0509967, 53.6353374], [8.050946, 53.6354286], [8.0508849, 53.6356971], [8.0507537, 53.6359519], [8.0507908, 53.6360325], [8.0509141, 53.6361225], [8.0512451, 53.6361807], [8.0518354, 53.6362531]]]}}, {"type": "Feature", "properties": {"seamark_type": "harbour", "name": "Werft Hooksiel", "osm_id": 154679373}, "geometry": {"type": "Polygon", "coordinates": [[[8.0790851, 53.6413671], [8.0788576, 53.6412737], [8.0778706, 53.6409132], [8.0774017, 53.6407392], [8.0773348, 53.6407157], [8.0770539, 53.6406561], [8.0761478, 53.6403619], [8.0760025, 53.6401953], [8.0759975, 53.6401388], [8.0759892, 53.6400691], [8.07609, 53.6397762], [8.0781477, 53.6404435], [8.0782392, 53.6404811], [8.079619, 53.6411419], [8.0796908, 53.641172], [8.0790851, 53.6413671]]]}}, {"type": "Feature", "properties": {"seamark_type": "harbour", "name": "WSV Hooksiel", "osm_id": 155415564}, "geometry": {"type": "Polygon", "coordinates": [[[8.0407108, 53.6319484], [8.0403384, 53.632009], [8.0403121, 53.6319528], [8.0398704, 53.6320329], [8.0398456, 53.6319876], [8.0398148, 53.6319406], [8.039868, 53.6319141], [8.0398151, 53.6318876], [8.0397407, 53.6318865], [8.0393946, 53.6318394], [8.038868, 53.6317279], [8.0386048, 53.6316721], [8.0383168, 53.6315916], [8.038281, 53.6315767], [8.0382535, 53.6315653], [8.0380553, 53.631483], [8.0383112, 53.6309393], [8.0385806, 53.6309636], [8.0392423, 53.63104], [8.0399802, 53.6311337], [8.0407825, 53.6314428], [8.0407108, 53.6319484]]]}}, {"type": "Feature", "properties": {"seamark_type": "harbour", "name": "Marina Hooksiel", "osm_id": 155415567}, "geometry": {"type": "Polygon", "coordinates": [[[8.0445262, 53.635782], [8.0444577, 53.6356263], [8.0443961, 53.635545], [8.0443658, 53.6354737], [8.0443928, 53.6353143], [8.0445868, 53.6347454], [8.0448371, 53.6345873], [8.0451813, 53.6345578], [8.0453738, 53.634437], [8.0454477, 53.6342442], [8.0454136, 53.6341206], [8.0452745, 53.6340591], [8.0451235, 53.6340559], [8.0445339, 53.6340789], [8.0439051, 53.6340024], [8.0428297, 53.6338853], [8.0426934, 53.6338415], [8.0424339, 53.6337047], [8.0421798, 53.6335612], [8.0420632, 53.6334769], [8.0420028, 53.633331], [8.0420185, 53.6331699], [8.0421789, 53.6330484], [8.0423658, 53.6329628], [8.0426293, 53.6328421], [8.0426647, 53.6328259], [8.0426918, 53.632711], [8.0426647, 53.6325654], [8.0425442, 53.6324827], [8.0424441, 53.6324139], [8.0420509, 53.6322274], [8.0421778, 53.632147], [8.0428237, 53.6325055], [8.0429728, 53.6326774], [8.0429314, 53.6328198], [8.0442233, 53.6329377], [8.0441239, 53.6333403], [8.0451674, 53.633414], [8.0459707, 53.6332961], [8.0462937, 53.6336448], [8.0466084, 53.6342979], [8.0466581, 53.6347889], [8.0464925, 53.6353929], [8.0462854, 53.6358643], [8.0449852, 53.635663], [8.0445262, 53.635782]]]}}, {"type": "Feature", "properties": {"seamark_type": "anchorage", "name": "Neuwerk-Reede", "osm_id": 155953614}, "geometry": {"type": "Polygon", "coordinates": [[[8.5404167, 53.9613333], [8.5032433, 53.9632933], [8.4716533, 53.969375], [8.46925, 53.9738], [8.514583, 53.968633], [8.544267, 53.9653], [8.5404167, 53.9613333]]]}}, {"type": "Feature", "properties": {"seamark_type": "harbour", "name": "Hårbølle Havn", "osm_id": 156695543}, "geometry": {"type": "Polygon", "coordinates": [[[12.1328464, 54.8911284], [12.1327355, 54.8910821], [12.1323824, 54.8908909], [12.132332, 54.8908198], [12.1323086, 54.8907868], [12.1321396, 54.8905519], [12.132167, 54.8903646], [12.1326855, 54.8900865], [12.1327252, 54.8900717], [12.1329803, 54.8899763], [12.1333481, 54.8899063], [12.1335652, 54.8898203], [12.1340277, 54.8901595], [12.1328464, 54.8911284]]]}}, {"type": "Feature", "properties": {"seamark_type": "harbour", "name": "Sportboothafen Möller", "osm_id": 156886656}, "geometry": {"type": "Polygon", "coordinates": [[[10.0813767, 53.4967599], [10.0806811, 53.4972208], [10.0809115, 53.4975277], [10.081282, 53.4979931], [10.0810737, 53.498015], [10.081228, 53.4984778], [10.0827604, 53.498295], [10.0827323, 53.4982102], [10.0845843, 53.4980016], [10.0844825, 53.4976897], [10.0839667, 53.4977879], [10.083452, 53.4979065], [10.0831594, 53.4979033], [10.0830608, 53.4977278], [10.0824124, 53.4978172], [10.0813767, 53.4967599]]]}}, {"type": "Feature", "properties": {"seamark_type": "harbour", "name": "Hamburger Yacht-Club", "osm_id": 157185584}, "geometry": {"type": "Polygon", "coordinates": [[[10.0887767, 53.4946424], [10.0880594, 53.494435], [10.0884452, 53.4940411], [10.0891031, 53.4932859], [10.0886547, 53.4931229], [10.0870619, 53.492544], [10.0865499, 53.4923579], [10.0861648, 53.4926854], [10.0863189, 53.4927462], [10.0857008, 53.49317], [10.084975, 53.4934687], [10.0847615, 53.4938059], [10.0850974, 53.4938519], [10.0856908, 53.4939331], [10.0858831, 53.4940191], [10.0854471, 53.4945546], [10.086519, 53.4950225], [10.0869234, 53.4950017], [10.0871387, 53.4947363], [10.087927, 53.4946203], [10.0887143, 53.49474], [10.0887767, 53.4946424]]]}}, {"type": "Feature", "properties": {"seamark_type": "harbour", "name": "Hafen Oortkaten", "osm_id": 157185593}, "geometry": {"type": "Polygon", "coordinates": [[[10.0962182, 53.4453323], [10.0968695, 53.4455126], [10.098259, 53.4443493], [10.099812, 53.4432321], [10.1000831, 53.4435573], [10.1004375, 53.4434536], [10.1005004, 53.4429925], [10.1003978, 53.4427335], [10.1002141, 53.4426222], [10.1001126, 53.4425745], [10.1000154, 53.4425465], [10.0999139, 53.4425299], [10.0998402, 53.4425274], [10.0997494, 53.4425287], [10.0996768, 53.4425427], [10.0995571, 53.4425764], [10.0994503, 53.4426279], [10.099367, 53.4426884], [10.0985177, 53.4434003], [10.0984414, 53.4434935], [10.0963279, 53.4452422], [10.0962182, 53.4453323]]]}}, {"type": "Feature", "properties": {"seamark_type": "harbour", "name": "Tatenberger Yacht Club", "osm_id": 158067919}, "geometry": {"type": "Polygon", "coordinates": [[[10.0922358, 53.4884548], [10.0922983, 53.4884826], [10.0923175, 53.4885191], [10.0923677, 53.4887951], [10.0923957, 53.489021], [10.0924051, 53.4890532], [10.0925036, 53.4894038], [10.0925675, 53.4895424], [10.0926574, 53.4895891], [10.0931205, 53.4895337], [10.0933219, 53.4895142], [10.0934813, 53.4894643], [10.0935681, 53.4893916], [10.093615, 53.4893208], [10.0936322, 53.4891944], [10.0936368, 53.4890447], [10.0935336, 53.4882531], [10.0934948, 53.488053], [10.0934326, 53.4877323], [10.0935128, 53.4874399], [10.0935344, 53.4871023], [10.093538, 53.4869884], [10.0934877, 53.4869196], [10.0931644, 53.4867591], [10.0930596, 53.4867483], [10.0929198, 53.4867611], [10.0928618, 53.4867798], [10.0927992, 53.4868209], [10.0924944, 53.4872096], [10.0923795, 53.4873682], [10.0923133, 53.4876064], [10.0923189, 53.4879454], [10.0922916, 53.4879682], [10.0922415, 53.4879822], [10.0922358, 53.4884548]]]}}, {"type": "Feature", "properties": {"seamark_type": "harbour", "name": null, "osm_id": 159322465}, "geometry": {"type": "Polygon", "coordinates": [[[6.7070076, 53.1407883], [6.7071205, 53.1407623], [6.7073144, 53.1408175], [6.7080805, 53.141036], [6.7080751, 53.1410426], [6.7080386, 53.141087], [6.7078722, 53.1410382], [6.7073651, 53.1415713], [6.7074004, 53.1415972], [6.7075953, 53.1416292], [6.707629, 53.1415983], [6.7077931, 53.1416481], [6.7078153, 53.1416394], [6.708045, 53.1416196], [6.708111, 53.141637], [6.7081906, 53.1415549], [6.7085286, 53.1411827], [6.7083626, 53.1411278], [6.7083389, 53.1411203], [6.7082447, 53.1410799], [6.7082404, 53.1410642], [6.7082564, 53.1409248], [6.7082508, 53.1409156], [6.7071514, 53.1404879], [6.7070387, 53.1406206], [6.7070154, 53.1406169], [6.7069899, 53.1406076], [6.7070076, 53.1407883]]]}}, {"type": "Feature", "properties": {"seamark_type": "harbour", "name": null, "osm_id": 159322466}, "geometry": {"type": "Polygon", "coordinates": [[[6.710499, 53.1383622], [6.7105289, 53.1383611], [6.71055, 53.1383648], [6.7105185, 53.1384277], [6.7105598, 53.1384602], [6.7105558, 53.1384669], [6.710682, 53.1384989], [6.7107188, 53.1384975], [6.7109963, 53.1384901], [6.7114897, 53.1384723], [6.71153, 53.1385237], [6.7116504, 53.1385166], [6.7116643, 53.1385112], [6.7116589, 53.1384532], [6.711679, 53.1384513], [6.7116775, 53.138434], [6.7116893, 53.1384323], [6.7116863, 53.1383916], [6.7108322, 53.138442], [6.7107341, 53.1384373], [6.7107232, 53.1383374], [6.7106906, 53.1383367], [6.7106753, 53.1382577], [6.7107402, 53.1382544], [6.7108281, 53.1382461], [6.7108543, 53.1382816], [6.7113497, 53.1382498], [6.71136, 53.1381529], [6.7116346, 53.1381572], [6.711631, 53.1381969], [6.7116784, 53.1382097], [6.7117249, 53.1382], [6.7117265, 53.1381698], [6.7117574, 53.1380757], [6.7113474, 53.1381009], [6.7110906, 53.1381159], [6.7110936, 53.1381406], [6.7109578, 53.1381509], [6.7107839, 53.1381508], [6.7106582, 53.1381529], [6.7105647, 53.1380925], [6.710499, 53.1383622]]]}}, {"type": "Feature", "properties": {"seamark_type": "harbour", "name": null, "osm_id": 159322467}, "geometry": {"type": "Polygon", "coordinates": [[[6.7101196, 53.1392397], [6.7101513, 53.1391978], [6.7103436, 53.1391794], [6.7103591, 53.1392056], [6.7106174, 53.1391752], [6.7106059, 53.1391208], [6.7106523, 53.1391175], [6.7106663, 53.1391792], [6.7107006, 53.1391771], [6.7107063, 53.1392107], [6.7108039, 53.139204], [6.7115759, 53.1391494], [6.7115655, 53.1390316], [6.7115652, 53.1389906], [6.7116956, 53.1389796], [6.7116964, 53.1390347], [6.7117169, 53.1391406], [6.7128247, 53.1390632], [6.7128136, 53.1390055], [6.7128162, 53.1389785], [6.7129715, 53.1389537], [6.7129926, 53.1389434], [6.7129636, 53.1387718], [6.7129463, 53.1387574], [6.7124949, 53.1387882], [6.7125019, 53.138878], [6.7120157, 53.1389149], [6.7115606, 53.138948], [6.7115288, 53.138945], [6.7115065, 53.1387885], [6.7114865, 53.138668], [6.7113232, 53.1386724], [6.7113131, 53.1386727], [6.7113081, 53.1386729], [6.7110659, 53.1386822], [6.7110576, 53.1386825], [6.7110472, 53.1386829], [6.7107394, 53.1386891], [6.7106032, 53.1390316], [6.710601, 53.1390434], [6.7100747, 53.1390908], [6.7101196, 53.1392397]]]}}, {"type": "Feature", "properties": {"seamark_type": "harbour", "name": null, "osm_id": 159322471}, "geometry": {"type": "Polygon", "coordinates": [[[6.7070453, 53.1415101], [6.7072169, 53.141565], [6.7077587, 53.1410354], [6.7075212, 53.1409663], [6.707172, 53.1414178], [6.7071257, 53.1414082], [6.7070453, 53.1415101]]]}}, {"type": "Feature", "properties": {"seamark_type": "harbour", "name": "Marina Nordsee-Yachting", "osm_id": 159492072}, "geometry": {"type": "Polygon", "coordinates": [[[8.5760196, 53.5092917], [8.5766897, 53.5093387], [8.5775236, 53.5094052], [8.5778218, 53.5091126], [8.5782124, 53.5087874], [8.5784487, 53.5085859], [8.5786753, 53.5083832], [8.5790935, 53.5080704], [8.5792647, 53.5079358], [8.5796257, 53.5081256], [8.5798189, 53.5093506], [8.5783705, 53.5105374], [8.5773298, 53.5110223], [8.5761588, 53.510554], [8.5755469, 53.5103672], [8.5756826, 53.5102095], [8.5759805, 53.5094143], [8.5760196, 53.5092917]]]}}, {"type": "Feature", "properties": {"seamark_type": "harbour", "name": "Lloyd Marina Bremerhaven", "osm_id": 159653961}, "geometry": {"type": "Polygon", "coordinates": [[[8.5691558, 53.5477521], [8.5683094, 53.5479805], [8.5693938, 53.5468273], [8.5699423, 53.5469906], [8.570057, 53.5468763], [8.5710017, 53.5471914], [8.5679711, 53.550465], [8.567174, 53.5502144], [8.5673838, 53.5499928], [8.5676901, 53.5496693], [8.5680018, 53.5493402], [8.5683234, 53.5490005], [8.5686272, 53.5486797], [8.5688992, 53.5483944], [8.5691642, 53.5481759], [8.5692197, 53.5481125], [8.5692141, 53.548063], [8.5691156, 53.5479212], [8.5691319, 53.5478159], [8.5691558, 53.5477521]]]}}, {"type": "Feature", "properties": {"seamark_type": "harbour", "name": "Yachtclub Zollenspieker", "osm_id": 161027940}, "geometry": {"type": "Polygon", "coordinates": [[[10.1862002, 53.3987678], [10.1858664, 53.3990033], [10.185815, 53.3993685], [10.1858897, 53.3994184], [10.18669, 53.3996893], [10.187026, 53.3990693], [10.1862002, 53.3987678]]]}}, {"type": "Feature", "properties": {"seamark_type": "harbour", "name": "Museumshafen Kappeln", "osm_id": 161724469}, "geometry": {"type": "Polygon", "coordinates": [[[9.9363266, 54.6552527], [9.9369046, 54.6551505], [9.936668, 54.6539566], [9.9363032, 54.6534518], [9.9353798, 54.6537357], [9.9358524, 54.6543359], [9.9359875, 54.6545845], [9.9360831, 54.6546791], [9.9358251, 54.6547086], [9.9358771, 54.6548383], [9.9359124, 54.6550181], [9.9358721, 54.655232], [9.9359742, 54.6552368], [9.9360943, 54.655244], [9.9363266, 54.6552527]]]}}, {"type": "Feature", "properties": {"seamark_type": "harbour", "name": "Wiking-Haddeby", "osm_id": 161792102}, "geometry": {"type": "Polygon", "coordinates": [[[9.5687812, 54.5015238], [9.569086, 54.5015794], [9.5689551, 54.5018278], [9.5691457, 54.5020237], [9.5694446, 54.5021645], [9.5694554, 54.5024045], [9.569714, 54.5022537], [9.5696041, 54.5027215], [9.5682201, 54.5029189], [9.5677228, 54.5026494], [9.567765, 54.5017085], [9.5676742, 54.5016047], [9.5677087, 54.5015209], [9.5685592, 54.5014648], [9.5687473, 54.501151], [9.5688585, 54.5011573], [9.568953, 54.5011626], [9.5687812, 54.5015238]]]}}, {"type": "Feature", "properties": {"seamark_type": "harbour", "name": "Wasserwanderrastplatz Garwitz", "osm_id": 161925981}, "geometry": {"type": "Polygon", "coordinates": [[[11.6989926, 53.4531232], [11.7008591, 53.4529014], [11.7018431, 53.4526481], [11.7017826, 53.4523212], [11.7007745, 53.4523184], [11.7007333, 53.4522838], [11.7007159, 53.4522879], [11.7006879, 53.4522852], [11.7002039, 53.4522392], [11.6992102, 53.4523457], [11.6989539, 53.4524393], [11.698688, 53.4526308], [11.6983278, 53.4530944], [11.6989926, 53.4531232]]]}}, {"type": "Feature", "properties": {"seamark_type": "harbour", "name": "Yachthafen Bullenhausen", "osm_id": 161968255}, "geometry": {"type": "Polygon", "coordinates": [[[10.0676318, 53.4545512], [10.0674386, 53.4544139], [10.0679353, 53.4541261], [10.0689621, 53.4535866], [10.069343, 53.4538197], [10.0690372, 53.4541232], [10.0690641, 53.4541967], [10.0687154, 53.4543213], [10.0687046, 53.4542542], [10.0685813, 53.454235], [10.0676318, 53.4545512]]]}}, {"type": "Feature", "properties": {"seamark_type": "harbour", "name": "Segelclub Elbmarsch", "osm_id": 163556122}, "geometry": {"type": "Polygon", "coordinates": [[[10.3730967, 53.4223637], [10.3727803, 53.4224537], [10.37263, 53.4222842], [10.3719466, 53.4225489], [10.3716333, 53.4223197], [10.3716236, 53.4220609], [10.3717823, 53.4218618], [10.3721859, 53.4217404], [10.372608, 53.4220968], [10.3730967, 53.4223637]]]}}, {"type": "Feature", "properties": {"seamark_type": "harbour", "name": null, "osm_id": 165994372}, "geometry": {"type": "Polygon", "coordinates": [[[12.1024008, 54.144948], [12.1018921, 54.1476048], [12.1018699, 54.1477176], [12.1018301, 54.1479204], [12.1024038, 54.147954], [12.1021834, 54.1490441], [12.1020918, 54.1492726], [12.1018193, 54.1492533], [12.1016452, 54.149241], [12.1016613, 54.1490391], [12.1016088, 54.1490329], [12.1015214, 54.1494798], [12.101094, 54.1516655], [12.1010122, 54.1516891], [12.1007568, 54.1517504], [12.1009981, 54.1520632], [12.1010034, 54.1521801], [12.1009444, 54.1521812], [12.1007969, 54.1522812], [12.1009435, 54.1524364], [12.1006917, 54.1537053], [12.0991475, 54.153599], [12.0987532, 54.1531199], [12.0979315, 54.1521085], [12.0978177, 54.1521382], [12.0980775, 54.1523487], [12.0977769, 54.1524303], [12.0976662, 54.1521777], [12.0975193, 54.152216], [12.0972882, 54.151946], [12.0973706, 54.1511879], [12.0974062, 54.1511894], [12.0973936, 54.1506901], [12.0976364, 54.1507051], [12.0975836, 54.1511965], [12.0976201, 54.151198], [12.0976915, 54.1508968], [12.0977131, 54.1508977], [12.0979763, 54.1484807], [12.0979857, 54.1479869], [12.0979544, 54.1461346], [12.0979114, 54.1448537], [12.0980327, 54.1445833], [12.0978999, 54.1446327], [12.0978278, 54.1446018], [12.0978806, 54.1445544], [12.0979113, 54.1444921], [12.0978941, 54.1440479], [12.0977899, 54.1440512], [12.0978285, 54.1445878], [12.0976681, 54.1445881], [12.0975284, 54.1445884], [12.0975816, 54.1440562], [12.097555, 54.1438466], [12.0978745, 54.1433772], [12.0979655, 54.1434142], [12.0981368, 54.1432387], [12.0983549, 54.1430709], [12.098516, 54.1429632], [12.0987069, 54.1428605], [12.0988997, 54.1427654], [12.0993254, 54.1426114], [12.0998105, 54.1424515], [12.0999984, 54.1423784], [12.1000239, 54.1423664], [12.1000502, 54.1423834], [12.100171, 54.1424399], [12.1002645, 54.1424974], [12.1005895, 54.1423289], [12.1009601, 54.1421355], [12.1014004, 54.1419116], [12.1015868, 54.1418185], [12.1032812, 54.1412163], [12.1033733, 54.1412876], [12.1033318, 54.1413155], [12.1034145, 54.1413518], [12.1034975, 54.1414], [12.1034829, 54.1414166], [12.1035889, 54.1415093], [12.1037732, 54.1416517], [12.1034138, 54.1421328], [12.103269, 54.1423318], [12.1031254, 54.1425219], [12.1030768, 54.1425111], [12.1030534, 54.1425441], [12.1030414, 54.1425819], [12.1030117, 54.1427414], [12.1027839, 54.1438586], [12.1027736, 54.1439073], [12.1024008, 54.144948]]]}}, {"type": "Feature", "properties": {"seamark_type": "harbour", "name": "Marina Wendtorf", "osm_id": 166546814}, "geometry": {"type": "Polygon", "coordinates": [[[10.2893702, 54.421089], [10.2898303, 54.4210994], [10.2899302, 54.4194495], [10.2897875, 54.419448], [10.2892891, 54.4194425], [10.2889595, 54.4194389], [10.288958, 54.4194842], [10.2885708, 54.41948], [10.2885659, 54.4196326], [10.288565, 54.4196587], [10.2883083, 54.4196559], [10.28809, 54.4196535], [10.2880967, 54.4194449], [10.2879859, 54.4194437], [10.28781, 54.4194418], [10.2871886, 54.419435], [10.2865149, 54.4194276], [10.2861922, 54.4194256], [10.2860724, 54.4194248], [10.2858885, 54.4194224], [10.2851249, 54.4194124], [10.2843998, 54.4194045], [10.2835537, 54.4193952], [10.2835359, 54.419395], [10.2835371, 54.4193591], [10.2831101, 54.4193486], [10.2830986, 54.4206585], [10.2847622, 54.4209838], [10.2893702, 54.421089]]]}}, {"type": "Feature", "properties": {"seamark_type": "harbour", "name": "Brejning Lystbådehavn", "osm_id": 166870689}, "geometry": {"type": "Polygon", "coordinates": [[[9.6906458, 55.6755863], [9.6903575, 55.6755553], [9.6901604, 55.6755054], [9.689978, 55.6754495], [9.6898331, 55.6753708], [9.6897446, 55.6753058], [9.6896971, 55.6752386], [9.6902079, 55.6750854], [9.6901222, 55.6749919], [9.6896122, 55.6751407], [9.6892269, 55.6747045], [9.6893859, 55.6746002], [9.6888766, 55.6743841], [9.6889597, 55.6743153], [9.6896491, 55.6745694], [9.6899157, 55.6743744], [9.6900859, 55.6742374], [9.6903878, 55.6739944], [9.6909783, 55.6742544], [9.6909621, 55.6742724], [9.6911578, 55.6743482], [9.6911792, 55.6743289], [9.691072, 55.6742848], [9.6910909, 55.6742687], [9.6911096, 55.6742527], [9.691218, 55.6742942], [9.6912423, 55.6742746], [9.691026, 55.6741968], [9.6914528, 55.6738733], [9.6917014, 55.6739296], [9.6919287, 55.6740095], [9.6921278, 55.6741105], [9.6922926, 55.6742297], [9.6924178, 55.6743632], [9.6924998, 55.674507], [9.6925359, 55.6746567], [9.692525, 55.6748076], [9.6924676, 55.6749552], [9.6923726, 55.6750849], [9.6923653, 55.6750948], [9.6922213, 55.6752222], [9.6921323, 55.6752768], [9.6920401, 55.6753334], [9.6918272, 55.6754251], [9.6915891, 55.6754944], [9.6913333, 55.6755391], [9.6910715, 55.6755644], [9.6908725, 55.6755795], [9.6906458, 55.6755863]]]}}, {"type": "Feature", "properties": {"seamark_type": "harbour", "name": "Hadsund Lystbådehavn", "osm_id": 166885667}, "geometry": {"type": "Polygon", "coordinates": [[[10.1049006, 56.7089528], [10.104572, 56.7088976], [10.104403, 56.7087658], [10.1038344, 56.7089189], [10.1030499, 56.709301], [10.1026757, 56.7094533], [10.1034106, 56.7103411], [10.1035689, 56.7106274], [10.1039618, 56.7108151], [10.1041442, 56.7109388], [10.1047316, 56.7110706], [10.1058125, 56.7106525], [10.1066215, 56.7101133], [10.1058526, 56.7096939], [10.1059265, 56.7096624], [10.1049006, 56.7089528]]]}}, {"type": "Feature", "properties": {"seamark_type": "harbour", "name": "Kongsdal Lystbådehavn", "osm_id": 166885669}, "geometry": {"type": "Polygon", "coordinates": [[[10.0714103, 56.684443], [10.0711947, 56.6845073], [10.0712107, 56.68449], [10.0712126, 56.6844299], [10.07063, 56.6840059], [10.0706018, 56.6839782], [10.0706106, 56.6839741], [10.0711486, 56.6837244], [10.0711694, 56.6837147], [10.0713952, 56.68384], [10.0714613, 56.683863], [10.0715072, 56.6838612], [10.0717417, 56.6837467], [10.0718423, 56.6837018], [10.0720961, 56.6835896], [10.0721313, 56.6835934], [10.0726525, 56.6833801], [10.0726678, 56.6833699], [10.0727098, 56.6833624], [10.0727452, 56.6833639], [10.0727857, 56.6833756], [10.0729118, 56.6834403], [10.0729946, 56.6834967], [10.0730569, 56.6835676], [10.0730707, 56.6835672], [10.0739664, 56.6839052], [10.0740018, 56.6839105], [10.0740417, 56.6839224], [10.074063, 56.6839347], [10.0740768, 56.6839511], [10.0740784, 56.683973], [10.0740667, 56.6839923], [10.0740513, 56.6840062], [10.0739545, 56.6840455], [10.0738315, 56.6840943], [10.0737031, 56.6841378], [10.0735987, 56.6841568], [10.0734552, 56.6841622], [10.0732361, 56.6841494], [10.0730125, 56.6841347], [10.0728678, 56.6841236], [10.0726222, 56.6841072], [10.0724525, 56.6840927], [10.0723463, 56.6840864], [10.072283, 56.6840818], [10.0722713, 56.6840855], [10.0722275, 56.6840985], [10.0720961, 56.6841584], [10.0719452, 56.6842256], [10.071635, 56.6843716], [10.0715824, 56.6843856], [10.0714103, 56.684443]]]}}, {"type": "Feature", "properties": {"seamark_type": "harbour", "name": "Hadsund Fiskerihavn", "osm_id": 166885675}, "geometry": {"type": "Polygon", "coordinates": [[[10.1250491, 56.716796], [10.1247333, 56.7167533], [10.1246852, 56.7167468], [10.1247581, 56.7166567], [10.1248868, 56.7166907], [10.1250379, 56.7165615], [10.1251753, 56.7166012], [10.1253463, 56.7164283], [10.1254811, 56.716454], [10.1261693, 56.7165747], [10.1270066, 56.7167352], [10.1269805, 56.7167591], [10.1269905, 56.7168163], [10.1268634, 56.7170399], [10.1268567, 56.7170549], [10.1268558, 56.7170684], [10.1257538, 56.7168823], [10.1251221, 56.7167756], [10.1250491, 56.716796]]]}}, {"type": "Feature", "properties": {"seamark_type": "harbour", "name": "Museumshafen", "osm_id": 168923016}, "geometry": {"type": "Polygon", "coordinates": [[[10.1361847, 54.3147742], [10.1380349, 54.3143894], [10.1377615, 54.3141791], [10.1360999, 54.3145371], [10.1361847, 54.3147742]]]}}, {"type": "Feature", "properties": {"seamark_type": "anchorage", "name": null, "osm_id": 169870279}, "geometry": {"type": "Polygon", "coordinates": [[[10.3414843, 55.0073545], [10.3419757, 55.0076436], [10.3462887, 55.005324], [10.3457962, 55.0050441], [10.3448446, 55.0048103], [10.3439681, 55.0047364], [10.3429735, 55.0048041], [10.3423083, 55.0049364], [10.341863, 55.0050871], [10.3412611, 55.005404], [10.3408652, 55.0058039], [10.3407225, 55.00621], [10.3407676, 55.0066174], [10.3410337, 55.0069699], [10.3414843, 55.0073545]]]}}, {"type": "Feature", "properties": {"seamark_type": "anchorage", "name": null, "osm_id": 169870280}, "geometry": {"type": "Polygon", "coordinates": [[[10.3193276, 55.0601463], [10.3191748, 55.0607365], [10.3159159, 55.0607853], [10.3152936, 55.0582599], [10.3186303, 55.0585548], [10.3196039, 55.0593232], [10.3193276, 55.0601463]]]}}, {"type": "Feature", "properties": {"seamark_type": "anchorage", "name": "F-Reede", "osm_id": 170017178}, "geometry": {"type": "Polygon", "coordinates": [[[8.245162, 53.728272], [8.241668, 53.724937], [8.2707, 53.7152667], [8.2827167, 53.7109833], [8.2854333, 53.71355], [8.273802, 53.718122], [8.245162, 53.728272]]]}}, {"type": "Feature", "properties": {"seamark_type": "harbour", "name": "Segler-Verein-Wakenitz e.V.", "osm_id": 170568722}, "geometry": {"type": "Polygon", "coordinates": [[[10.7305649, 53.8531313], [10.7298291, 53.8530533], [10.7300083, 53.8523967], [10.7307755, 53.8524573], [10.7308111, 53.8524617], [10.7314592, 53.8525416], [10.7314593, 53.8525733], [10.7314593, 53.8525796], [10.7314917, 53.8525832], [10.73148, 53.8526117], [10.7315668, 53.8526241], [10.7316051, 53.8526284], [10.7315862, 53.8526925], [10.7315661, 53.8527566], [10.7315267, 53.8528884], [10.7314859, 53.8528864], [10.7314757, 53.8529204], [10.7312188, 53.8528975], [10.7308591, 53.8528822], [10.7307393, 53.8531762], [10.7305649, 53.8531313]]]}}, {"type": "Feature", "properties": {"seamark_type": "harbour", "name": "Eichholzer Wassersport-Verein e.V. 1964", "osm_id": 170578930}, "geometry": {"type": "Polygon", "coordinates": [[[10.7282966, 53.8454203], [10.7291561, 53.8455999], [10.729335, 53.8456687], [10.72971, 53.845793], [10.7299725, 53.8458994], [10.7301791, 53.8459852], [10.7304176, 53.8461348], [10.7305562, 53.8462265], [10.731, 53.8466959], [10.731257, 53.8466101], [10.7312507, 53.8465862], [10.7312236, 53.8465086], [10.7312392, 53.8465015], [10.7312983, 53.8464588], [10.7314463, 53.8463519], [10.7310136, 53.8459256], [10.7307193, 53.8457506], [10.7303874, 53.8455794], [10.7297087, 53.8453236], [10.729604, 53.8453956], [10.7284122, 53.8451507], [10.7282966, 53.8454203]]]}}, {"type": "Feature", "properties": {"seamark_type": "harbour", "name": null, "osm_id": 171190725}, "geometry": {"type": "Polygon", "coordinates": [[[10.3197708, 54.3632237], [10.3196735, 54.3631806], [10.3194421, 54.3632403], [10.3192921, 54.363407], [10.3193291, 54.3634975], [10.3196152, 54.3636272], [10.3200405, 54.3636815], [10.320023, 54.3637499], [10.3199733, 54.3637986], [10.3196303, 54.3640108], [10.3198383, 54.3641137], [10.3200792, 54.3639809], [10.3205092, 54.3641741], [10.3206557, 54.3640974], [10.3207888, 54.3639582], [10.3209881, 54.3637497], [10.3209112, 54.3636786], [10.3201414, 54.3635809], [10.3200844, 54.3635281], [10.3200607, 54.3634088], [10.3199741, 54.363388], [10.3200379, 54.3633017], [10.3199894, 54.3632863], [10.3197708, 54.3632237]]]}}, {"type": "Feature", "properties": {"seamark_type": "harbour", "name": "Yachthafen \"Baltic Bay\"", "osm_id": 171345657}, "geometry": {"type": "Polygon", "coordinates": [[[10.2141703, 54.4017882], [10.2148316, 54.4015843], [10.2149858, 54.4013158], [10.2157677, 54.4008035], [10.215752, 54.4007948], [10.2157281, 54.400783], [10.2157477, 54.4007685], [10.2157843, 54.4007486], [10.2157471, 54.4007271], [10.2160461, 54.4005346], [10.215969, 54.400494], [10.2160232, 54.4004592], [10.2159578, 54.4004248], [10.2162021, 54.4002675], [10.216066, 54.4001959], [10.2160273, 54.4001701], [10.2159871, 54.4001431], [10.2162745, 54.4000315], [10.2167735, 54.3997967], [10.2167318, 54.399751], [10.2162753, 54.399251], [10.2160507, 54.399196], [10.2155246, 54.3992883], [10.2149177, 54.3993512], [10.2138586, 54.3992326], [10.2138011, 54.3992619], [10.2136611, 54.399167], [10.2122819, 54.3988972], [10.2121066, 54.3989131], [10.2107926, 54.3997558], [10.2107112, 54.3998665], [10.2109153, 54.4003414], [10.2114257, 54.4008563], [10.2120868, 54.4012708], [10.2126098, 54.4014981], [10.2131269, 54.4016388], [10.2137046, 54.4017414], [10.2141703, 54.4017882]]]}}, {"type": "Feature", "properties": {"seamark_type": "harbour", "name": "Yachthafen Laboe", "osm_id": 171345679}, "geometry": {"type": "Polygon", "coordinates": [[[10.2157482, 54.4018827], [10.2155182, 54.4018107], [10.2150064, 54.4017932], [10.2144622, 54.4023835], [10.214784, 54.402639], [10.2149831, 54.4026914], [10.2157018, 54.4029248], [10.216393, 54.4031384], [10.2166356, 54.4032107], [10.2170593, 54.4033422], [10.218007, 54.4023396], [10.218072, 54.402283], [10.2178916, 54.4022447], [10.216667, 54.4010872], [10.2164696, 54.4012155], [10.2162527, 54.4013095], [10.2157482, 54.4018827]]]}}, {"type": "Feature", "properties": {"seamark_type": "harbour", "name": null, "osm_id": 172714917}, "geometry": {"type": "Polygon", "coordinates": [[[7.0025665, 58.0242043], [7.002273, 58.0247702], [7.0024565, 58.0251102], [7.0038021, 58.0252553], [7.0044538, 58.0259456], [7.0047415, 58.0258626], [7.0047551, 58.0258369], [7.0047877, 58.0258213], [7.0049062, 58.0258713], [7.00499, 58.0258642], [7.0050768, 58.0258427], [7.00512, 58.0258684], [7.0053792, 58.0258084], [7.0053913, 58.0257865], [7.0054603, 58.0257783], [7.0055669, 58.025745], [7.0056227, 58.0256795], [7.0056253, 58.0256151], [7.0055442, 58.0254777], [7.0054432, 58.0253697], [7.0053199, 58.0252372], [7.005201, 58.025147], [7.0051008, 58.0250969], [7.0050062, 58.0250941], [7.0049792, 58.0250927], [7.0049468, 58.0250755], [7.004921, 58.0250833], [7.0048576, 58.0251142], [7.0047684, 58.0251471], [7.00469, 58.0251743], [7.0046413, 58.0251815], [7.0046014, 58.0251842], [7.0042141, 58.0251685], [7.0041587, 58.025136], [7.0041205, 58.0251061], [7.0041142, 58.0250856], [7.0040936, 58.0250181], [7.0041004, 58.0249709], [7.0041276, 58.0249097], [7.0041843, 58.0247311], [7.0037901, 58.0246158], [7.0037688, 58.0246099], [7.0033573, 58.024467], [7.0033403, 58.0244648], [7.0028513, 58.0243213], [7.0025665, 58.0242043]]]}}, {"type": "Feature", "properties": {"seamark_type": "harbour", "name": "Bogense Havn og Marina", "osm_id": 173540315}, "geometry": {"type": "Polygon", "coordinates": [[[10.0786514, 55.5678986], [10.0788487, 55.567817], [10.0790521, 55.5677303], [10.0795847, 55.5675015], [10.0800781, 55.5672696], [10.0800971, 55.5672606], [10.0801317, 55.56727], [10.0805017, 55.5670858], [10.0806022, 55.5670351], [10.0806228, 55.5668165], [10.0808981, 55.5666701], [10.0809782, 55.5667192], [10.0813372, 55.5665313], [10.0817207, 55.5663496], [10.0815248, 55.5662207], [10.0814915, 55.5661994], [10.0816178, 55.5661343], [10.0826428, 55.5656071], [10.0827324, 55.5653922], [10.0831568, 55.5651723], [10.0835989, 55.5649432], [10.0828393, 55.5644725], [10.0827337, 55.5644104], [10.082672, 55.5643577], [10.0826707, 55.5643374], [10.0827077, 55.5642932], [10.0828343, 55.5642284], [10.0828492, 55.5642208], [10.0828677, 55.5642215], [10.0819162, 55.5635961], [10.0806739, 55.5642406], [10.080627, 55.5642634], [10.0788695, 55.5650628], [10.0779353, 55.5654849], [10.0776617, 55.5655729], [10.0764453, 55.5662154], [10.075306, 55.5669133], [10.075002, 55.5672036], [10.076775, 55.5684195], [10.0771124, 55.5682419], [10.0774189, 55.5680909], [10.0776507, 55.5679642], [10.0778411, 55.5678702], [10.0781834, 55.5677135], [10.0782837, 55.5676692], [10.0786514, 55.5678986]]]}}, {"type": "Feature", "properties": {"seamark_type": "harbour", "name": "Otra (nedre)", "osm_id": 174977896}, "geometry": {"type": "Polygon", "coordinates": [[[8.0095417, 58.1480622], [8.0102043, 58.1477586], [8.0099718, 58.1477406], [8.0094244, 58.1479893], [8.0070899, 58.148605], [8.0058306, 58.1489171], [8.0047497, 58.1491973], [8.0044574, 58.149278], [8.0042535, 58.1493148], [8.0039781, 58.1493962], [8.0034298, 58.1496211], [8.003382, 58.1495919], [8.0025044, 58.1499617], [8.0025524, 58.1499926], [8.002321, 58.1501052], [8.0022587, 58.1500684], [8.0016264, 58.1502962], [8.0013699, 58.150415], [8.000979, 58.1505976], [8.0002726, 58.1509353], [7.9987459, 58.1518805], [7.99863, 58.1519561], [7.9989487, 58.1519622], [8.0009445, 58.1507313], [8.0040888, 58.149488], [8.0095417, 58.1480622]]]}}, {"type": "Feature", "properties": {"seamark_type": "harbour", "name": "Yachthafen Surwold", "osm_id": 176206014}, "geometry": {"type": "Polygon", "coordinates": [[[7.4932611, 53.0072778], [7.4934287, 53.0072596], [7.4950479, 53.0073887], [7.4957263, 53.0074321], [7.4958785, 53.0074821], [7.4958111, 53.007616], [7.4955474, 53.0076369], [7.4948685, 53.007755], [7.4941926, 53.007815], [7.4936834, 53.0077634], [7.4931635, 53.0076803], [7.4929737, 53.0076248], [7.4930841, 53.0075257], [7.4931385, 53.0075469], [7.4932789, 53.0076479], [7.4939918, 53.0077372], [7.4944952, 53.007743], [7.4945537, 53.0075095], [7.4934737, 53.0074305], [7.4933281, 53.0075041], [7.493215, 53.0074791], [7.4931775, 53.0074162], [7.4931887, 53.0073254], [7.4932611, 53.0072778]]]}}, {"type": "Feature", "properties": {"seamark_type": "harbour", "name": "BLG Autoterminal Bremerhaven", "osm_id": 176318802}, "geometry": {"type": "Polygon", "coordinates": [[[8.5664559, 53.5674504], [8.5666499, 53.5673025], [8.5671775, 53.5666829], [8.5672976, 53.5665297], [8.5676007, 53.5660842], [8.5678119, 53.5659143], [8.5679893, 53.5659384], [8.5679865, 53.5666787], [8.5664287, 53.5680039], [8.5665354, 53.5680471], [8.5654899, 53.5689564], [8.565087, 53.5693739], [8.5645404, 53.5698515], [8.563821, 53.5704307], [8.5636872, 53.5705397], [8.5629491, 53.5710054], [8.5627638, 53.5711863], [8.5625999, 53.5714281], [8.5625245, 53.5716395], [8.562462, 53.5720435], [8.5624819, 53.5722245], [8.5626608, 53.572891], [8.5627984, 53.5732753], [8.5642278, 53.5763524], [8.5640399, 53.5763776], [8.5653958, 53.5792164], [8.5649164, 53.5793013], [8.5661037, 53.5817611], [8.5673243, 53.581558], [8.5668344, 53.5805595], [8.5672308, 53.580491], [8.5668544, 53.5796434], [8.5675084, 53.5795253], [8.5668976, 53.5782529], [8.567119, 53.5780077], [8.5695991, 53.577592], [8.5710805, 53.580651], [8.5712301, 53.580972], [8.57174, 53.5808884], [8.5752217, 53.5779855], [8.5749543, 53.5774003], [8.574427, 53.5762352], [8.5740653, 53.5758446], [8.5741079, 53.5758372], [8.5741613, 53.5758286], [8.5742261, 53.5758181], [8.5748358, 53.5757167], [8.5744978, 53.5749567], [8.5742086, 53.5742879], [8.5727246, 53.5711097], [8.5725763, 53.5711334], [8.5701495, 53.5660104], [8.5697915, 53.5653897], [8.5692114, 53.5643963], [8.5692263, 53.5643175], [8.5690411, 53.5639928], [8.5690265, 53.563687], [8.5687437, 53.5631531], [8.5685805, 53.5630054], [8.5674616, 53.5619926], [8.5670352, 53.5617287], [8.5668848, 53.5616356], [8.5663367, 53.5613912], [8.5660381, 53.5612301], [8.5658734, 53.5614363], [8.5656172, 53.561394], [8.5655949, 53.5612862], [8.5654823, 53.5611854], [8.5653488, 53.5610954], [8.565203, 53.5610202], [8.5647084, 53.5607794], [8.5644013, 53.5605802], [8.5642475, 53.5604476], [8.5642343, 53.560459], [8.5632122, 53.5603164], [8.5631762, 53.5604458], [8.5631669, 53.5605784], [8.5631905, 53.5607313], [8.5630844, 53.5607432], [8.5629619, 53.5607887], [8.5627735, 53.5605685], [8.5626804, 53.5603694], [8.5624741, 53.5604062], [8.5624802, 53.5604729], [8.5625191, 53.5605606], [8.5627942, 53.5608349], [8.5668006, 53.5644585], [8.5669224, 53.5646159], [8.5674556, 53.5657432], [8.5669862, 53.565822], [8.566112, 53.566315], [8.5656448, 53.5663931], [8.5650511, 53.5651302], [8.565071, 53.5651263], [8.5647971, 53.5645344], [8.5643116, 53.5640911], [8.5642372, 53.5641144], [8.5640401, 53.5639947], [8.5624945, 53.5625742], [8.5624445, 53.5625956], [8.562169, 53.5623382], [8.5609634, 53.562546], [8.5608453, 53.5627391], [8.5608929, 53.5627502], [8.5607636, 53.5629078], [8.5631798, 53.5679873], [8.5632204, 53.5680732], [8.5632674, 53.5681719], [8.5655889, 53.5677833], [8.5657324, 53.5677546], [8.5661052, 53.5676495], [8.5662994, 53.5675506], [8.5663654, 53.5675125], [8.5664559, 53.5674504]]]}}, {"type": "Feature", "properties": {"seamark_type": "harbour", "name": "Yachthafen", "osm_id": 177218154}, "geometry": {"type": "Polygon", "coordinates": [[[9.2224664, 54.3472593], [9.2235125, 54.3471436], [9.2236651, 54.3473059], [9.223814, 54.3474642], [9.2228497, 54.3476032], [9.222746, 54.3475182], [9.2225229, 54.3475069], [9.2224664, 54.3472593]]]}}, {"type": "Feature", "properties": {"seamark_type": "harbour", "name": "Ronsbukta", "osm_id": 177222996}, "geometry": {"type": "Polygon", "coordinates": [[[8.0724035, 58.1631738], [8.077309, 58.1631169], [8.0772638, 58.1620331], [8.0723175, 58.1620736], [8.0724035, 58.1631738]]]}}, {"type": "Feature", "properties": {"seamark_type": "anchorage", "name": "Medem Reede", "osm_id": 177278214}, "geometry": {"type": "Polygon", "coordinates": [[[8.713, 53.8855], [8.7176383, 53.8870833], [8.7251, 53.8798], [8.733333, 53.871795], [8.7377167, 53.8666433], [8.713, 53.8855]]]}}, {"type": "Feature", "properties": {"seamark_type": "anchorage", "name": "Nordostreede", "osm_id": 177527683}, "geometry": {"type": "Polygon", "coordinates": [[[9.1429746, 53.8877745], [9.1430444, 53.8878694], [9.1431382, 53.8879516], [9.1438776, 53.888425], [9.144246, 53.888459], [9.1444418, 53.888508], [9.1446643, 53.8885647], [9.1582302, 53.8888053], [9.1646742, 53.8891689], [9.1667556, 53.8891903], [9.1667337, 53.8868607], [9.1845372, 53.8868833], [9.1845202, 53.8895925], [9.1922224, 53.8897115], [9.1984239, 53.8897521], [9.1987136, 53.8895498], [9.1994136, 53.889387], [9.2046352, 53.8890607], [9.2082918, 53.888919], [9.211328, 53.8889886], [9.2127397, 53.8889422], [9.21274, 53.88721], [9.21752, 53.8844567], [9.2207333, 53.8832], [9.1543333, 53.8834833], [9.1429746, 53.8877745]]]}}, {"type": "Feature", "properties": {"seamark_type": "anchorage", "name": "Südreede", "osm_id": 177527684}, "geometry": {"type": "Polygon", "coordinates": [[[9.132117, 53.877083], [9.170717, 53.87765], [9.2090667, 53.87765], [9.1707167, 53.8743], [9.1321, 53.87375], [9.132117, 53.877083]]]}}, {"type": "Feature", "properties": {"seamark_type": "harbour", "name": "Przystań Jachtowa", "osm_id": 177636958}, "geometry": {"type": "Polygon", "coordinates": [[[15.3984584, 54.1503365], [15.3980164, 54.1503413], [15.3976347, 54.1508548], [15.3989701, 54.1512917], [15.399001, 54.1512931], [15.3990129, 54.1512882], [15.3990224, 54.1512743], [15.3990438, 54.1512614], [15.3990699, 54.151266], [15.3992678, 54.1511038], [15.3993117, 54.1510436], [15.3992783, 54.1510298], [15.3993964, 54.1509004], [15.3993587, 54.1508837], [15.3993726, 54.1508682], [15.3994199, 54.1508809], [15.3995234, 54.1507971], [15.3994568, 54.1507771], [15.3995039, 54.150579], [15.3986061, 54.1504541], [15.3984977, 54.1504116], [15.3984584, 54.1503365]]]}}, {"type": "Feature", "properties": {"seamark_type": "harbour", "name": null, "osm_id": 177679124}, "geometry": {"type": "Polygon", "coordinates": [[[6.8344673, 53.4546135], [6.8171805, 53.4573546], [6.8181518, 53.4596229], [6.818249, 53.4598053], [6.8211519, 53.4593465], [6.8225589, 53.4580802], [6.8243178, 53.457813], [6.8269682, 53.4574247], [6.8275034, 53.4571349], [6.8284786, 53.4569764], [6.831667, 53.4564584], [6.8316807, 53.4562785], [6.8316878, 53.4561857], [6.8313601, 53.4562433], [6.8313172, 53.4561569], [6.8320424, 53.4560354], [6.8320531, 53.4560625], [6.8324466, 53.4559994], [6.832454, 53.456019], [6.8324614, 53.4560386], [6.8320746, 53.4561009], [6.832088, 53.4561377], [6.8325286, 53.4560633], [6.8325312, 53.4560697], [6.8329893, 53.4559992], [6.8331114, 53.455981], [6.8331155, 53.4559924], [6.8331168, 53.455997], [6.8325406, 53.4560857], [6.8326441, 53.4563024], [6.8339124, 53.4560929], [6.8340064, 53.4560799], [6.8341, 53.4560799], [6.8342404, 53.4561166], [6.8343738, 53.4561714], [6.8344673, 53.4546135]]]}}, {"type": "Feature", "properties": {"seamark_type": "harbour", "name": null, "osm_id": 177679129}, "geometry": {"type": "Polygon", "coordinates": [[[6.8284041, 53.4458107], [6.8243033, 53.4464722], [6.8236377, 53.4465739], [6.8221551, 53.4468003], [6.8220503, 53.4467749], [6.821474, 53.4468683], [6.8197999, 53.4471424], [6.8196667, 53.446837], [6.8196532, 53.4468062], [6.8196369, 53.4467685], [6.8195897, 53.4467629], [6.8195567, 53.4467416], [6.8195015, 53.4466315], [6.8189, 53.4453], [6.8189154, 53.4451832], [6.8189719, 53.4450725], [6.8190846, 53.4449546], [6.8192281, 53.4448398], [6.8193336, 53.4447838], [6.8194342, 53.4447464], [6.8195596, 53.4447093], [6.819672, 53.4446849], [6.8197986, 53.4446664], [6.8212001, 53.4445238], [6.8219611, 53.4444476], [6.824008, 53.4442434], [6.8249781, 53.4440947], [6.8257002, 53.4439847], [6.8263491, 53.4438841], [6.8284372, 53.4435546], [6.8285537, 53.443542], [6.8286682, 53.4435356], [6.8287656, 53.4435352], [6.8291863, 53.4434728], [6.8293426, 53.4439381], [6.8296226, 53.4448349], [6.8287504, 53.4456142], [6.8284041, 53.4458107]]]}}, {"type": "Feature", "properties": {"seamark_type": "harbour", "name": null, "osm_id": 177679132}, "geometry": {"type": "Polygon", "coordinates": [[[6.8321209, 53.4507284], [6.828548, 53.4512737], [6.8248158, 53.4518781], [6.8244244, 53.4519401], [6.8144598, 53.4535177], [6.8143669, 53.4532969], [6.8140429, 53.4533527], [6.8137104, 53.4531626], [6.8127736, 53.451], [6.8136156, 53.4508125], [6.8135341, 53.4506917], [6.825, 53.4489], [6.8294, 53.4482], [6.8321209, 53.4507284]]]}}, {"type": "Feature", "properties": {"seamark_type": "harbour", "name": null, "osm_id": 177679135}, "geometry": {"type": "Polygon", "coordinates": [[[6.8386368, 53.4466888], [6.8371, 53.4436], [6.84132, 53.4429129], [6.8415117, 53.4431954], [6.8420336, 53.4431132], [6.8419814, 53.4428041], [6.844547, 53.442365], [6.8465531, 53.4420801], [6.8470077, 53.4421214], [6.8473924, 53.4420834], [6.8478523, 53.4420191], [6.8479654, 53.4423793], [6.8479731, 53.4423914], [6.8479869, 53.4424014], [6.8480053, 53.4424083], [6.8480265, 53.4424114], [6.8480481, 53.4424102], [6.8480681, 53.442405], [6.8487804, 53.4422963], [6.8487931, 53.4423265], [6.8553523, 53.4413045], [6.8563925, 53.4436859], [6.8563971, 53.4436964], [6.8487338, 53.4448941], [6.8487543, 53.4449396], [6.8485069, 53.4449754], [6.8483633, 53.4449786], [6.8478337, 53.445037], [6.8478258, 53.4450176], [6.8472672, 53.4451015], [6.8472775, 53.4451243], [6.8471702, 53.4451414], [6.8472034, 53.4452235], [6.8472749, 53.4452133], [6.8472909, 53.445249], [6.8467763, 53.4453129], [6.8461376, 53.4454176], [6.8440094, 53.44575], [6.8422594, 53.4460363], [6.8392308, 53.4465002], [6.8389616, 53.4465439], [6.8387946, 53.4466066], [6.8386368, 53.4466888]]]}}, {"type": "Feature", "properties": {"seamark_type": "harbour", "name": null, "osm_id": 178495940}, "geometry": {"type": "Polygon", "coordinates": [[[14.395238, 53.2064628], [14.3951732, 53.2065716], [14.3943187, 53.206389], [14.3944075, 53.20624], [14.39446, 53.2062512], [14.394436, 53.2062914], [14.395238, 53.2064628]]]}}, {"type": "Feature", "properties": {"seamark_type": "anchorage", "name": "Lister Ley Reede", "osm_id": 178690300}, "geometry": {"type": "Polygon", "coordinates": [[[8.4391667, 55.0141667], [8.4316667, 55.0048333], [8.4391667, 55.0033333], [8.4466667, 55.0125], [8.4391667, 55.0141667]]]}}, {"type": "Feature", "properties": {"seamark_type": "harbour", "name": null, "osm_id": 180667057}, "geometry": {"type": "Polygon", "coordinates": [[[8.8724638, 53.0519456], [8.8721676, 53.0520023], [8.8719354, 53.0520371], [8.872477, 53.0534588], [8.8728854, 53.0534112], [8.872763, 53.0530638], [8.8727692, 53.0530227], [8.8728105, 53.0529867], [8.8729807, 53.0529614], [8.8726329, 53.0522122], [8.8725063, 53.0522285], [8.8724949, 53.0522022], [8.8726304, 53.0521827], [8.8726616, 53.0521859], [8.872681, 53.0521923], [8.8724638, 53.0519456]]]}}, {"type": "Feature", "properties": {"seamark_type": "anchorage", "name": "Borkum Reede", "osm_id": 181285710}, "geometry": {"type": "Polygon", "coordinates": [[[6.6820616, 53.5523209], [6.712051, 53.538856], [6.707885, 53.535661], [6.676494, 53.547606], [6.6820616, 53.5523209]]]}}, {"type": "Feature", "properties": {"seamark_type": "harbour", "name": "Marina Plau am See", "osm_id": 182560105}, "geometry": {"type": "Polygon", "coordinates": [[[12.2769931, 53.4548255], [12.2767862, 53.4547386], [12.2764635, 53.4548716], [12.2757523, 53.454093], [12.2762516, 53.4539208], [12.2760477, 53.4536723], [12.2763352, 53.4535566], [12.2761172, 53.45339], [12.2761577, 53.4533739], [12.2761994, 53.4533574], [12.2763678, 53.4535047], [12.2765548, 53.4534135], [12.2772041, 53.4541913], [12.2770841, 53.4542679], [12.2773115, 53.4544656], [12.2773937, 53.4545054], [12.2773371, 53.4545834], [12.2771748, 53.4546723], [12.2770845, 53.4547658], [12.2769931, 53.4548255]]]}}, {"type": "Feature", "properties": {"seamark_type": "harbour", "name": null, "osm_id": 182577012}, "geometry": {"type": "Polygon", "coordinates": [[[6.0995576, 53.1471911], [6.0995872, 53.1472202], [6.0996562, 53.1472787], [6.0996901, 53.1473052], [6.0999612, 53.1475465], [6.0999882, 53.1475703], [6.1002332, 53.1477835], [6.1007628, 53.1475653], [6.1001116, 53.1469431], [6.0995576, 53.1471911]]]}}, {"type": "Feature", "properties": {"seamark_type": "harbour", "name": "Container-Terminal Bremerhaven", "osm_id": 182659673}, "geometry": {"type": "Polygon", "coordinates": [[[8.5456615, 53.583768], [8.5455809, 53.5837571], [8.5459716, 53.5826615], [8.5461815, 53.5820468], [8.546222, 53.5820125], [8.546267, 53.581877], [8.5462829, 53.5818293], [8.5463745, 53.5815536], [8.5463994, 53.5814785], [8.546414, 53.5814347], [8.5464232, 53.581407], [8.5462428, 53.5813955], [8.5462495, 53.5812902], [8.5462153, 53.5812585], [8.5461623, 53.5812309], [8.5453322, 53.5810885], [8.5450183, 53.5810115], [8.5449091, 53.5809424], [8.5448798, 53.5808612], [8.544897, 53.5807967], [8.5455571, 53.5800828], [8.5456057, 53.5800334], [8.5459258, 53.579694], [8.5459922, 53.5795587], [8.5462584, 53.5793717], [8.5463845, 53.5793223], [8.5468099, 53.5793303], [8.5473204, 53.5793341], [8.5473284, 53.5791064], [8.5473294, 53.5787626], [8.5469921, 53.5754268], [8.5471759, 53.5754176], [8.547103, 53.5753113], [8.547025, 53.5748518], [8.5469368, 53.5739112], [8.5469314, 53.5737331], [8.5468823, 53.5736739], [8.5483609, 53.5720842], [8.5496528, 53.5720298], [8.5496366, 53.571941], [8.5496301, 53.5718923], [8.5496261, 53.5718618], [8.5496247, 53.5717686], [8.5494044, 53.5717765], [8.5489788, 53.5686352], [8.5492068, 53.5686243], [8.5491972, 53.5685216], [8.549194, 53.5684889], [8.5491895, 53.5684436], [8.5491897, 53.5683507], [8.5486637, 53.568374], [8.5485465, 53.5680306], [8.5477805, 53.5653008], [8.5476762, 53.5652558], [8.5475924, 53.5652713], [8.5475091, 53.5653298], [8.547605, 53.5656963], [8.5475021, 53.5657065], [8.547321, 53.5658968], [8.523255, 53.5914728], [8.52, 53.595], [8.5087164, 53.6031317], [8.5097889, 53.6036551], [8.5099863, 53.6035053], [8.5102245, 53.6033412], [8.5102809, 53.6032624], [8.5120642, 53.6035552], [8.5167478, 53.6043068], [8.5171478, 53.6043722], [8.5174355, 53.6043864], [8.517754, 53.6043602], [8.5178754, 53.6043368], [8.5180073, 53.6042985], [8.5181613, 53.6042255], [8.5185115, 53.6040049], [8.5214805, 53.6018398], [8.5241453, 53.5999127], [8.5268427, 53.5979795], [8.5303412, 53.5953893], [8.5306166, 53.5952139], [8.5309599, 53.5950965], [8.5313676, 53.5950244], [8.5317704, 53.5949619], [8.5322814, 53.5949367], [8.5328545, 53.5949617], [8.5331344, 53.5949881], [8.5334293, 53.5950357], [8.53373, 53.5950855], [8.5340857, 53.595203], [8.535514, 53.5958405], [8.5362881, 53.5961602], [8.5384669, 53.5971459], [8.538914, 53.5968327], [8.5389627, 53.5967919], [8.5394389, 53.5964072], [8.5388113, 53.5959062], [8.5390184, 53.5958169], [8.5387641, 53.5955429], [8.5386823, 53.5953941], [8.5385825, 53.5950815], [8.5385935, 53.5949806], [8.5386045, 53.5949253], [8.5386394, 53.5948099], [8.5386836, 53.5947072], [8.5387333, 53.594595], [8.5387896, 53.5944692], [8.5388473, 53.5942297], [8.5388687, 53.5940983], [8.5388781, 53.5939925], [8.5388741, 53.5937577], [8.538901, 53.5931292], [8.5389078, 53.5929018], [8.5389349, 53.5925207], [8.5390625, 53.5921686], [8.5391367, 53.5919972], [8.5392417, 53.591823], [8.5394626, 53.5913406], [8.5396356, 53.5911322], [8.5403373, 53.5902468], [8.5409873, 53.5895342], [8.542676, 53.5875477], [8.5428187, 53.5874144], [8.5447083, 53.5852005], [8.5450526, 53.5848006], [8.5453196, 53.5843885], [8.5455649, 53.5839902], [8.5456615, 53.583768]]]}}, {"type": "Feature", "properties": {"seamark_type": "harbour", "name": "Gemeentelijke Jachthaven Scheemda", "osm_id": 183343135}, "geometry": {"type": "Polygon", "coordinates": [[[6.9646285, 53.1762816], [6.9647239, 53.1757748], [6.9653168, 53.1758158], [6.9655542, 53.1759077], [6.9657483, 53.1759824], [6.966022, 53.1760923], [6.9659686, 53.1763749], [6.9646285, 53.1762816]]]}}, {"type": "Feature", "properties": {"seamark_type": "anchorage", "name": null, "osm_id": 184786254}, "geometry": {"type": "Polygon", "coordinates": [[[13.0447, 54.441873], [13.041346, 54.4380391], [13.047147, 54.439618], [13.0447, 54.441873]]]}}, {"type": "Feature", "properties": {"seamark_type": "anchorage", "name": "Vortapptief Reede Außen", "osm_id": 184994746}, "geometry": {"type": "Polygon", "coordinates": [[[8.2650817, 54.657255], [8.2590683, 54.657395], [8.2582983, 54.6474367], [8.2642733, 54.647355], [8.2650817, 54.657255]]]}}, {"type": "Feature", "properties": {"seamark_type": "harbour", "name": "Sportboothafen", "osm_id": 185682999}, "geometry": {"type": "Polygon", "coordinates": [[[8.5745573, 54.6945498], [8.5758367, 54.6941556], [8.5760262, 54.6939664], [8.5778553, 54.6945284], [8.5778645, 54.6945559], [8.5778712, 54.6945937], [8.5777049, 54.6947128], [8.576079, 54.6958746], [8.5760577, 54.6958915], [8.5759557, 54.6958729], [8.5758386, 54.6958401], [8.575731, 54.6957978], [8.5756351, 54.6957469], [8.5745573, 54.6945498]]]}}, {"type": "Feature", "properties": {"seamark_type": "harbour", "name": "Fischerei- und Yachthafen Möltenort / Heikendorf", "osm_id": 186071083}, "geometry": {"type": "Polygon", "coordinates": [[[10.1953759, 54.373093], [10.1951935, 54.3731616], [10.19513, 54.3731855], [10.1943501, 54.3735086], [10.1939699, 54.3735255], [10.1939641, 54.3736235], [10.1940052, 54.3737001], [10.1942916, 54.3739686], [10.1952232, 54.3745902], [10.1947733, 54.3752099], [10.1947502, 54.3753791], [10.1947563, 54.3756732], [10.1947582, 54.3760532], [10.1947702, 54.3761993], [10.1958143, 54.37657], [10.1958662, 54.3765172], [10.1959538, 54.3765463], [10.1965041, 54.375927], [10.1965224, 54.3759006], [10.1965516, 54.3759068], [10.1968056, 54.3755898], [10.1968305, 54.3755319], [10.1969329, 54.3750585], [10.1968921, 54.3747437], [10.1969964, 54.3747459], [10.1969944, 54.3746114], [10.1969195, 54.3744504], [10.1968545, 54.3743939], [10.1966715, 54.3743458], [10.1966969, 54.3743117], [10.1965801, 54.3742809], [10.1966583, 54.3742013], [10.1964875, 54.37401], [10.196062, 54.3736809], [10.1953759, 54.373093]]]}}, {"type": "Feature", "properties": {"seamark_type": "harbour", "name": "Yachthafen Mönkeberg", "osm_id": 186071085}, "geometry": {"type": "Polygon", "coordinates": [[[10.1769015, 54.3528024], [10.1768261, 54.3526317], [10.1765612, 54.3525624], [10.176146, 54.3530592], [10.1760374, 54.3539314], [10.1762275, 54.3542269], [10.1766287, 54.3544233], [10.1776071, 54.3544985], [10.1775498, 54.3542786], [10.177695, 54.3542865], [10.1777277, 54.3539384], [10.1778945, 54.3532924], [10.1779475, 54.3530942], [10.1769015, 54.3528024]]]}}, {"type": "Feature", "properties": {"seamark_type": "harbour", "name": "Wiking Yachthafen", "osm_id": 187732077}, "geometry": {"type": "Polygon", "coordinates": [[[9.5504305, 54.5063767], [9.5484057, 54.506613], [9.5476434, 54.5066755], [9.5476701, 54.5067412], [9.5476853, 54.5067875], [9.5482048, 54.5067303], [9.5483776, 54.507259], [9.5483969, 54.507318], [9.5486343, 54.5072986], [9.5487337, 54.5074654], [9.549121, 54.507629], [9.5490002, 54.5078325], [9.5487598, 54.5080618], [9.548292, 54.508325], [9.5480439, 54.5083735], [9.5481535, 54.5086051], [9.5510427, 54.5082292], [9.5504305, 54.5063767]]]}}, {"type": "Feature", "properties": {"seamark_type": "harbour", "name": "Schrader Marina Borgwedel", "osm_id": 188001410}, "geometry": {"type": "Polygon", "coordinates": [[[9.6704395, 54.4963561], [9.6712496, 54.4965969], [9.672834, 54.4971551], [9.6729502, 54.4971929], [9.6731978, 54.4972603], [9.6736789, 54.497085], [9.6739174, 54.4969269], [9.6739502, 54.4966772], [9.6736087, 54.4965131], [9.6735487, 54.4964843], [9.6733614, 54.4963869], [9.6740226, 54.4959868], [9.6738621, 54.4955246], [9.6724053, 54.4949436], [9.6714336, 54.4956575], [9.6711023, 54.4955881], [9.6704395, 54.4963561]]]}}, {"type": "Feature", "properties": {"seamark_type": "anchorage", "name": "Neue Weser Nord Reede", "osm_id": 188241786}, "geometry": {"type": "Polygon", "coordinates": [[[7.8768667, 53.8847667], [7.8768667, 53.92995], [7.7683, 53.9166667], [7.7683, 53.9031167], [7.7906584, 53.8993383], [7.8768667, 53.8847667]]]}}, {"type": "Feature", "properties": {"seamark_type": "harbour", "name": "Kjørrefjord", "osm_id": 189321417}, "geometry": {"type": "Polygon", "coordinates": [[[6.764526, 58.0991403], [6.7642644, 58.0998329], [6.7653931, 58.0999451], [6.7663014, 58.099817], [6.7664742, 58.0999199], [6.7670782, 58.0998572], [6.7679419, 58.0994946], [6.7687069, 58.0996511], [6.7696548, 58.0996904], [6.7693159, 58.0999097], [6.7688971, 58.0999581], [6.7680246, 58.0997506], [6.7675621, 58.0999535], [6.767549, 58.1001195], [6.7674051, 58.1002279], [6.7670561, 58.1002163], [6.7669993, 58.1001195], [6.7649489, 58.100357], [6.7652935, 58.1011823], [6.7642127, 58.1013025], [6.7641016, 58.1014231], [6.761646, 58.1017361], [6.760955, 58.1000668], [6.7605017, 58.1001411], [6.7599935, 58.0999196], [6.7600492, 58.0998746], [6.7602121, 58.0997382], [6.7604957, 58.0996958], [6.7609144, 58.0996643], [6.7614647, 58.0995403], [6.7620066, 58.0994442], [6.762442, 58.0992841], [6.7626689, 58.0992726], [6.7631594, 58.0991762], [6.7638839, 58.0990461], [6.7641435, 58.0990555], [6.764526, 58.0991403]]]}}, {"type": "Feature", "properties": {"seamark_type": "harbour", "name": "Wackerballig", "osm_id": 190437873}, "geometry": {"type": "Polygon", "coordinates": [[[9.8716334, 54.7583874], [9.8729203, 54.7566945], [9.8748969, 54.7567558], [9.8750532, 54.7588684], [9.8735233, 54.758842], [9.8716334, 54.7583874]]]}}, {"type": "Feature", "properties": {"seamark_type": "harbour", "name": "Gjøl Havn", "osm_id": 190666164}, "geometry": {"type": "Polygon", "coordinates": [[[9.7015929, 57.0614871], [9.7015588, 57.061666], [9.7014126, 57.0617339], [9.7019734, 57.0620225], [9.7022427, 57.0619944], [9.7042242, 57.0629138], [9.7025156, 57.0631151], [9.7009008, 57.0631055], [9.6997064, 57.0632655], [9.6997636, 57.0633708], [9.6996635, 57.0633832], [9.6992267, 57.0624733], [9.699235, 57.0622946], [9.6994713, 57.0622211], [9.69971, 57.0620563], [9.7000587, 57.0618579], [9.701544, 57.0615017], [9.7015929, 57.0614871]]]}}, {"type": "Feature", "properties": {"seamark_type": "harbour", "name": "Privathafen Am Jagowkanal", "osm_id": 190885791}, "geometry": {"type": "Polygon", "coordinates": [[[12.8720778, 53.1616423], [12.8721052, 53.1615631], [12.8720542, 53.161568], [12.8718774, 53.1615328], [12.871843, 53.1615034], [12.872004, 53.161182], [12.8720731, 53.1610708], [12.8722014, 53.1608644], [12.8717907, 53.1608193], [12.8716514, 53.1611505], [12.8717263, 53.1611648], [12.8715248, 53.1615599], [12.8716301, 53.1615825], [12.8715251, 53.1616265], [12.8715539, 53.1616511], [12.8717611, 53.1615661], [12.8720778, 53.1616423]]]}}, {"type": "Feature", "properties": {"seamark_type": "harbour", "name": "Færgehagen", "osm_id": 191305119}, "geometry": {"type": "Polygon", "coordinates": [[[10.1159405, 56.71136], [10.1164101, 56.711152], [10.1162964, 56.7110746], [10.1160779, 56.7109261], [10.1156083, 56.7111341], [10.1159405, 56.71136]]]}}, {"type": "Feature", "properties": {"seamark_type": "anchorage", "name": "Voslapp Reede Mitte", "osm_id": 193989737}, "geometry": {"type": "Polygon", "coordinates": [[[8.1658, 53.5953], [8.1794, 53.5971667], [8.17498, 53.6076093], [8.1729167, 53.6124833], [8.15975, 53.61055], [8.1658, 53.5953]]]}}, {"type": "Feature", "properties": {"seamark_type": "anchorage", "name": "Voslapp Reede Nord", "osm_id": 193989740}, "geometry": {"type": "Polygon", "coordinates": [[[8.1729167, 53.6124833], [8.1648667, 53.6237333], [8.1536697, 53.625824], [8.15975, 53.61055], [8.1729167, 53.6124833]]]}}, {"type": "Feature", "properties": {"seamark_type": "anchorage", "name": "Voslapp Reede Süd", "osm_id": 193989755}, "geometry": {"type": "Polygon", "coordinates": [[[8.1718499, 53.5800332], [8.18275, 53.5815167], [8.1794, 53.5971667], [8.1658, 53.5953], [8.1718499, 53.5800332]]]}}, {"type": "Feature", "properties": {"seamark_type": "harbour", "name": null, "osm_id": 197872888}, "geometry": {"type": "Polygon", "coordinates": [[[8.8720253, 53.0449502], [8.8716405, 53.0450579], [8.8708911, 53.045259], [8.8714353, 53.0461119], [8.8715408, 53.0462635], [8.8716476, 53.0464171], [8.872139, 53.0469705], [8.8729418, 53.0476833], [8.8734468, 53.0480633], [8.8734448, 53.0479755], [8.8735936, 53.0477697], [8.8738197, 53.0478561], [8.8738747, 53.0478023], [8.8741367, 53.0475019], [8.8748188, 53.0468381], [8.8755261, 53.0461088], [8.8758265, 53.0457089], [8.8758465, 53.0456], [8.8756285, 53.0455909], [8.8749123, 53.045561], [8.8739461, 53.0456526], [8.8731566, 53.0457441], [8.8725826, 53.0457937], [8.8720253, 53.0449502]]]}}, {"type": "Feature", "properties": {"seamark_type": "harbour", "name": "Segelclub Niedersachsen - Werder e.V.", "osm_id": 198922027}, "geometry": {"type": "Polygon", "coordinates": [[[8.81861, 53.0673408], [8.8188329, 53.0673215], [8.8193462, 53.0672292], [8.8200461, 53.0671215], [8.8206144, 53.0670519], [8.8208664, 53.0670214], [8.8208724, 53.0670391], [8.82099, 53.0670282], [8.8211039, 53.0670599], [8.8212126, 53.0671446], [8.8214609, 53.0672924], [8.8215868, 53.0673661], [8.8216323, 53.0674236], [8.821689, 53.067512], [8.8216534, 53.067586], [8.8206133, 53.0677771], [8.8192158, 53.0679994], [8.8190277, 53.0679759], [8.818816, 53.06767], [8.8186945, 53.0676195], [8.8186693, 53.0675882], [8.818537, 53.0674255], [8.81856, 53.0673731], [8.81861, 53.0673408]]]}}, {"type": "Feature", "properties": {"seamark_type": "harbour", "name": "Hafen Wangersiel", "osm_id": 201421983}, "geometry": {"type": "Polygon", "coordinates": [[[8.025711, 53.6845834], [8.023104, 53.6845882], [8.0230068, 53.6844732], [8.02277, 53.6844261], [8.0225908, 53.6843916], [8.0223888, 53.6843574], [8.0210556, 53.6841471], [8.021135, 53.683961], [8.0202679, 53.6838243], [8.0203225, 53.6836626], [8.0200262, 53.683558], [8.0201315, 53.6833414], [8.0204902, 53.68335], [8.0205773, 53.6831997], [8.0235198, 53.6836533], [8.0236546, 53.683387], [8.0241443, 53.6834588], [8.0241834, 53.6833844], [8.024503, 53.6834313], [8.0249604, 53.6835971], [8.0253382, 53.6840936], [8.025711, 53.6845834]]]}}, {"type": "Feature", "properties": {"seamark_type": "harbour", "name": "Jacht Klub Cztery Wiatry", "osm_id": 201769670}, "geometry": {"type": "Polygon", "coordinates": [[[14.2771646, 53.9169303], [14.2769773, 53.9169613], [14.2770811, 53.9171791], [14.2760723, 53.9173459], [14.2760021, 53.9171987], [14.2759653, 53.9172048], [14.2759519, 53.9171766], [14.2759898, 53.9171704], [14.2759643, 53.917117], [14.2765596, 53.9170125], [14.2765506, 53.9169717], [14.2765119, 53.9169781], [14.2764716, 53.9168937], [14.2770978, 53.9167901], [14.2771646, 53.9169303]]]}}, {"type": "Feature", "properties": {"seamark_type": "harbour", "name": "Sielhafen Wremer Tief", "osm_id": 202093561}, "geometry": {"type": "Polygon", "coordinates": [[[8.492777, 53.6472529], [8.4926453, 53.647333], [8.4925321, 53.6473919], [8.4926552, 53.6474723], [8.4926257, 53.6476949], [8.4939632, 53.6484727], [8.4941492, 53.6485423], [8.4943159, 53.6486328], [8.494513, 53.6487398], [8.4947383, 53.6485908], [8.4946778, 53.6485622], [8.4947209, 53.6485371], [8.4947902, 53.6485315], [8.4948622, 53.6485613], [8.4948809, 53.6485542], [8.4948867, 53.6485474], [8.4948338, 53.648507], [8.4948442, 53.6484707], [8.4948857, 53.6484323], [8.4941979, 53.6479656], [8.4943622, 53.6478458], [8.4943755, 53.6477972], [8.4943759, 53.6475539], [8.4938128, 53.6474406], [8.4935779, 53.6473419], [8.4934911, 53.6473994], [8.4934753, 53.6474172], [8.4931458, 53.6472372], [8.4929366, 53.6473435], [8.492777, 53.6472529]]]}}, {"type": "Feature", "properties": {"seamark_type": "harbour", "name": "Schlepperhafen", "osm_id": 202306289}, "geometry": {"type": "Polygon", "coordinates": [[[8.5087164, 53.6031317], [8.5077507, 53.6038267], [8.5078154, 53.6038607], [8.5080262, 53.6037118], [8.5083876, 53.6034565], [8.5086027, 53.6033045], [8.5088497, 53.6034065], [8.5089474, 53.6033448], [8.5099448, 53.6038295], [8.5098746, 53.6038825], [8.5103043, 53.6039525], [8.5103509, 53.6038578], [8.5103937, 53.6037472], [8.5104027, 53.6036894], [8.5106802, 53.6036528], [8.5099863, 53.6035053], [8.5097889, 53.6036551], [8.5087164, 53.6031317]]]}}, {"type": "Feature", "properties": {"seamark_type": "harbour", "name": "Schiffergilde Bremerhaven", "osm_id": 203793423}, "geometry": {"type": "Polygon", "coordinates": [[[8.5736799, 53.544271], [8.5729535, 53.5440022], [8.5723686, 53.544634], [8.573193, 53.5448936], [8.5737889, 53.544308], [8.573727, 53.5442847], [8.5736799, 53.544271]]]}}, {"type": "Feature", "properties": {"seamark_type": "harbour", "name": "Yachthafen Fahrensodde", "osm_id": 205229588}, "geometry": {"type": "Polygon", "coordinates": [[[9.4726921, 54.8237314], [9.4723606, 54.8235775], [9.4723429, 54.8235487], [9.4722895, 54.8235319], [9.4722494, 54.8235365], [9.4720682, 54.8236014], [9.4719248, 54.8236416], [9.4718336, 54.8236648], [9.4717772, 54.8236709], [9.471686, 54.8236702], [9.4715337, 54.8236549], [9.4709499, 54.823522], [9.4706064, 54.8234413], [9.4702899, 54.823365], [9.469532, 54.8231447], [9.4686444, 54.8228505], [9.4685975, 54.8228172], [9.4686179, 54.8227442], [9.468668, 54.8225178], [9.4690971, 54.8223557], [9.4691487, 54.8223475], [9.4693324, 54.8223706], [9.469354, 54.8223517], [9.4693906, 54.8223546], [9.4695751, 54.8223691], [9.4696315, 54.8223513], [9.469949, 54.8221543], [9.4703985, 54.8220536], [9.470648, 54.8220662], [9.4708398, 54.8220577], [9.4710304, 54.8220362], [9.4712636, 54.821999], [9.4717863, 54.8219222], [9.4718912, 54.821924], [9.4720642, 54.821948], [9.472193, 54.821972], [9.4722198, 54.8219905], [9.4722226, 54.8220146], [9.4722419, 54.8220341], [9.4722614, 54.8220454], [9.4724411, 54.8220608], [9.4724544, 54.822111], [9.4725618, 54.8221064], [9.4725725, 54.822162], [9.472594, 54.8221605], [9.4726107, 54.822159], [9.4726281, 54.8221575], [9.4726354, 54.8221855], [9.4726528, 54.8221837], [9.4727232, 54.822178], [9.4727172, 54.822151], [9.4730164, 54.8220662], [9.4731468, 54.8220566], [9.4732605, 54.8220716], [9.4733208, 54.8220693], [9.4733721, 54.822043], [9.4734134, 54.8220114], [9.4734469, 54.8220021], [9.4734744, 54.8220029], [9.4745267, 54.8222469], [9.4756233, 54.8224806], [9.4756569, 54.8225378], [9.4753784, 54.8230441], [9.4752351, 54.8233006], [9.4751307, 54.8234388], [9.4750455, 54.8235234], [9.4749748, 54.8235711], [9.4748919, 54.8236114], [9.4747274, 54.8236771], [9.4745077, 54.8237443], [9.4742241, 54.8238122], [9.4740974, 54.8238336], [9.4739284, 54.8238633], [9.4737237, 54.8238886], [9.4735247, 54.8238989], [9.4734523, 54.8239004], [9.4733825, 54.8239004], [9.4732351, 54.8238865], [9.4730902, 54.8238656], [9.4730446, 54.8238502], [9.4730196, 54.8238378], [9.4730057, 54.823817], [9.4729748, 54.8237915], [9.4728096, 54.823739], [9.4727254, 54.8237305], [9.4726921, 54.8237314]]]}}, {"type": "Feature", "properties": {"seamark_type": "harbour", "name": "Kommunal- und Sportboothafen Großenbrode", "osm_id": 205333417}, "geometry": {"type": "Polygon", "coordinates": [[[11.0631526, 54.358254], [11.0634401, 54.3572054], [11.0644152, 54.3570297], [11.0649382, 54.3569954], [11.0651825, 54.3569891], [11.065338, 54.3571025], [11.0654214, 54.3581866], [11.0654129, 54.3582826], [11.0642503, 54.3582787], [11.0640802, 54.3583904], [11.0638127, 54.3583926], [11.0637168, 54.358261], [11.0631526, 54.358254]]]}}, {"type": "Feature", "properties": {"seamark_type": "harbour", "name": "Yachthafen Glücksburg Quellental", "osm_id": 205333421}, "geometry": {"type": "Polygon", "coordinates": [[[9.5248708, 54.8396077], [9.5248367, 54.8396045], [9.5246184, 54.8396313], [9.524391, 54.8396441], [9.5242235, 54.8396473], [9.5240934, 54.8396381], [9.5239356, 54.8396225], [9.523679, 54.8395985], [9.5233641, 54.8395528], [9.523225, 54.8395312], [9.5230439, 54.8394934], [9.5228819, 54.8394492], [9.5226985, 54.8393898], [9.5222448, 54.839233], [9.5214656, 54.8389514], [9.521018, 54.8387875], [9.5209715, 54.8387733], [9.5205383, 54.8385494], [9.5211827, 54.8380734], [9.5215042, 54.8378358], [9.5221858, 54.837333], [9.5225724, 54.8372099], [9.5230295, 54.8371278], [9.5235357, 54.8371476], [9.5238786, 54.8372268], [9.5242289, 54.8374297], [9.5243476, 54.8376677], [9.5245625, 54.8377885], [9.5247141, 54.8376944], [9.5248036, 54.8377385], [9.5246597, 54.8378298], [9.5248129, 54.8379033], [9.5248804, 54.8378562], [9.5252078, 54.838052], [9.5253128, 54.8380019], [9.5257931, 54.8384533], [9.5259299, 54.838667], [9.5261683, 54.8389236], [9.5263455, 54.8391898], [9.5264794, 54.839391], [9.525864, 54.8395241], [9.525443, 54.8394833], [9.5248708, 54.8396077]]]}}, {"type": "Feature", "properties": {"seamark_type": "harbour", "name": "Angelverein Anklam", "osm_id": 206312995}, "geometry": {"type": "Polygon", "coordinates": [[[13.675672, 53.8564237], [13.675396, 53.8564578], [13.67463, 53.8547867], [13.6756121, 53.8546783], [13.6760665, 53.8556729], [13.6761452, 53.8557003], [13.676278, 53.8557043], [13.6769246, 53.855704], [13.6769169, 53.8557881], [13.6768989, 53.8558563], [13.6766836, 53.8559885], [13.6765577, 53.8561328], [13.6765648, 53.8563478], [13.6759228, 53.8564175], [13.675672, 53.8564237]]]}}, {"type": "Feature", "properties": {"seamark_type": "harbour", "name": "Przystań Żeglarska Łunowo", "osm_id": 206998914}, "geometry": {"type": "Polygon", "coordinates": [[[14.3930443, 53.8963751], [14.3933435, 53.8964109], [14.3933339, 53.8965536], [14.3932492, 53.8966404], [14.3932415, 53.896701], [14.393223, 53.896846], [14.3931328, 53.896917], [14.3924554, 53.8968249], [14.3924802, 53.8967032], [14.3925189, 53.8965546], [14.3928247, 53.8963983], [14.3928244, 53.8963402], [14.3930443, 53.8963751]]]}}, {"type": "Feature", "properties": {"seamark_type": "harbour", "name": "Akad. Segelclub Bremerhaven e.V. Bremerhavener Fahrtenschipper e.V. Marine-Jugend e.V.", "osm_id": 207364989}, "geometry": {"type": "Polygon", "coordinates": [[[8.5790536, 53.5258244], [8.5785192, 53.5268036], [8.5794584, 53.5269672], [8.5795186, 53.5268189], [8.5799188, 53.5259718], [8.579866, 53.5259587], [8.5797862, 53.5259448], [8.5792216, 53.5258542], [8.5790536, 53.5258244]]]}}, {"type": "Feature", "properties": {"seamark_type": "harbour", "name": null, "osm_id": 216933487}, "geometry": {"type": "Polygon", "coordinates": [[[10.3701937, 53.4288395], [10.3699119, 53.428603], [10.3715429, 53.4282181], [10.3723698, 53.4282489], [10.3723789, 53.4284172], [10.372321, 53.4284696], [10.3707022, 53.4290432], [10.3701937, 53.4288395]]]}}, {"type": "Feature", "properties": {"seamark_type": "anchorage", "name": "Wanger Reede", "osm_id": 217299343}, "geometry": {"type": "Polygon", "coordinates": [[[8.0735053, 53.6687139], [8.0843881, 53.6729372], [8.073667, 53.692667], [8.061167, 53.6935], [8.0735053, 53.6687139]]]}}, {"type": "Feature", "properties": {"seamark_type": "harbour", "name": "Bootshafen Campingplatz Stover Strand", "osm_id": 217838127}, "geometry": {"type": "Polygon", "coordinates": [[[10.2951916, 53.4264823], [10.2953656, 53.4265397], [10.2954662, 53.4265509], [10.2955855, 53.4265297], [10.2956767, 53.4264946], [10.2958095, 53.4264099], [10.2958504, 53.4263539], [10.2958658, 53.4263052], [10.2958578, 53.4262277], [10.2957606, 53.4261522], [10.2955681, 53.4260291], [10.2952268, 53.4258641], [10.2948211, 53.4256124], [10.2943906, 53.4253714], [10.2940272, 53.4251764], [10.2936523, 53.425017], [10.2933767, 53.4249139], [10.2930589, 53.4248148], [10.2928584, 53.4247721], [10.2927551, 53.4247969], [10.2927142, 53.4248296], [10.2925989, 53.4249555], [10.2925399, 53.4250877], [10.2924474, 53.4252659], [10.2923729, 53.4253638], [10.29232, 53.4254941], [10.2935511, 53.425793], [10.2936208, 53.4257938], [10.2936671, 53.4258237], [10.2937583, 53.4258753], [10.2939125, 53.4259008], [10.2946334, 53.4262145], [10.2951916, 53.4264823]]]}}, {"type": "Feature", "properties": {"seamark_type": "harbour", "name": null, "osm_id": 218525859}, "geometry": {"type": "Polygon", "coordinates": [[[7.4758847, 53.4665118], [7.475916, 53.4664744], [7.4744037, 53.4660517], [7.4740242, 53.4659345], [7.4738378, 53.4658537], [7.4735856, 53.4657131], [7.4733567, 53.4655485], [7.4732615, 53.4655868], [7.4734626, 53.4657244], [7.4736458, 53.4658311], [7.4738146, 53.465919], [7.4738988, 53.4659591], [7.4739823, 53.4659936], [7.4740239, 53.4660046], [7.4758847, 53.4665118]]]}}, {"type": "Feature", "properties": {"seamark_type": "harbour", "name": "Stadthafen Aurich", "osm_id": 218525860}, "geometry": {"type": "Polygon", "coordinates": [[[7.4736983, 53.4647847], [7.4735883, 53.4647072], [7.4739531, 53.4645156], [7.4742696, 53.4641324], [7.4744413, 53.4641783], [7.4740704, 53.4646366], [7.4739741, 53.4647072], [7.4738451, 53.4647598], [7.4736983, 53.4647847]]]}}, {"type": "Feature", "properties": {"seamark_type": "harbour", "name": "Bootsservice Rick & Rick", "osm_id": 219034808}, "geometry": {"type": "Polygon", "coordinates": [[[12.8116934, 53.2891267], [12.8116046, 53.2886849], [12.8107995, 53.2887376], [12.8109246, 53.2885111], [12.8108592, 53.2885221], [12.8107573, 53.2885834], [12.8102278, 53.2886118], [12.8101148, 53.2878839], [12.8106568, 53.2878583], [12.8107466, 53.2878539], [12.8107688, 53.2878528], [12.8106898, 53.2872765], [12.8113307, 53.2872044], [12.8115488, 53.2872098], [12.8131171, 53.2872681], [12.8130701, 53.287865], [12.8130647, 53.2879538], [12.8129629, 53.2890507], [12.812933, 53.2890716], [12.8116934, 53.2891267]]]}}, {"type": "Feature", "properties": {"seamark_type": "harbour", "name": null, "osm_id": 219185965}, "geometry": {"type": "Polygon", "coordinates": [[[10.3016245, 54.3319937], [10.3013402, 54.3319635], [10.3013402, 54.3319038], [10.3013021, 54.3319022], [10.3012606, 54.3319005], [10.3012435, 54.3319403], [10.3009533, 54.3318982], [10.3009782, 54.331636], [10.3010697, 54.3316021], [10.3009927, 54.3314561], [10.3009762, 54.3314409], [10.3010264, 54.3312407], [10.3011382, 54.331235], [10.3015051, 54.3313025], [10.3016482, 54.3314731], [10.3015665, 54.3316755], [10.3016563, 54.331676], [10.3016245, 54.3319937]]]}}, {"type": "Feature", "properties": {"seamark_type": "harbour", "name": "Ejerslev Havn", "osm_id": 221210473}, "geometry": {"type": "Polygon", "coordinates": [[[8.9234011, 56.9188827], [8.9232622, 56.9189856], [8.9219367, 56.9195327], [8.9212235, 56.919683], [8.921015, 56.919726], [8.9207264, 56.9195374], [8.920789, 56.9193142], [8.9208522, 56.9190889], [8.9208244, 56.9189074], [8.9207985, 56.9188579], [8.9206457, 56.9186414], [8.9203278, 56.9184886], [8.920271, 56.9182304], [8.9205837, 56.9181434], [8.9206844, 56.9181227], [8.9207652, 56.9181046], [8.9208462, 56.9182218], [8.9209589, 56.9182379], [8.9210414, 56.9181854], [8.9210808, 56.9181603], [8.921433, 56.9179151], [8.9215798, 56.9178264], [8.9216782, 56.9178165], [8.9218178, 56.9178056], [8.9225242, 56.9180679], [8.9227289, 56.9182131], [8.922996, 56.9182386], [8.9234982, 56.9184315], [8.9235599, 56.9184395], [8.923618, 56.9184298], [8.9236871, 56.9184524], [8.92374, 56.9185072], [8.9236872, 56.91859], [8.9237604, 56.9187829], [8.9237182, 56.9188326], [8.9236358, 56.918851], [8.9235771, 56.9188392], [8.9234011, 56.9188827]]]}}, {"type": "Feature", "properties": {"seamark_type": "harbour", "name": "Sportboothafen Fleckeby", "osm_id": 222104680}, "geometry": {"type": "Polygon", "coordinates": [[[9.6990779, 54.4916347], [9.7004206, 54.4915906], [9.7008911, 54.4915693], [9.7008918, 54.4915554], [9.7009189, 54.4914907], [9.7011376, 54.4908737], [9.7014908, 54.4898191], [9.7008367, 54.4897367], [9.7007186, 54.4899562], [9.7001078, 54.4905006], [9.6994901, 54.4904702], [9.6994444, 54.4905685], [9.6993817, 54.4907649], [9.6993139, 54.4913294], [9.6990779, 54.4916347]]]}}, {"type": "Feature", "properties": {"seamark_type": "anchorage", "name": "Sprengstoff-Reede", "osm_id": 222299055}, "geometry": {"type": "Polygon", "coordinates": [[[8.073667, 53.692667], [8.0687383, 53.70328], [8.057641, 53.701515], [8.061167, 53.6935], [8.073667, 53.692667]]]}}, {"type": "Feature", "properties": {"seamark_type": "anchorage", "name": "Schillig Reede Süd", "osm_id": 222346153}, "geometry": {"type": "Polygon", "coordinates": [[[8.0785183, 53.70486], [8.0856904, 53.7076461], [8.0834833, 53.7327167], [8.0662573, 53.7322633], [8.0785183, 53.70486]]]}}, {"type": "Feature", "properties": {"seamark_type": "anchorage", "name": "Quarantäne-Reede", "osm_id": 222346155}, "geometry": {"type": "Polygon", "coordinates": [[[8.0687383, 53.70328], [8.061267, 53.7193], [8.0521211, 53.7132021], [8.057641, 53.701515], [8.0687383, 53.70328]]]}}, {"type": "Feature", "properties": {"seamark_type": "harbour", "name": "Yachtwerft Lütje GmbH", "osm_id": 222603309}, "geometry": {"type": "Polygon", "coordinates": [[[10.0452278, 53.5284869], [10.0452146, 53.5282202], [10.0453095, 53.5281137], [10.0453276, 53.5280798], [10.0452395, 53.5277248], [10.0452188, 53.5276001], [10.0452262, 53.527525], [10.0452451, 53.5274756], [10.0452599, 53.5274243], [10.0452307, 53.5273879], [10.0452245, 53.5273686], [10.0452207, 53.5273501], [10.045225, 53.5273375], [10.0452494, 53.5273247], [10.0456176, 53.5271767], [10.0458204, 53.5271117], [10.0458502, 53.5271119], [10.0459771, 53.5271047], [10.0460474, 53.5271169], [10.046084, 53.5271389], [10.0462872, 53.5272834], [10.0464331, 53.5273977], [10.0466333, 53.5275717], [10.0466345, 53.5275864], [10.0467152, 53.5276391], [10.0467937, 53.5276797], [10.0469879, 53.5277366], [10.047126, 53.5277622], [10.0473362, 53.5277961], [10.0473562, 53.5280026], [10.0470656, 53.5285211], [10.0452278, 53.5284869]]]}}, {"type": "Feature", "properties": {"seamark_type": "harbour", "name": "Sommerlyst", "osm_id": 223726624}, "geometry": {"type": "Polygon", "coordinates": [[[8.2328725, 56.0959006], [8.2329562, 56.0958399], [8.2331908, 56.095952], [8.2332401, 56.095921], [8.2334509, 56.0957881], [8.2337323, 56.0959222], [8.2344297, 56.0962265], [8.234655, 56.0961278], [8.2353309, 56.096493], [8.2356099, 56.096792], [8.2351871, 56.096932], [8.2328725, 56.0959006]]]}}, {"type": "Feature", "properties": {"seamark_type": "harbour", "name": "Jollehavn", "osm_id": 223896090}, "geometry": {"type": "Polygon", "coordinates": [[[8.2445901, 56.0852764], [8.2447343, 56.0853429], [8.2447062, 56.0853714], [8.2447095, 56.0854039], [8.2447296, 56.0854383], [8.2447598, 56.0854679], [8.2447947, 56.0855012], [8.2448141, 56.0855378], [8.2448269, 56.0856048], [8.2448215, 56.0856318], [8.2447967, 56.0856636], [8.2447578, 56.0856939], [8.2447001, 56.085726], [8.244617, 56.0857496], [8.2445144, 56.0857732], [8.2443685, 56.0858046], [8.2437208, 56.0860481], [8.243707, 56.0860476], [8.2435864, 56.0859715], [8.2431769, 56.0856521], [8.243176, 56.0856498], [8.2431766, 56.0856475], [8.2431816, 56.0856445], [8.2441054, 56.0852361], [8.2441191, 56.0852337], [8.2441308, 56.0852348], [8.2441399, 56.085238], [8.2442884, 56.0853568], [8.2443206, 56.0853687], [8.2443595, 56.0853732], [8.2444078, 56.0853672], [8.2444447, 56.0853459], [8.2445224, 56.0852653], [8.2445901, 56.0852764]]]}}, {"type": "Feature", "properties": {"seamark_type": "harbour", "name": "SCE - Segelclub Eckernförde", "osm_id": 225188747}, "geometry": {"type": "Polygon", "coordinates": [[[9.8563182, 54.4749194], [9.8553617, 54.4745985], [9.854456, 54.4743523], [9.8543481, 54.4743481], [9.8542543, 54.4743706], [9.8523184, 54.475441], [9.8522799, 54.4754768], [9.8522656, 54.4755178], [9.8522443, 54.4764219], [9.8522747, 54.4767849], [9.852579, 54.4768087], [9.8538119, 54.4770382], [9.8541162, 54.4770805], [9.8543296, 54.4770805], [9.8547043, 54.4770396], [9.8568991, 54.4763023], [9.8577736, 54.4760435], [9.8583146, 54.475856], [9.8581808, 54.4756948], [9.8571746, 54.4747124], [9.8571485, 54.4746345], [9.856463, 54.4749206], [9.8564125, 54.4749256], [9.8563182, 54.4749194]]]}}, {"type": "Feature", "properties": {"seamark_type": "harbour", "name": "Yachthafen Eckernförde", "osm_id": 225188748}, "geometry": {"type": "Polygon", "coordinates": [[[9.8424969, 54.4743485], [9.8429494, 54.4744842], [9.8436163, 54.4734803], [9.8436115, 54.4734244], [9.8425129, 54.4730358], [9.8424491, 54.4730136], [9.842199, 54.472917], [9.841912, 54.4730524], [9.8416351, 54.473162], [9.8410591, 54.4733533], [9.8410511, 54.4733782], [9.8411298, 54.4734418], [9.8412316, 54.4735269], [9.8413859, 54.4736359], [9.8417505, 54.4739213], [9.8420962, 54.4741955], [9.8421063, 54.4742035], [9.8424969, 54.4743485]]]}}, {"type": "Feature", "properties": {"seamark_type": "harbour", "name": "Jachthaven Zwartkruis", "osm_id": 225703435}, "geometry": {"type": "Polygon", "coordinates": [[[6.032291, 53.2219293], [6.0316499, 53.2218506], [6.0316178, 53.2219133], [6.0294908, 53.2220096], [6.0293226, 53.2224978], [6.0304939, 53.2226327], [6.0306119, 53.2225877], [6.0307138, 53.2225941], [6.0315882, 53.2220192], [6.0322373, 53.2221027], [6.032291, 53.2219293]]]}}, {"type": "Feature", "properties": {"seamark_type": "harbour", "name": "Wassersportverein Fleckeby", "osm_id": 225894885}, "geometry": {"type": "Polygon", "coordinates": [[[9.6986876, 54.4904686], [9.6982188, 54.4903224], [9.6981517, 54.4901899], [9.6976936, 54.4900369], [9.6976422, 54.4901106], [9.6975571, 54.4900939], [9.6968406, 54.4914], [9.695285, 54.491062], [9.695756, 54.4902441], [9.6964825, 54.4901039], [9.6967161, 54.4900845], [9.6967855, 54.4899184], [9.6962345, 54.4900306], [9.6960196, 54.4899288], [9.6966269, 54.4897526], [9.6969474, 54.4896852], [9.6972746, 54.4896883], [9.697575, 54.4897225], [9.697752, 54.489788], [9.6978486, 54.4899126], [9.6988705, 54.490299], [9.6988292, 54.4903384], [9.6986876, 54.4904686]]]}}, {"type": "Feature", "properties": {"seamark_type": "harbour", "name": null, "osm_id": 227104629}, "geometry": {"type": "Polygon", "coordinates": [[[14.0127821, 53.9485095], [14.0128858, 53.9485563], [14.012965, 53.9485382], [14.0130449, 53.948448], [14.013314, 53.9483399], [14.0133512, 53.9482931], [14.0132117, 53.9482576], [14.0129059, 53.9480042], [14.012398, 53.9481649], [14.0125244, 53.9484932], [14.0126283, 53.9485583], [14.0127821, 53.9485095]]]}}, {"type": "Feature", "properties": {"seamark_type": "harbour", "name": "Sportclub Diamant Stade", "osm_id": 229138835}, "geometry": {"type": "Polygon", "coordinates": [[[9.501381, 53.6193954], [9.5012346, 53.6191173], [9.5015958, 53.6189949], [9.5021396, 53.6189101], [9.5024473, 53.6189166], [9.502478, 53.6190065], [9.5030094, 53.6191586], [9.5030927, 53.6193136], [9.5027247, 53.6193535], [9.5014271, 53.6194232], [9.501381, 53.6193954]]]}}, {"type": "Feature", "properties": {"seamark_type": "harbour", "name": "Stadthafen Stade", "osm_id": 229231369}, "geometry": {"type": "Polygon", "coordinates": [[[9.4795219, 53.6022297], [9.4793628, 53.6022404], [9.4791191, 53.6040258], [9.4793787, 53.604097], [9.4793549, 53.6037669], [9.479509, 53.6026399], [9.4795219, 53.6022297]]]}}, {"type": "Feature", "properties": {"seamark_type": "harbour", "name": "Vive Havn", "osm_id": 229338590}, "geometry": {"type": "Polygon", "coordinates": [[[10.045247, 56.6982581], [10.0450988, 56.6982298], [10.0449718, 56.6984353], [10.0437771, 56.6982378], [10.0435198, 56.698724], [10.043655, 56.6987701], [10.0437653, 56.6994018], [10.0438911, 56.6994269], [10.0441915, 56.6994608], [10.0452751, 56.69934], [10.045204, 56.6990897], [10.0450802, 56.6990583], [10.0447488, 56.6989741], [10.044783, 56.6988257], [10.0448799, 56.6988051], [10.0449175, 56.6987644], [10.045247, 56.6982581]]]}}, {"type": "Feature", "properties": {"seamark_type": "anchorage", "name": "Wilhelmshaven Reede", "osm_id": 229782824}, "geometry": {"type": "Polygon", "coordinates": [[[8.1881531, 53.5329706], [8.187649, 53.546095], [8.1778449, 53.5460342], [8.1787461, 53.5306032], [8.1881531, 53.5329706]]]}}, {"type": "Feature", "properties": {"seamark_type": "harbour", "name": "Wassersportverein Hetlingen e.V.", "osm_id": 229939885}, "geometry": {"type": "Polygon", "coordinates": [[[9.6008569, 53.6038958], [9.6009859, 53.6038414], [9.6011168, 53.60395], [9.6014283, 53.6038352], [9.601527, 53.6037229], [9.6005874, 53.6028976], [9.5999298, 53.6031848], [9.6008569, 53.6038958]]]}}, {"type": "Feature", "properties": {"seamark_type": "harbour", "name": "Hafen Niro Petersen", "osm_id": 230063631}, "geometry": {"type": "Polygon", "coordinates": [[[9.4285722, 54.8018013], [9.4289256, 54.802133], [9.4294607, 54.8025913], [9.4297596, 54.8028549], [9.4301236, 54.8026654], [9.4302018, 54.802396], [9.4302178, 54.8018898], [9.430047, 54.8014926], [9.4298291, 54.8011956], [9.429779, 54.8008562], [9.42904, 54.8008765], [9.4282672, 54.8013676], [9.4283111, 54.8014366], [9.4283276, 54.8014626], [9.4285722, 54.8018013]]]}}, {"type": "Feature", "properties": {"seamark_type": "harbour", "name": null, "osm_id": 230385542}, "geometry": {"type": "Polygon", "coordinates": [[[14.0486046, 53.7322916], [14.0485925, 53.7322998], [14.0484752, 53.7323788], [14.048525, 53.732405], [14.0486075, 53.7324482], [14.0486925, 53.7324913], [14.0487762, 53.7325355], [14.0491162, 53.7327152], [14.0493174, 53.732712], [14.049532, 53.7328755], [14.0498056, 53.7332642], [14.049768, 53.7334609], [14.0496902, 53.7336291], [14.0495374, 53.7338195], [14.0496131, 53.7338435], [14.0496815, 53.7338597], [14.049893, 53.7336034], [14.050007, 53.7334505], [14.0499715, 53.7333721], [14.0499088, 53.7332336], [14.0500088, 53.7332011], [14.0496838, 53.7327569], [14.0495929, 53.7326992], [14.04981, 53.732579], [14.0495797, 53.7324319], [14.0493458, 53.7323613], [14.049046, 53.7325219], [14.0486046, 53.7322916]]]}}, {"type": "Feature", "properties": {"seamark_type": "harbour", "name": null, "osm_id": 231027619}, "geometry": {"type": "Polygon", "coordinates": [[[8.620853, 53.1618091], [8.6227433, 53.1617788], [8.6225485, 53.1623263], [8.6208879, 53.1622162], [8.620736, 53.1625419], [8.6203991, 53.162504], [8.6201735, 53.1627741], [8.6200176, 53.1627354], [8.6205044, 53.1617335], [8.620853, 53.1618091]]]}}, {"type": "Feature", "properties": {"seamark_type": "harbour", "name": "Strucklahnungshörn", "osm_id": 231095564}, "geometry": {"type": "Polygon", "coordinates": [[[8.807577, 54.4966935], [8.8071634, 54.49673], [8.8071191, 54.497061], [8.8070145, 54.49711], [8.8068013, 54.4971022], [8.8066267, 54.4971175], [8.8061756, 54.4988718], [8.8083227, 54.4981775], [8.8083262, 54.498145], [8.8084727, 54.4967715], [8.8081948, 54.4967106], [8.8079313, 54.4966838], [8.8078932, 54.4967269], [8.807577, 54.4966935]]]}}, {"type": "Feature", "properties": {"seamark_type": "harbour", "name": "Jachthaven De Waterwolf", "osm_id": 238822796}, "geometry": {"type": "Polygon", "coordinates": [[[6.3505667, 53.3129237], [6.3504594, 53.3131384], [6.3504272, 53.3133051], [6.3504755, 53.3135583], [6.3506954, 53.3137954], [6.350851, 53.313914], [6.3510334, 53.3140005], [6.3524603, 53.3144556], [6.3533025, 53.3147473], [6.3543003, 53.3141255], [6.3537907, 53.3137986], [6.3535064, 53.3139621], [6.3505667, 53.3129237]]]}}, {"type": "Feature", "properties": {"seamark_type": "harbour", "name": "Kleven Havn", "osm_id": 239450421}, "geometry": {"type": "Polygon", "coordinates": [[[10.4809746, 54.8698895], [10.4805842, 54.8700769], [10.4805285, 54.8701063], [10.4804702, 54.8701171], [10.4803804, 54.8701186], [10.4802592, 54.8701085], [10.4801282, 54.8701742], [10.4792538, 54.8700422], [10.4778943, 54.8698167], [10.4781542, 54.8694219], [10.4806513, 54.8697235], [10.4809746, 54.8698895]]]}}, {"type": "Feature", "properties": {"seamark_type": "harbour", "name": "Smygehuk", "osm_id": 240344040}, "geometry": {"type": "Polygon", "coordinates": [[[13.3577389, 55.3387587], [13.3577043, 55.3380372], [13.3579974, 55.3380242], [13.3577198, 55.3378154], [13.3585811, 55.3378131], [13.3589792, 55.3377999], [13.3592354, 55.3377914], [13.3593085, 55.337789], [13.3592046, 55.3387265], [13.359083, 55.3387566], [13.3579709, 55.3387169], [13.3577389, 55.3387587]]]}}, {"type": "Feature", "properties": {"seamark_type": "harbour", "name": "Gislövsläge Hamn", "osm_id": 240474723}, "geometry": {"type": "Polygon", "coordinates": [[[13.2273583, 55.3570469], [13.2275535, 55.3569023], [13.2278532, 55.3568068], [13.2288351, 55.35657], [13.2295331, 55.3564016], [13.2302368, 55.3562261], [13.2309588, 55.35603], [13.2314718, 55.3558544], [13.2316854, 55.3557561], [13.2317175, 55.3556995], [13.2313074, 55.355154], [13.2311991, 55.35501], [13.230108, 55.353741], [13.2284514, 55.3535756], [13.2283771, 55.3535413], [13.2283311, 55.3535635], [13.2281787, 55.3539279], [13.2281389, 55.3540007], [13.2274493, 55.3546003], [13.2272195, 55.3548001], [13.2278728, 55.3556481], [13.2273384, 55.3560471], [13.2271557, 55.356359], [13.2268525, 55.3567241], [13.2268341, 55.3568022], [13.2268639, 55.3568967], [13.2271454, 55.3570548], [13.2273583, 55.3570469]]]}}, {"type": "Feature", "properties": {"seamark_type": "harbour", "name": "Böbs-Werft Yachthafen", "osm_id": 241781760}, "geometry": {"type": "Polygon", "coordinates": [[[10.8584351, 53.9546933], [10.8601981, 53.9548509], [10.8604543, 53.9538334], [10.8594672, 53.9530859], [10.8579703, 53.9532982], [10.856769, 53.9533165], [10.8570878, 53.9536006], [10.8571064, 53.9535922], [10.8584351, 53.9546933]]]}}, {"type": "Feature", "properties": {"seamark_type": "harbour", "name": "Eisenbahner Segelverein Hansa", "osm_id": 241781761}, "geometry": {"type": "Polygon", "coordinates": [[[10.6987436, 53.9105366], [10.6974279, 53.9098638], [10.6977405, 53.9096436], [10.6970783, 53.9093162], [10.6972412, 53.9091661], [10.6991433, 53.9101445], [10.6987436, 53.9105366]]]}}, {"type": "Feature", "properties": {"seamark_type": "harbour", "name": "Princess Yachthafen", "osm_id": 241781762}, "geometry": {"type": "Polygon", "coordinates": [[[10.6970783, 53.9093162], [10.6958448, 53.9086937], [10.6955761, 53.9088987], [10.6954047, 53.908774], [10.6951983, 53.9083978], [10.6951402, 53.90824], [10.6952824, 53.9082207], [10.6954, 53.9081515], [10.6959029, 53.9084987], [10.6963687, 53.9087486], [10.6972412, 53.9091661], [10.6970783, 53.9093162]]]}}, {"type": "Feature", "properties": {"seamark_type": "harbour", "name": "Stettiner Yachtclub", "osm_id": 241781763}, "geometry": {"type": "Polygon", "coordinates": [[[10.7041492, 53.9119463], [10.7041384, 53.9117932], [10.7053786, 53.9117247], [10.7058882, 53.9116651], [10.7063491, 53.9115857], [10.7066038, 53.9115217], [10.7069748, 53.9114158], [10.7075106, 53.9111995], [10.7079038, 53.9109665], [10.7080579, 53.9110707], [10.7082837, 53.9112203], [10.7078462, 53.9114235], [10.7075044, 53.9115629], [10.7067606, 53.9117787], [10.7057783, 53.9120294], [10.7053967, 53.9121178], [10.7048582, 53.9121969], [10.7043635, 53.9122422], [10.704172, 53.9122524], [10.7041492, 53.9119463]]]}}, {"type": "Feature", "properties": {"seamark_type": "harbour", "name": "Hansa Werft Krause", "osm_id": 241781764}, "geometry": {"type": "Polygon", "coordinates": [[[10.6996537, 53.9099303], [10.6995439, 53.9100576], [10.6988658, 53.9096618], [10.6986406, 53.9094683], [10.6962773, 53.908343], [10.6954242, 53.9079044], [10.6953117, 53.9079228], [10.6952567, 53.9079224], [10.6952411, 53.9079123], [10.6952428, 53.907844], [10.6953623, 53.9076034], [10.6962208, 53.9078937], [10.6965547, 53.9079023], [10.697461, 53.9080728], [10.6980829, 53.9081898], [10.7007008, 53.9088168], [10.6996537, 53.9099303]]]}}, {"type": "Feature", "properties": {"seamark_type": "harbour", "name": "Borgstedter Yachtclub", "osm_id": 241996798}, "geometry": {"type": "Polygon", "coordinates": [[[9.7165473, 54.3366406], [9.7168147, 54.3365033], [9.7169512, 54.3364602], [9.717088, 54.3363761], [9.7160492, 54.3357851], [9.7157805, 54.3359598], [9.7157371, 54.3360131], [9.7155246, 54.3361834], [9.7159394, 54.3362986], [9.7165473, 54.3366406]]]}}, {"type": "Feature", "properties": {"seamark_type": "harbour", "name": "Büdelsdorfer Yachtclub", "osm_id": 242296840}, "geometry": {"type": "Polygon", "coordinates": [[[9.6810928, 54.3119903], [9.68209, 54.3117021], [9.6821123, 54.3116956], [9.6821141, 54.3116921], [9.6821266, 54.3116677], [9.6821382, 54.311645], [9.6823284, 54.3116956], [9.6826097, 54.311343], [9.6826345, 54.3113119], [9.6824881, 54.3112605], [9.683123, 54.3104251], [9.6820168, 54.3101966], [9.681495, 54.3110956], [9.6814229, 54.3112185], [9.6814315, 54.311339], [9.6810571, 54.3119391], [9.6810928, 54.3119903]]]}}, {"type": "Feature", "properties": {"seamark_type": "harbour", "name": "Obereider-Yachtservice", "osm_id": 242296844}, "geometry": {"type": "Polygon", "coordinates": [[[9.6851001, 54.308322], [9.6862949, 54.3086159], [9.6860209, 54.3092988], [9.6861756, 54.309329], [9.6863725, 54.3093713], [9.6867316, 54.3085439], [9.687252, 54.3081178], [9.686832, 54.3078282], [9.6872707, 54.30746], [9.6863178, 54.3070983], [9.6860556, 54.3073618], [9.6851001, 54.308322]]]}}, {"type": "Feature", "properties": {"seamark_type": "harbour", "name": "Yachthafen Rendsburg", "osm_id": 242296846}, "geometry": {"type": "Polygon", "coordinates": [[[9.6700213, 54.3058999], [9.669844, 54.3058917], [9.6696452, 54.3058825], [9.6695846, 54.3058784], [9.6690595, 54.3059374], [9.6688773, 54.3059528], [9.6688626, 54.305954], [9.6686661, 54.3059427], [9.6685609, 54.3059367], [9.6677056, 54.3058391], [9.6676652, 54.3060989], [9.6678826, 54.3061413], [9.667729, 54.3065958], [9.6695625, 54.3067841], [9.6701789, 54.3066613], [9.6716413, 54.3070679], [9.6718219, 54.3068112], [9.6704814, 54.3064273], [9.6699714, 54.3060889], [9.6700213, 54.3058999]]]}}, {"type": "Feature", "properties": {"seamark_type": "harbour", "name": "Schleimünde", "osm_id": 242667786}, "geometry": {"type": "Polygon", "coordinates": [[[10.0331586, 54.672956], [10.0331673, 54.6729501], [10.0330927, 54.6728647], [10.0330747, 54.6728457], [10.033036, 54.6728049], [10.0323989, 54.6729992], [10.0319757, 54.6732185], [10.0319354, 54.6733547], [10.0320163, 54.6737608], [10.0322254, 54.6737465], [10.0327761, 54.6736976], [10.0331699, 54.6736593], [10.0332013, 54.6736516], [10.0331909, 54.6736054], [10.0331898, 54.6735952], [10.0331889, 54.6735862], [10.0331717, 54.6734768], [10.0331707, 54.6734637], [10.0331914, 54.6734628], [10.0332112, 54.6734622], [10.0332572, 54.6734571], [10.0332195, 54.6732843], [10.0332119, 54.6732421], [10.033208, 54.6732263], [10.0331586, 54.672956]]]}}, {"type": "Feature", "properties": {"seamark_type": "harbour", "name": "Segelclub Preetz", "osm_id": 242667787}, "geometry": {"type": "Polygon", "coordinates": [[[10.281434, 54.217227], [10.2812945, 54.2176577], [10.2812014, 54.2178095], [10.2813081, 54.2179722], [10.2819676, 54.2178747], [10.2821523, 54.2177988], [10.282159, 54.2177091], [10.2823777, 54.2175479], [10.2819908, 54.2173722], [10.2818052, 54.2175048], [10.2815559, 54.2174226], [10.281584, 54.2172374], [10.281434, 54.217227]]]}}, {"type": "Feature", "properties": {"seamark_type": "harbour", "name": "Sportboothafen Plüschowbecken / Schwentineflotte e.V.", "osm_id": 242667788}, "geometry": {"type": "Polygon", "coordinates": [[[10.1654403, 54.3841538], [10.1653594, 54.3841319], [10.1656055, 54.3838238], [10.1648692, 54.3836243], [10.1640218, 54.3846851], [10.1643783, 54.3847816], [10.1645168, 54.3846083], [10.1648872, 54.3847086], [10.1649775, 54.3847331], [10.1654403, 54.3841538]]]}}, {"type": "Feature", "properties": {"seamark_type": "harbour", "name": "Wassersportzentrum Großenbrode", "osm_id": 242667789}, "geometry": {"type": "Polygon", "coordinates": [[[11.0774322, 54.3542799], [11.0772797, 54.3537038], [11.0769775, 54.3532452], [11.0764862, 54.3533885], [11.0763702, 54.3535594], [11.075505, 54.3541429], [11.0735026, 54.3552555], [11.0733265, 54.3552031], [11.0732818, 54.3553782], [11.0742974, 54.3561831], [11.0768981, 54.354905], [11.0770746, 54.3549279], [11.0772172, 54.3550452], [11.0773313, 54.3557952], [11.0773956, 54.3558462], [11.0781564, 54.3554711], [11.0774924, 54.3550343], [11.0771722, 54.3547734], [11.077138, 54.3546184], [11.0770691, 54.3543056], [11.0773488, 54.3542852], [11.0774014, 54.3542819], [11.0774322, 54.3542799]]]}}, {"type": "Feature", "properties": {"seamark_type": "harbour", "name": "Marina Yachtwerft Heiligenhafen", "osm_id": 243102411}, "geometry": {"type": "Polygon", "coordinates": [[[11.0050675, 54.3722602], [11.0053375, 54.3719205], [11.0054057, 54.3719358], [11.0056362, 54.3715871], [11.0052706, 54.3715051], [11.0052017, 54.371489], [11.0050656, 54.3716776], [11.0044275, 54.371503], [11.0049381, 54.3708446], [11.0040192, 54.3707934], [11.0033911, 54.3715499], [11.0033347, 54.3715639], [11.0029286, 54.3721091], [11.0031757, 54.3722307], [11.0033675, 54.3723203], [11.0036984, 54.3724758], [11.0046806, 54.3727755], [11.0050675, 54.3722602]]]}}, {"type": "Feature", "properties": {"seamark_type": "harbour", "name": "Segler-Vereinigung Heiligenhafen", "osm_id": 243102412}, "geometry": {"type": "Polygon", "coordinates": [[[10.9885635, 54.3725824], [10.9888381, 54.3724873], [10.9896896, 54.3721958], [10.9899612, 54.3720974], [10.9906198, 54.3718653], [10.9907215, 54.3717646], [10.9906942, 54.3717272], [10.9901873, 54.3713936], [10.9900531, 54.3713053], [10.9896784, 54.3709706], [10.9879125, 54.3719938], [10.9880466, 54.3722488], [10.9880455, 54.3725249], [10.988236, 54.3725928], [10.9884247, 54.372645], [10.9885635, 54.3725824]]]}}, {"type": "Feature", "properties": {"seamark_type": "harbour", "name": "Yachthafen Boat and Living", "osm_id": 243102413}, "geometry": {"type": "Polygon", "coordinates": [[[11.0046806, 54.3727755], [11.0051039, 54.3728742], [11.0054246, 54.3729615], [11.0057122, 54.3726734], [11.0057906, 54.3722542], [11.0059751, 54.3719138], [11.0060407, 54.3718238], [11.0060526, 54.3717596], [11.0059685, 54.3717317], [11.0058447, 54.3716545], [11.0056966, 54.3715506], [11.0055071, 54.3713006], [11.0053155, 54.3713893], [11.0052017, 54.371489], [11.0052706, 54.3715051], [11.0056362, 54.3715871], [11.0054057, 54.3719358], [11.0053375, 54.3719205], [11.0050675, 54.3722602], [11.0046806, 54.3727755]]]}}, {"type": "Feature", "properties": {"seamark_type": "harbour", "name": "Yachthafen Heiligenhafen", "osm_id": 243102414}, "geometry": {"type": "Polygon", "coordinates": [[[10.9824272, 54.3794148], [10.9824621, 54.3793858], [10.9827256, 54.3794826], [10.9840188, 54.3791496], [10.9847202, 54.3788375], [10.984907, 54.378221], [10.984426, 54.37758], [10.984192, 54.376856], [10.984375, 54.376036], [10.985081, 54.375769], [10.985625, 54.375435], [10.9865131, 54.3751182], [10.9857169, 54.3742432], [10.9855988, 54.3742734], [10.9850147, 54.374423], [10.9842435, 54.374616], [10.9834742, 54.374813], [10.9831805, 54.374889], [10.9825913, 54.3749953], [10.9819828, 54.3751542], [10.9813648, 54.3753212], [10.9806842, 54.3754953], [10.9803843, 54.3755856], [10.9803208, 54.3757077], [10.9802093, 54.3757432], [10.9801646, 54.3758195], [10.9802247, 54.3758732], [10.9801556, 54.3761031], [10.980195, 54.376046], [10.9802523, 54.3760571], [10.9802663, 54.3760321], [10.980306, 54.3760375], [10.9802584, 54.3761253], [10.9802905, 54.3761712], [10.9802449, 54.3763177], [10.9801101, 54.3765638], [10.980154, 54.3769409], [10.9801825, 54.3771871], [10.9802141, 54.3772873], [10.9802248, 54.3773212], [10.9803739, 54.3777307], [10.9803934, 54.3777798], [10.9804268, 54.3777766], [10.9804789, 54.3779006], [10.980533, 54.3779759], [10.9806374, 54.3780338], [10.9805298, 54.378135], [10.9806456, 54.3781704], [10.9805767, 54.3782572], [10.9805558, 54.3783612], [10.9807205, 54.3784547], [10.9806991, 54.3784836], [10.9807708, 54.378517], [10.9813186, 54.378849], [10.9818798, 54.3792066], [10.9820072, 54.3792602], [10.9824272, 54.3794148]]]}}, {"type": "Feature", "properties": {"seamark_type": "harbour", "name": "Abbekås Hamn", "osm_id": 247259935}, "geometry": {"type": "Polygon", "coordinates": [[[13.6026036, 55.3947], [13.6032583, 55.3945309], [13.6037395, 55.3944236], [13.6041025, 55.3942958], [13.6044464, 55.3941403], [13.604527, 55.3940378], [13.6045398, 55.3940101], [13.6046162, 55.3939787], [13.6050089, 55.3939329], [13.6050768, 55.3939546], [13.605166, 55.393951], [13.6051787, 55.393875], [13.6049792, 55.3936472], [13.6048476, 55.393529], [13.6045928, 55.3933892], [13.6042872, 55.393277], [13.6039624, 55.3931951], [13.6035951, 55.3931818], [13.6032072, 55.3931927], [13.6028852, 55.3932833], [13.6019694, 55.3935872], [13.6015812, 55.3938526], [13.6016545, 55.3938923], [13.6023917, 55.3943607], [13.6026036, 55.3947]]]}}, {"type": "Feature", "properties": {"seamark_type": "harbour", "name": "Binnenhafen", "osm_id": 248276009}, "geometry": {"type": "Polygon", "coordinates": [[[7.890575, 54.1785049], [7.8901831, 54.1782548], [7.8899243, 54.1780895], [7.8895234, 54.1778265], [7.8893061, 54.1776863], [7.8892845, 54.177673], [7.8892465, 54.1776496], [7.8888859, 54.1778388], [7.8889341, 54.1778696], [7.8889546, 54.1778827], [7.8888116, 54.177963], [7.8887994, 54.1779551], [7.8888901, 54.1779049], [7.8888673, 54.1778912], [7.8886879, 54.1779918], [7.8886795, 54.1779965], [7.8886696, 54.1780021], [7.8885681, 54.1780594], [7.8883968, 54.1781552], [7.8883434, 54.1781851], [7.8882854, 54.178288], [7.8881973, 54.1784517], [7.8881071, 54.1786155], [7.8880757, 54.1786733], [7.8881394, 54.1787927], [7.8882412, 54.1789862], [7.8883086, 54.1791145], [7.8883553, 54.1791045], [7.8883923, 54.1790973], [7.8892404, 54.1789215], [7.889865, 54.178796], [7.8905325, 54.1785581], [7.8905196, 54.1785379], [7.8905364, 54.1785194], [7.890575, 54.1785049]]]}}, {"type": "Feature", "properties": {"seamark_type": "harbour", "name": "Ystad Marina", "osm_id": 249526768}, "geometry": {"type": "Polygon", "coordinates": [[[13.810681, 55.4259877], [13.8114412, 55.426015], [13.8118722, 55.4259542], [13.8124531, 55.4259072], [13.8140807, 55.4258373], [13.8141837, 55.4255473], [13.8145377, 55.4248256], [13.8152491, 55.424357], [13.8156711, 55.4242492], [13.8157781, 55.4243052], [13.8155995, 55.4248798], [13.815993, 55.4250391], [13.8177237, 55.4253364], [13.8187914, 55.4254889], [13.8185424, 55.4256368], [13.8185073, 55.4256576], [13.8172662, 55.4264388], [13.8172546, 55.4269461], [13.8164401, 55.4270739], [13.8157812, 55.4270785], [13.8145779, 55.4269879], [13.8136038, 55.4269159], [13.8116065, 55.4264654], [13.8108535, 55.4262819], [13.8107438, 55.426224], [13.8107488, 55.4261764], [13.810681, 55.4259877]]]}}, {"type": "Feature", "properties": {"seamark_type": "harbour", "name": "Svaneke Havn", "osm_id": 255187115}, "geometry": {"type": "Polygon", "coordinates": [[[15.1454104, 55.1367022], [15.1460762, 55.13647], [15.1460467, 55.1363711], [15.1455598, 55.1353525], [15.1450344, 55.1349071], [15.1448158, 55.1349662], [15.1445813, 55.1350408], [15.1444081, 55.1350474], [15.1443154, 55.1350869], [15.144228, 55.1351489], [15.1440498, 55.1355531], [15.1439893, 55.1360274], [15.1441449, 55.1362244], [15.1443085, 55.1362297], [15.1446035, 55.1366667], [15.1452084, 55.136487], [15.1454104, 55.1367022]]]}}, {"type": "Feature", "properties": {"seamark_type": "harbour", "name": "Segler-Verein Elmshorn e.V.", "osm_id": 255889754}, "geometry": {"type": "Polygon", "coordinates": [[[9.6428756, 53.7495095], [9.6431267, 53.7490087], [9.6433578, 53.7485563], [9.6446613, 53.7477053], [9.6439103, 53.7474183], [9.6437675, 53.7473433], [9.6430507, 53.7478401], [9.6425109, 53.7482418], [9.642299, 53.7481482], [9.6407489, 53.7492664], [9.6415941, 53.7493174], [9.6417807, 53.7493216], [9.6423301, 53.7493741], [9.6423931, 53.7493758], [9.642507, 53.7493895], [9.6426068, 53.7493916], [9.6428756, 53.7495095]]]}}, {"type": "Feature", "properties": {"seamark_type": "harbour", "name": "Ebeltoft Trafikhavn", "osm_id": 256056542}, "geometry": {"type": "Polygon", "coordinates": [[[10.6691883, 56.1966063], [10.669896, 56.1962696], [10.6712839, 56.1959445], [10.6710054, 56.1956195], [10.6709973, 56.19561], [10.6706997, 56.1952628], [10.6706891, 56.1952503], [10.6705095, 56.1950337], [10.6705758, 56.1949987], [10.6713819, 56.1948871], [10.6712624, 56.1947562], [10.6703486, 56.1948204], [10.6701761, 56.1946467], [10.6701308, 56.1946035], [10.6684108, 56.1948436], [10.6685096, 56.1952871], [10.6684541, 56.1952948], [10.6686378, 56.1960883], [10.6686881, 56.1961278], [10.6687435, 56.1963515], [10.6691153, 56.1965574], [10.6691703, 56.1965671], [10.6691883, 56.1966063]]]}}, {"type": "Feature", "properties": {"seamark_type": "harbour", "name": "Wassersportverein Bederkesa", "osm_id": 259108942}, "geometry": {"type": "Polygon", "coordinates": [[[8.8482035, 53.6252396], [8.8486697, 53.6250305], [8.8487005, 53.6250167], [8.8487853, 53.6249599], [8.8487242, 53.6249203], [8.8488266, 53.6248544], [8.8489438, 53.6248902], [8.8490366, 53.624846], [8.8489167, 53.62476], [8.8490013, 53.6246084], [8.8490305, 53.6245672], [8.8490545, 53.6245333], [8.8493885, 53.6246599], [8.8495273, 53.6245936], [8.8497226, 53.6244983], [8.8501102, 53.6244729], [8.8505065, 53.624701], [8.8496321, 53.625315], [8.8488114, 53.6255441], [8.8482035, 53.6252396]]]}}, {"type": "Feature", "properties": {"seamark_type": "harbour", "name": "Lübecker Motorboot-Club (LMC)", "osm_id": 260078197}, "geometry": {"type": "Polygon", "coordinates": [[[10.6750229, 53.853988], [10.6748659, 53.8540655], [10.6754801, 53.8544369], [10.6759131, 53.8546986], [10.6765192, 53.8550796], [10.6775729, 53.8557419], [10.677913, 53.8559786], [10.678061, 53.8560943], [10.6781849, 53.8562414], [10.6781927, 53.8563183], [10.6783962, 53.8562997], [10.6782819, 53.8561222], [10.6778644, 53.8558029], [10.6767609, 53.8551067], [10.6750229, 53.853988]]]}}, {"type": "Feature", "properties": {"seamark_type": "harbour", "name": "Marina Lachswehr Wasserfahrer", "osm_id": 260078198}, "geometry": {"type": "Polygon", "coordinates": [[[10.6762279, 53.8561759], [10.6748142, 53.8558057], [10.674118, 53.8556617], [10.67361, 53.8554613], [10.6735173, 53.8555416], [10.673467, 53.8556583], [10.6737831, 53.8559329], [10.6737066, 53.8560146], [10.6737634, 53.8560444], [10.6740545, 53.8561845], [10.67425, 53.8560632], [10.6745207, 53.856101], [10.674986, 53.8562535], [10.6754956, 53.8563969], [10.6761068, 53.8564809], [10.6762279, 53.8561759]]]}}, {"type": "Feature", "properties": {"seamark_type": "harbour", "name": "Lübecker Motorboot-Club (LMC)", "osm_id": 260078199}, "geometry": {"type": "Polygon", "coordinates": [[[10.6775926, 53.8577697], [10.6776027, 53.8576164], [10.6781933, 53.8574249], [10.6787291, 53.8572635], [10.6787136, 53.8571869], [10.678862, 53.8571515], [10.6790272, 53.8571698], [10.6790635, 53.8576056], [10.6789414, 53.8582808], [10.6787458, 53.8582656], [10.6787989, 53.8580675], [10.6788645, 53.8577605], [10.6775926, 53.8577697]]]}}, {"type": "Feature", "properties": {"seamark_type": "harbour", "name": null, "osm_id": 268598119}, "geometry": {"type": "Polygon", "coordinates": [[[8.5817782, 58.324586], [8.5805255, 58.3223993], [8.5760679, 58.3220289], [8.5758919, 58.3220398], [8.5766183, 58.3230821], [8.5772272, 58.3239042], [8.5777184, 58.3246587], [8.5783074, 58.3245302], [8.5784014, 58.3246482], [8.5807794, 58.3247371], [8.5817782, 58.324586]]]}}, {"type": "Feature", "properties": {"seamark_type": "harbour", "name": null, "osm_id": 268598121}, "geometry": {"type": "Polygon", "coordinates": [[[8.5943715, 58.336172], [8.5939757, 58.3358283], [8.5936186, 58.3360191], [8.5932289, 58.3359846], [8.5931422, 58.3359382], [8.5928574, 58.3359359], [8.5926404, 58.3359579], [8.5924062, 58.336116], [8.5923627, 58.3362942], [8.5925048, 58.3364836], [8.5929252, 58.3366775], [8.5939671, 58.3365727], [8.5941408, 58.3366481], [8.5943334, 58.3366235], [8.5943411, 58.3364696], [8.5943715, 58.336172]]]}}, {"type": "Feature", "properties": {"seamark_type": "harbour", "name": null, "osm_id": 268598125}, "geometry": {"type": "Polygon", "coordinates": [[[8.5851062, 58.3307516], [8.5858693, 58.3306861], [8.5864724, 58.3313311], [8.5864504, 58.3314789], [8.586054, 58.3315594], [8.5860285, 58.3316803], [8.5864632, 58.3324857], [8.5867871, 58.3331033], [8.5865953, 58.3331144], [8.586672, 58.3333315], [8.5865484, 58.3333941], [8.586135, 58.3334165], [8.5854787, 58.3333628], [8.5853679, 58.3333024], [8.5853338, 58.3324701], [8.5854643, 58.332147], [8.5853095, 58.331862], [8.5849076, 58.3313849], [8.5850629, 58.3308618], [8.5851062, 58.3307516]]]}}, {"type": "Feature", "properties": {"seamark_type": "harbour", "name": "Fischereihafen Freest", "osm_id": 268770027}, "geometry": {"type": "Polygon", "coordinates": [[[13.7274999, 54.1366281], [13.7275732, 54.1367813], [13.7276933, 54.1369322], [13.7269898, 54.1377249], [13.7269624, 54.1378593], [13.7267199, 54.1381528], [13.7269322, 54.138231], [13.7270123, 54.1382608], [13.7277215, 54.1385243], [13.7279962, 54.1386292], [13.7284036, 54.1387817], [13.7290682, 54.138365], [13.7292232, 54.1382679], [13.7294818, 54.1380891], [13.7295661, 54.1380476], [13.7296908, 54.1379936], [13.7297686, 54.1379783], [13.7298403, 54.1379884], [13.7299947, 54.1378891], [13.7305672, 54.137864], [13.7307626, 54.1378528], [13.7309032, 54.1378836], [13.7318863, 54.1378247], [13.7322252, 54.1378092], [13.7322832, 54.1377717], [13.7322955, 54.1377233], [13.7322313, 54.1376929], [13.7315826, 54.1369184], [13.7314725, 54.1368445], [13.7312028, 54.1368604], [13.7310846, 54.1368699], [13.7306917, 54.1369485], [13.7301072, 54.1364767], [13.7300496, 54.1365071], [13.7296325, 54.1364835], [13.7289663, 54.1359766], [13.7283323, 54.1362946], [13.7281674, 54.1363549], [13.7278897, 54.1364831], [13.7278724, 54.1364893], [13.7277647, 54.1365535], [13.7275504, 54.1366218], [13.7274999, 54.1366281]]]}}, {"type": "Feature", "properties": {"seamark_type": "harbour", "name": "Polizeihafen", "osm_id": 271734559}, "geometry": {"type": "Polygon", "coordinates": [[[9.432705, 54.7951268], [9.4328203, 54.7951484], [9.4332897, 54.7952304], [9.433464, 54.7949149], [9.4331743, 54.7948639], [9.4330778, 54.795017], [9.4328053, 54.7949723], [9.432705, 54.7951268]]]}}, {"type": "Feature", "properties": {"seamark_type": "harbour", "name": "Rönnebecker Hafen", "osm_id": 272942019}, "geometry": {"type": "Polygon", "coordinates": [[[8.5599769, 53.182886], [8.5610768, 53.1828199], [8.5609887, 53.1824957], [8.5604577, 53.1825246], [8.5598967, 53.1825318], [8.5599769, 53.182886]]]}}, {"type": "Feature", "properties": {"seamark_type": "harbour", "name": null, "osm_id": 273265604}, "geometry": {"type": "Polygon", "coordinates": [[[14.28049, 53.049759], [14.280531, 53.049782], [14.280569, 53.049755], [14.280529, 53.049736], [14.28049, 53.049759]]]}}, {"type": "Feature", "properties": {"seamark_type": "harbour", "name": null, "osm_id": 273265606}, "geometry": {"type": "Polygon", "coordinates": [[[14.298807, 53.057491], [14.298812, 53.057484], [14.298739, 53.057465], [14.298736, 53.057472], [14.298581, 53.057713], [14.298655, 53.057728], [14.298807, 53.057491]]]}}, {"type": "Feature", "properties": {"seamark_type": "harbour", "name": "Klassische Yachten Flensburg e.V.", "osm_id": 274262953}, "geometry": {"type": "Polygon", "coordinates": [[[9.4345268, 54.7896075], [9.4349441, 54.7897638], [9.4357421, 54.7891137], [9.4353723, 54.788936], [9.4351289, 54.7890906], [9.4349348, 54.7892611], [9.4345268, 54.7896075]]]}}, {"type": "Feature", "properties": {"seamark_type": "harbour", "name": null, "osm_id": 274811752}, "geometry": {"type": "Polygon", "coordinates": [[[10.18711, 53.39986], [10.187223, 53.399757], [10.186173, 53.399395], [10.186061, 53.399498], [10.18711, 53.39986]]]}}, {"type": "Feature", "properties": {"seamark_type": "harbour", "name": null, "osm_id": 276525431}, "geometry": {"type": "Polygon", "coordinates": [[[10.0187691, 53.4607933], [10.0186551, 53.4606654], [10.0185809, 53.4603122], [10.0186495, 53.4601022], [10.0187055, 53.4600757], [10.0187551, 53.4596795], [10.0187927, 53.4596301], [10.0190022, 53.4596318], [10.0192854, 53.4596341], [10.0193714, 53.4596594], [10.0196177, 53.4598164], [10.0196988, 53.4599257], [10.0198722, 53.4599595], [10.0201203, 53.4600318], [10.0202749, 53.4601642], [10.0202948, 53.4603142], [10.0202326, 53.4604596], [10.0201083, 53.4605422], [10.0198697, 53.4605957], [10.0198131, 53.4607001], [10.0197032, 53.4607866], [10.0195712, 53.4609056], [10.0193747, 53.4609419], [10.0193381, 53.4609888], [10.0194347, 53.4610305], [10.0194479, 53.4610993], [10.0191113, 53.4611351], [10.0188403, 53.4609018], [10.0188163, 53.4608811], [10.0187955, 53.4608425], [10.0187691, 53.4607933]]]}}, {"type": "Feature", "properties": {"seamark_type": "harbour", "name": "Fahrdorfer Segler-Verein", "osm_id": 282776771}, "geometry": {"type": "Polygon", "coordinates": [[[9.5850241, 54.5029267], [9.5855357, 54.5026073], [9.5857702, 54.5027259], [9.5861235, 54.5028576], [9.586251, 54.5029339], [9.586117, 54.5030281], [9.5861006, 54.5030678], [9.5861166, 54.5031262], [9.5861364, 54.503136], [9.5861583, 54.5031325], [9.586175, 54.5031381], [9.5862838, 54.5031915], [9.5862796, 54.5032176], [9.5867459, 54.5035868], [9.5858165, 54.5042538], [9.5856373, 54.5041661], [9.584823, 54.5037674], [9.5850241, 54.5029267]]]}}, {"type": "Feature", "properties": {"seamark_type": "harbour", "name": "Grevebroen", "osm_id": 285819399}, "geometry": {"type": "Polygon", "coordinates": [[[10.6272442, 54.9035586], [10.6285041, 54.9035159], [10.6296691, 54.9035074], [10.6300341, 54.9035006], [10.6299985, 54.9030313], [10.6284209, 54.903049], [10.6282013, 54.9031659], [10.6282312, 54.9032352], [10.6278353, 54.903474], [10.6277249, 54.9034953], [10.6272382, 54.9034996], [10.6272442, 54.9035586]]]}}, {"type": "Feature", "properties": {"seamark_type": "harbour", "name": "Frederikshavn Havn", "osm_id": 286824554}, "geometry": {"type": "Polygon", "coordinates": [[[10.5623617, 57.4409945], [10.5624358, 57.4410767], [10.5663253, 57.4440629], [10.5664869, 57.4442257], [10.5665061, 57.4444039], [10.5663805, 57.4445936], [10.5611698, 57.447552], [10.5568123, 57.4501133], [10.5565903, 57.450166], [10.5556163, 57.4501831], [10.5553596, 57.4502184], [10.5544588, 57.4502218], [10.5543426, 57.4502207], [10.5542313, 57.4501831], [10.5517834, 57.4489645], [10.5512183, 57.4486666], [10.5511448, 57.4486533], [10.5510653, 57.4486676], [10.5509001, 57.4487255], [10.5508561, 57.448729], [10.550826, 57.4487023], [10.5508467, 57.4486424], [10.5507834, 57.4485893], [10.5507602, 57.4485699], [10.5505525, 57.4482615], [10.5505325, 57.4482153], [10.5484339, 57.4471725], [10.5483747, 57.4471739], [10.5483303, 57.4471966], [10.5483303, 57.4472292], [10.5473707, 57.4477921], [10.5471748, 57.4476977], [10.5469268, 57.4475785], [10.5460277, 57.4471455], [10.5458988, 57.4470835], [10.5463587, 57.4468189], [10.545598, 57.446451], [10.54509, 57.4467364], [10.5451695, 57.4467805], [10.5452374, 57.4468147], [10.5452825, 57.4468402], [10.5450123, 57.4469948], [10.5445036, 57.4472999], [10.5451927, 57.4476268], [10.5447849, 57.4478619], [10.5447849, 57.4479483], [10.5444576, 57.4481058], [10.5434551, 57.4476366], [10.5436704, 57.446916], [10.5438066, 57.4464593], [10.543898, 57.4461422], [10.5439677, 57.4458429], [10.5440012, 57.4456304], [10.5440145, 57.4454863], [10.5440209, 57.4454357], [10.5440401, 57.4454141], [10.5440674, 57.4453935], [10.5441187, 57.4453691], [10.5441234, 57.4451738], [10.5441239, 57.4451538], [10.5440671, 57.4450982], [10.5440303, 57.4448133], [10.5439752, 57.4446687], [10.5438539, 57.4441703], [10.5437718, 57.4438759], [10.5437184, 57.4436902], [10.5436511, 57.4434483], [10.5435904, 57.4432131], [10.5435416, 57.443024], [10.5434883, 57.4428176], [10.5434399, 57.4426301], [10.5434311, 57.4425976], [10.5432415, 57.4418964], [10.5432295, 57.441852], [10.5431912, 57.4417106], [10.5431062, 57.4414254], [10.5430847, 57.4413325], [10.543038, 57.4412351], [10.5429466, 57.4410522], [10.5427108, 57.4407634], [10.5426585, 57.4407501], [10.5426143, 57.4407197], [10.5423993, 57.4405823], [10.5422868, 57.4405045], [10.5422466, 57.4404428], [10.5422436, 57.4403942], [10.5419164, 57.4402486], [10.5421809, 57.440093], [10.5410019, 57.4395123], [10.540938, 57.4395526], [10.5408244, 57.4395006], [10.540792, 57.4394858], [10.5407227, 57.4394868], [10.5407117, 57.4395153], [10.5406131, 57.4395133], [10.5404105, 57.4394809], [10.5403905, 57.4394229], [10.5403229, 57.4393011], [10.5401985, 57.4391091], [10.5401172, 57.4390036], [10.5398694, 57.4387854], [10.5390043, 57.4381054], [10.5381803, 57.4374425], [10.5381305, 57.4374031], [10.5379845, 57.437275], [10.5380829, 57.4372378], [10.5380261, 57.43719], [10.5379963, 57.4371649], [10.5379418, 57.4371134], [10.537897, 57.4370709], [10.537874, 57.4370307], [10.537761, 57.4370573], [10.5377481, 57.4370578], [10.5377353, 57.4370583], [10.5377059, 57.4370235], [10.5375453, 57.4368144], [10.537418, 57.4365925], [10.5373449, 57.4364176], [10.537265, 57.4361583], [10.5371725, 57.4359057], [10.5370905, 57.4357186], [10.5369744, 57.4354936], [10.5369361, 57.435499], [10.5367589, 57.4352163], [10.5365502, 57.4349754], [10.5363175, 57.4347567], [10.5359998, 57.4345091], [10.5358621, 57.4343848], [10.5358178, 57.4343384], [10.5353376, 57.4341397], [10.5355971, 57.4340243], [10.5356164, 57.4340225], [10.5361511, 57.4339725], [10.5404458, 57.433609], [10.5419478, 57.4334798], [10.5420081, 57.4334746], [10.5421696, 57.4334607], [10.5423912, 57.4334416], [10.5423291, 57.4332132], [10.5423005, 57.4331083], [10.5423518, 57.4331073], [10.5424017, 57.4331119], [10.5424272, 57.4331204], [10.542443, 57.4331564], [10.5454917, 57.4335424], [10.545668, 57.4335311], [10.5458201, 57.4334625], [10.5458555, 57.4334636], [10.545896, 57.433489], [10.5472004, 57.4329364], [10.5472191, 57.4329491], [10.5472329, 57.4329424], [10.5472523, 57.4329528], [10.5473992, 57.4328895], [10.5473788, 57.4328789], [10.5474043, 57.4328665], [10.5474322, 57.4328717], [10.5488656, 57.4322586], [10.5489631, 57.4322198], [10.5490737, 57.4321879], [10.5492178, 57.4321594], [10.5493791, 57.4321427], [10.5495007, 57.4321399], [10.5495977, 57.4321427], [10.549706, 57.4321537], [10.5497557, 57.432101], [10.5498204, 57.4320144], [10.5503302, 57.432149], [10.5512872, 57.4314533], [10.5522206, 57.4308354], [10.5533601, 57.4302531], [10.5538072, 57.4300419], [10.5537604, 57.4300154], [10.5547419, 57.4296059], [10.5557638, 57.429237], [10.5599374, 57.427741], [10.5606531, 57.4275457], [10.5607689, 57.4275576], [10.5610558, 57.4277482], [10.561033, 57.427821], [10.5608654, 57.4278983], [10.5605938, 57.4303804], [10.5607125, 57.4303755], [10.5609365, 57.4305249], [10.5609848, 57.4305617], [10.5615319, 57.4309119], [10.5643536, 57.4315234], [10.5645078, 57.4315746], [10.5646178, 57.4316598], [10.5646688, 57.4317659], [10.5646628, 57.4318818], [10.5641967, 57.4347697], [10.5637134, 57.4376914], [10.563506, 57.4384763], [10.5632351, 57.4392544], [10.5630101, 57.4397445], [10.5627613, 57.4402281], [10.5623738, 57.4409073], [10.5623617, 57.4409945]]]}}, {"type": "Feature", "properties": {"seamark_type": "harbour", "name": null, "osm_id": 289055768}, "geometry": {"type": "Polygon", "coordinates": [[[14.002006, 56.3756195], [14.0023354, 56.3756453], [14.002362, 56.3755413], [14.0020326, 56.3755155], [14.002006, 56.3756195]]]}}, {"type": "Feature", "properties": {"seamark_type": "harbour", "name": "Nørre Lyngvig Havn", "osm_id": 289607306}, "geometry": {"type": "Polygon", "coordinates": [[[8.1281179, 56.0543674], [8.1281152, 56.0538335], [8.1279758, 56.0538215], [8.1278859, 56.0538305], [8.1277545, 56.0538657], [8.1276284, 56.0538934], [8.1276029, 56.0538938], [8.1275714, 56.0538881], [8.127554, 56.0538777], [8.12755, 56.0538668], [8.127564, 56.0538198], [8.1275647, 56.0538171], [8.1275761, 56.0537677], [8.1275868, 56.0537219], [8.1275959, 56.0536826], [8.1275731, 56.0536824], [8.1275697, 56.0536648], [8.1275632, 56.0536321], [8.1275624, 56.0536279], [8.1275902, 56.0536266], [8.1275949, 56.0535996], [8.1276009, 56.0535843], [8.1276241, 56.0535386], [8.127547, 56.0535005], [8.1274891, 56.0534719], [8.1274487, 56.053463], [8.1274093, 56.0534543], [8.1273574, 56.0534489], [8.1272697, 56.0534397], [8.1272107, 56.0534336], [8.127176, 56.0534324], [8.1270693, 56.0534288], [8.1269337, 56.053468], [8.1268097, 56.0535208], [8.126783, 56.0536146], [8.126799, 56.0536747], [8.126801, 56.0536822], [8.1267703, 56.0536902], [8.1267864, 56.0537095], [8.1268345, 56.0537671], [8.1268782, 56.0538194], [8.126958, 56.0537962], [8.1271342, 56.0539466], [8.1274373, 56.0540188], [8.1274326, 56.0541049], [8.1272945, 56.0541083], [8.1272663, 56.0541166], [8.1272556, 56.05413], [8.1272623, 56.0541671], [8.1272744, 56.0542001], [8.1273094, 56.0542444], [8.1273484, 56.0542735], [8.1273729, 56.0542918], [8.1274199, 56.054312], [8.1274772, 56.0543186], [8.1275459, 56.0543083], [8.1275949, 56.054306], [8.1278095, 56.0543188], [8.1281179, 56.0543674]]]}}, {"type": "Feature", "properties": {"seamark_type": "harbour", "name": "City Sporthafen Hamburg", "osm_id": 289662343}, "geometry": {"type": "Polygon", "coordinates": [[[9.9781665, 53.5433847], [9.9781612, 53.543636], [9.9805977, 53.5436885], [9.981891, 53.5435556], [9.9820596, 53.543483], [9.9812677, 53.5427517], [9.9804417, 53.5427709], [9.9781665, 53.5433847]]]}}, {"type": "Feature", "properties": {"seamark_type": "anchorage", "name": null, "osm_id": 291775981}, "geometry": {"type": "Polygon", "coordinates": [[[14.4114168, 53.7634846], [14.4049612, 53.7609165], [14.3936514, 53.7692223], [14.3997628, 53.7718745], [14.4114168, 53.7634846]]]}}, {"type": "Feature", "properties": {"seamark_type": "harbour", "name": "Spandowerhagen", "osm_id": 292987650}, "geometry": {"type": "Polygon", "coordinates": [[[13.7012984, 54.1486477], [13.7014101, 54.148603], [13.701769, 54.1485376], [13.701961, 54.1484476], [13.7015709, 54.1478378], [13.7011193, 54.1479146], [13.7010804, 54.1479515], [13.7008819, 54.1480324], [13.7006378, 54.1481125], [13.7003994, 54.1481652], [13.7005189, 54.1482205], [13.7007253, 54.1482823], [13.7007967, 54.1485292], [13.7012031, 54.1484727], [13.7012984, 54.1486477]]]}}, {"type": "Feature", "properties": {"seamark_type": "harbour", "name": "Augustenborg Havn", "osm_id": 293601400}, "geometry": {"type": "Polygon", "coordinates": [[[9.8713262, 54.9440246], [9.8713682, 54.9439612], [9.8688718, 54.9433987], [9.8685465, 54.9438766], [9.8694574, 54.9439809], [9.8705432, 54.944008], [9.8703496, 54.9443063], [9.8708696, 54.9444083], [9.8711394, 54.9439813], [9.8713262, 54.9440246]]]}}, {"type": "Feature", "properties": {"seamark_type": "harbour", "name": "Dyvig Bro", "osm_id": 293658775}, "geometry": {"type": "Polygon", "coordinates": [[[9.7038373, 55.0444292], [9.7045248, 55.0444325], [9.7045198, 55.0445032], [9.7045106, 55.0446329], [9.7045151, 55.044753], [9.7050538, 55.0447661], [9.7050626, 55.0445745], [9.7052298, 55.0445735], [9.7052963, 55.0438643], [9.7043751, 55.04385], [9.7043154, 55.0436646], [9.7037926, 55.0436589], [9.7038373, 55.0444292]]]}}, {"type": "Feature", "properties": {"seamark_type": "harbour", "name": "Dyvig Bådelaug Lystbådehavn", "osm_id": 293658776}, "geometry": {"type": "Polygon", "coordinates": [[[9.7069382, 55.0418365], [9.7071493, 55.0416692], [9.7072181, 55.0414432], [9.7050026, 55.0411336], [9.7032342, 55.0412356], [9.7027729, 55.0412333], [9.7024411, 55.0420448], [9.7025018, 55.042228], [9.7057674, 55.0424923], [9.7066051, 55.0424228], [9.706492, 55.0417521], [9.7069382, 55.0418365]]]}}, {"type": "Feature", "properties": {"seamark_type": "harbour", "name": "Sportboothafen Panzergraben", "osm_id": 293878719}, "geometry": {"type": "Polygon", "coordinates": [[[13.0806774, 54.3333176], [13.0804275, 54.3337477], [13.0812262, 54.3339497], [13.082431, 54.3338553], [13.0825955, 54.3338179], [13.0824323, 54.3337007], [13.0820887, 54.3335861], [13.0814583, 54.3334174], [13.0806774, 54.3333176]]]}}, {"type": "Feature", "properties": {"seamark_type": "harbour", "name": "Jachthaven Havenkwartier Blauwestad", "osm_id": 295525833}, "geometry": {"type": "Polygon", "coordinates": [[[7.0357895, 53.1660162], [7.0355709, 53.1659747], [7.0354822, 53.1661447], [7.0354593, 53.1661399], [7.035414, 53.1662253], [7.0354913, 53.1662403], [7.0355553, 53.1662528], [7.0349208, 53.1674419], [7.0355609, 53.1675654], [7.0355524, 53.1675843], [7.0355478, 53.1675938], [7.0355295, 53.1676297], [7.035715, 53.1676641], [7.0357385, 53.1676197], [7.0358514, 53.1674061], [7.0359802, 53.1671623], [7.0361118, 53.1669181], [7.0362402, 53.1666732], [7.0363787, 53.166408], [7.0364755, 53.1662197], [7.0363607, 53.1661978], [7.0363951, 53.1661342], [7.0357895, 53.1660162]]]}}, {"type": "Feature", "properties": {"seamark_type": "harbour", "name": "Prenzlauer Segelclub", "osm_id": 297719170}, "geometry": {"type": "Polygon", "coordinates": [[[13.8458612, 53.3048414], [13.8445863, 53.3047926], [13.8445466, 53.3052332], [13.8452159, 53.3052739], [13.8451818, 53.3055281], [13.8450358, 53.3058286], [13.8449351, 53.3060891], [13.8457566, 53.3060893], [13.8457219, 53.3056235], [13.8457616, 53.305514], [13.8459261, 53.3050575], [13.8459282, 53.3049738], [13.8459236, 53.3049646], [13.8458612, 53.3048414]]]}}, {"type": "Feature", "properties": {"seamark_type": "harbour", "name": "Kiviks småbåtshamn", "osm_id": 299599146}, "geometry": {"type": "Polygon", "coordinates": [[[14.2295553, 55.686358], [14.2283211, 55.6866605], [14.22801, 55.6864265], [14.2274109, 55.6866656], [14.2272024, 55.6867907], [14.2273269, 55.6868988], [14.2266032, 55.6871588], [14.2252857, 55.6876985], [14.2257217, 55.6880691], [14.2254222, 55.6881796], [14.225254, 55.6882664], [14.2251986, 55.6883141], [14.2251261, 55.6883509], [14.2250735, 55.6883836], [14.225016, 55.6884224], [14.2249255, 55.6885289], [14.2249107, 55.6885438], [14.224898, 55.6885566], [14.2248811, 55.6885879], [14.2248773, 55.6886219], [14.2249424, 55.6887409], [14.2248464, 55.6887951], [14.2255105, 55.6890446], [14.2267094, 55.6893768], [14.2270737, 55.689287], [14.2275446, 55.6891014], [14.2280921, 55.6889733], [14.2286355, 55.6887532], [14.2303031, 55.6879591], [14.2306757, 55.687725], [14.2306395, 55.687684], [14.2306044, 55.6876444], [14.2295553, 55.686358]]]}}, {"type": "Feature", "properties": {"seamark_type": "harbour", "name": "Damhus Å Havn", "osm_id": 300866599}, "geometry": {"type": "Polygon", "coordinates": [[[8.2439153, 56.3511028], [8.2442047, 56.3505343], [8.2445762, 56.3505923], [8.2442869, 56.3511608], [8.2439153, 56.3511028]]]}}, {"type": "Feature", "properties": {"seamark_type": "harbour", "name": "Harpøth Havn", "osm_id": 300866656}, "geometry": {"type": "Polygon", "coordinates": [[[8.2224037, 56.3640041], [8.2220804, 56.3639613], [8.2223002, 56.3634524], [8.2224179, 56.363468], [8.2224411, 56.3634143], [8.2224743, 56.3634187], [8.2225159, 56.3634242], [8.2224933, 56.3634765], [8.2226241, 56.3634938], [8.2224037, 56.3640041]]]}}, {"type": "Feature", "properties": {"seamark_type": "harbour", "name": "Kloster Havn", "osm_id": 300868347}, "geometry": {"type": "Polygon", "coordinates": [[[8.2782944, 56.296128], [8.2782086, 56.2958899], [8.2776078, 56.2959196], [8.2773326, 56.2956996], [8.2772069, 56.2957384], [8.2765187, 56.2959509], [8.2769685, 56.2962168], [8.2782944, 56.296128]]]}}, {"type": "Feature", "properties": {"seamark_type": "harbour", "name": "Helmklink Havn", "osm_id": 300868443}, "geometry": {"type": "Polygon", "coordinates": [[[8.1480348, 56.3312174], [8.1465325, 56.3309641], [8.146588, 56.3308383], [8.1471307, 56.3304116], [8.1479834, 56.330607], [8.1481497, 56.3307098], [8.1480348, 56.3312174]]]}}, {"type": "Feature", "properties": {"seamark_type": "harbour", "name": "Hesnæs Havn", "osm_id": 301129545}, "geometry": {"type": "Polygon", "coordinates": [[[12.1381118, 54.8226173], [12.1384269, 54.8224524], [12.1392361, 54.8229312], [12.1391487, 54.8231488], [12.1389384, 54.8232813], [12.1386337, 54.8233655], [12.1382273, 54.8233809], [12.1374435, 54.8238103], [12.1370639, 54.8236019], [12.1370817, 54.8234438], [12.1373045, 54.8232764], [12.1373241, 54.8231902], [12.137251, 54.8231152], [12.1381118, 54.8226173]]]}}, {"type": "Feature", "properties": {"seamark_type": "harbour", "name": "Wassersport Bremer Schweiz (WBS)", "osm_id": 301416823}, "geometry": {"type": "Polygon", "coordinates": [[[8.6585867, 53.1596633], [8.6587332, 53.160149], [8.6588142, 53.160354], [8.6587576, 53.1603655], [8.6587902, 53.1604409], [8.6588494, 53.1606251], [8.6582206, 53.1606886], [8.6581435, 53.1605305], [8.6579533, 53.1600111], [8.6574213, 53.1601171], [8.6569415, 53.1598832], [8.6549833, 53.1603209], [8.6548903, 53.1601803], [8.6582399, 53.15942], [8.6584608, 53.1595205], [8.6585867, 53.1596633]]]}}, {"type": "Feature", "properties": {"seamark_type": "anchorage", "name": "Blexen - Reede", "osm_id": 303440598}, "geometry": {"type": "Polygon", "coordinates": [[[8.569883, 53.527627], [8.538217, 53.514015], [8.539305, 53.511805], [8.551127, 53.514587], [8.562083, 53.51875], [8.5718, 53.527], [8.569883, 53.527627]]]}}, {"type": "Feature", "properties": {"seamark_type": "anchorage", "name": "Nordenham Reede", "osm_id": 304103711}, "geometry": {"type": "Polygon", "coordinates": [[[8.4912408, 53.4706007], [8.4865717, 53.4757939], [8.4879386, 53.4813277], [8.492631, 53.4813785], [8.4912408, 53.4706007]]]}}, {"type": "Feature", "properties": {"seamark_type": "harbour", "name": "Sportbootzentrum Ziegelsee", "osm_id": 306493739}, "geometry": {"type": "Polygon", "coordinates": [[[11.4282963, 53.647846], [11.428281, 53.6480524], [11.4277129, 53.6480119], [11.4271755, 53.6479276], [11.4271615, 53.6477818], [11.4273584, 53.64778], [11.4273555, 53.6476715], [11.427468, 53.6476636], [11.4275017, 53.647667], [11.4275239, 53.6476382], [11.4275521, 53.647644], [11.4276193, 53.6476577], [11.4276488, 53.6476637], [11.4276231, 53.6477504], [11.4282963, 53.647846]]]}}, {"type": "Feature", "properties": {"seamark_type": "harbour", "name": "SRSV Plön", "osm_id": 311402114}, "geometry": {"type": "Polygon", "coordinates": [[[10.4089703, 54.151015], [10.4088204, 54.1509976], [10.4086795, 54.1509912], [10.4085159, 54.1509833], [10.4083314, 54.1510344], [10.4082436, 54.1514248], [10.4085663, 54.1519201], [10.408982, 54.1522368], [10.4090807, 54.1522062], [10.40936, 54.1521189], [10.4092271, 54.1515806], [10.4092733, 54.1511946], [10.4089362, 54.1511696], [10.4089703, 54.151015]]]}}, {"type": "Feature", "properties": {"seamark_type": "harbour", "name": "Agernæs Havn", "osm_id": 312368996}, "geometry": {"type": "Polygon", "coordinates": [[[9.9872495, 55.2002635], [9.9868874, 55.2002742], [9.9862789, 55.2001307], [9.986155, 55.1999138], [9.9862228, 55.1998874], [9.9865589, 55.1997454], [9.9868351, 55.1996738], [9.9869028, 55.1996623], [9.9869471, 55.1996696], [9.9869746, 55.1997002], [9.9870588, 55.1998245], [9.9872039, 55.2000775], [9.9872307, 55.2001464], [9.9872394, 55.200178], [9.9872495, 55.2002635]]]}}, {"type": "Feature", "properties": {"seamark_type": "harbour", "name": "Hemmet Havn", "osm_id": 320172691}, "geometry": {"type": "Polygon", "coordinates": [[[8.3277393, 55.8703604], [8.3278748, 55.8704104], [8.3279063, 55.870414], [8.3279237, 55.8704127], [8.3279365, 55.8704086], [8.3281571, 55.870187], [8.3285205, 55.8697882], [8.3287337, 55.8695466], [8.3288283, 55.8694217], [8.3288256, 55.8694089], [8.3288162, 55.8694022], [8.3287891, 55.8693933], [8.3287599, 55.8693837], [8.3286922, 55.8693702], [8.3286721, 55.8693713], [8.3286459, 55.8693803], [8.3285232, 55.8695037], [8.328314, 55.8697513], [8.3279378, 55.8701373], [8.3277393, 55.8703604]]]}}, {"type": "Feature", "properties": {"seamark_type": "harbour", "name": "Cruise Center Steinwerder", "osm_id": 323480585}, "geometry": {"type": "Polygon", "coordinates": [[[9.9635231, 53.5289922], [9.9641238, 53.5294926], [9.9566939, 53.5327579], [9.956079, 53.5322636], [9.9585942, 53.5311583], [9.9585227, 53.531098], [9.9585043, 53.5310824], [9.9584038, 53.5309982], [9.9583298, 53.5309362], [9.9583027, 53.5309488], [9.9567404, 53.5296873], [9.9567097, 53.5296625], [9.956658, 53.5296207], [9.9602639, 53.5280394], [9.9602732, 53.5280165], [9.9608665, 53.5277553], [9.9611843, 53.527568], [9.9617685, 53.527299], [9.9621199, 53.5271787], [9.9623251, 53.5270902], [9.9624055, 53.527069], [9.962627, 53.5272227], [9.9632653, 53.526942], [9.963747, 53.5267335], [9.963934, 53.5266564], [9.9641086, 53.5265953], [9.9642875, 53.526544], [9.9644788, 53.5264979], [9.9646606, 53.5264622], [9.9648526, 53.5264355], [9.9650721, 53.5264161], [9.9653438, 53.5264058], [9.9656213, 53.5264045], [9.9657597, 53.5264135], [9.9659596, 53.5264295], [9.9661531, 53.526457], [9.9662965, 53.5264889], [9.966374, 53.5265134], [9.9664726, 53.5265544], [9.9665233, 53.5265793], [9.9665559, 53.5266052], [9.9665664, 53.5266233], [9.9665714, 53.5266459], [9.9665638, 53.5266665], [9.9665428, 53.5266795], [9.966516, 53.5266965], [9.9664486, 53.5267193], [9.9665664, 53.5268367], [9.9665751, 53.5268454], [9.966645, 53.5269344], [9.9666542, 53.5269466], [9.966635, 53.5271223], [9.9656745, 53.5275187], [9.9648365, 53.5278946], [9.9631124, 53.5286501], [9.9635231, 53.5289922]]]}}, {"type": "Feature", "properties": {"seamark_type": "harbour", "name": "Marina Altefähr", "osm_id": 327281506}, "geometry": {"type": "Polygon", "coordinates": [[[13.122463, 54.32975], [13.1212594, 54.3296296], [13.1207309, 54.3290992], [13.1212249, 54.328599], [13.1220612, 54.3289376], [13.1222063, 54.3287888], [13.1233716, 54.3292003], [13.1231797, 54.3293834], [13.1229302, 54.3293506], [13.1227106, 54.3295248], [13.1225691, 54.329655], [13.122463, 54.32975]]]}}, {"type": "Feature", "properties": {"seamark_type": "harbour", "name": "Skyllebakke Havn", "osm_id": 328306023}, "geometry": {"type": "Polygon", "coordinates": [[[12.0537688, 55.8378445], [12.0538152, 55.837812], [12.0540858, 55.8378124], [12.0541128, 55.8378994], [12.0543909, 55.8381948], [12.0544656, 55.8383423], [12.0543017, 55.8383893], [12.0537833, 55.838254], [12.0537688, 55.8378445]]]}}, {"type": "Feature", "properties": {"seamark_type": "harbour", "name": "Trysnes Marina", "osm_id": 328747064}, "geometry": {"type": "Polygon", "coordinates": [[[7.7084754, 58.0577768], [7.7087588, 58.0563712], [7.7096644, 58.0564172], [7.7097527, 58.0566504], [7.7097638, 58.0567764], [7.7097661, 58.0567779], [7.7096977, 58.0570362], [7.7096323, 58.0572784], [7.709915, 58.0574781], [7.709923, 58.0578078], [7.7098806, 58.0578314], [7.7096234, 58.0578222], [7.7084754, 58.0577768]]]}}, {"type": "Feature", "properties": {"seamark_type": "harbour", "name": "Flensburger Fischereiverein", "osm_id": 330398806}, "geometry": {"type": "Polygon", "coordinates": [[[9.4367522, 54.7912186], [9.437629, 54.7911609], [9.4376463, 54.7910818], [9.4378736, 54.7910322], [9.4379711, 54.7910239], [9.437945, 54.7909213], [9.4377946, 54.7905704], [9.4375722, 54.7905322], [9.4366305, 54.7905867], [9.4367522, 54.7912186]]]}}, {"type": "Feature", "properties": {"seamark_type": "harbour", "name": "Stadthafen Flensburg \"im jaich\"", "osm_id": 330398807}, "geometry": {"type": "Polygon", "coordinates": [[[9.4375931, 54.790326], [9.4367014, 54.7904423], [9.4365463, 54.7900946], [9.4366796, 54.7894699], [9.4370848, 54.7894464], [9.4369155, 54.7887782], [9.437259, 54.7887399], [9.4374555, 54.7893897], [9.4373369, 54.7893995], [9.4374754, 54.7898594], [9.4375889, 54.7898478], [9.4375931, 54.790326]]]}}, {"type": "Feature", "properties": {"seamark_type": "harbour", "name": "Stadthafen Flensburg \"Im Jaich\"", "osm_id": 330398808}, "geometry": {"type": "Polygon", "coordinates": [[[9.4368124, 54.7913572], [9.4369628, 54.7925394], [9.437772, 54.792498], [9.4378446, 54.79232], [9.4377967, 54.7923074], [9.4376924, 54.791984], [9.4377044, 54.7918314], [9.4377929, 54.791698], [9.4378207, 54.7914388], [9.4378173, 54.7913523], [9.4376799, 54.7912941], [9.4368124, 54.7913572]]]}}, {"type": "Feature", "properties": {"seamark_type": "harbour", "name": "Marina Werftkontor", "osm_id": 330400447}, "geometry": {"type": "Polygon", "coordinates": [[[9.4373889, 54.794179], [9.4367587, 54.7941408], [9.436536, 54.7953602], [9.4371663, 54.7953985], [9.4373889, 54.794179]]]}}, {"type": "Feature", "properties": {"seamark_type": "harbour", "name": "Museumshafen Probstei", "osm_id": 338966365}, "geometry": {"type": "Polygon", "coordinates": [[[10.2796844, 54.4193563], [10.281008, 54.4194601], [10.2810032, 54.4192725], [10.2810359, 54.4192444], [10.2811816, 54.4192438], [10.2811869, 54.419082], [10.280032, 54.4190734], [10.2796844, 54.4193563]]]}}, {"type": "Feature", "properties": {"seamark_type": "harbour", "name": "Fredericia Lystbådehavn", "osm_id": 343752531}, "geometry": {"type": "Polygon", "coordinates": [[[9.7300933, 55.5536239], [9.730129, 55.5536328], [9.7301499, 55.5536366], [9.7301664, 55.5536476], [9.7301731, 55.553662], [9.7301709, 55.5536755], [9.7301604, 55.5536849], [9.7301425, 55.5536942], [9.7301163, 55.5536963], [9.7299601, 55.5536766], [9.7291823, 55.5523358], [9.7291223, 55.5522174], [9.7292143, 55.5522013], [9.7290985, 55.5519968], [9.7287608, 55.5518928], [9.7282367, 55.5517646], [9.7277492, 55.5516651], [9.7267955, 55.5516208], [9.7267681, 55.5518235], [9.7267842, 55.5520723], [9.7269425, 55.5523348], [9.727013, 55.5524674], [9.7268835, 55.552542], [9.7265536, 55.5526853], [9.7270153, 55.5534989], [9.7280563, 55.5553063], [9.7281145, 55.5553121], [9.7282896, 55.5552854], [9.7315066, 55.5546886], [9.7311025, 55.553952], [9.7309208, 55.5538307], [9.7305811, 55.5537583], [9.7305594, 55.5537651], [9.7305198, 55.5537664], [9.7304831, 55.5537592], [9.7304629, 55.5537473], [9.7304472, 55.5537292], [9.7304502, 55.5537004], [9.7304756, 55.5536788], [9.7305168, 55.553667], [9.7300933, 55.5536239]]]}}, {"type": "Feature", "properties": {"seamark_type": "harbour", "name": "Horsens Lystbådehavn", "osm_id": 343755122}, "geometry": {"type": "Polygon", "coordinates": [[[9.8711726, 55.8563651], [9.8746967, 55.8559386], [9.876648, 55.8563191], [9.8771515, 55.8564712], [9.8773985, 55.8566642], [9.8775679, 55.8592539], [9.8750204, 55.8592944], [9.8749951, 55.8590573], [9.8737563, 55.8590627], [9.8737332, 55.8586719], [9.8722403, 55.8586986], [9.8721685, 55.8578723], [9.8718891, 55.8579035], [9.8716155, 55.8571282], [9.8714349, 55.8570891], [9.8711726, 55.8563651]]]}}, {"type": "Feature", "properties": {"seamark_type": "harbour", "name": null, "osm_id": 346985505}, "geometry": {"type": "Polygon", "coordinates": [[[14.8871567, 58.4494964], [14.8856779, 58.4494939], [14.884656, 58.4492195], [14.8843613, 58.4489852], [14.8852162, 58.4483807], [14.8860166, 58.4485608], [14.886139, 58.4486004], [14.8866049, 58.4488472], [14.886646, 58.4489458], [14.8867141, 58.4489473], [14.8867152, 58.4489652], [14.8867148, 58.448977], [14.8866495, 58.4489774], [14.8866637, 58.4490839], [14.8866619, 58.4492306], [14.8871567, 58.4494964]]]}}, {"type": "Feature", "properties": {"seamark_type": "harbour", "name": "Przystan kajakowa przy rzece Młynówka", "osm_id": 351652502}, "geometry": {"type": "Polygon", "coordinates": [[[15.2678456, 54.0585523], [15.267929, 54.058546], [15.267927, 54.0584793], [15.2678724, 54.0584811], [15.2678518, 54.0584636], [15.2678335, 54.0584729], [15.2678456, 54.0585523]]]}}, {"type": "Feature", "properties": {"seamark_type": "anchorage", "name": "D", "osm_id": 352415371}, "geometry": {"type": "Polygon", "coordinates": [[[14.8228333, 56.1468333], [14.8295, 56.1468333], [14.8295, 56.144], [14.8228333, 56.144], [14.8228333, 56.1468333]]]}}, {"type": "Feature", "properties": {"seamark_type": "harbour", "name": "Marina Dziwnów", "osm_id": 352867736}, "geometry": {"type": "Polygon", "coordinates": [[[14.7375216, 54.0207554], [14.7377732, 54.020527], [14.7379183, 54.0203684], [14.7381569, 54.0204328], [14.7382552, 54.0204392], [14.7382641, 54.0204022], [14.7391548, 54.0204951], [14.7391337, 54.0205324], [14.739487, 54.0205641], [14.7394605, 54.0210516], [14.7392317, 54.0210477], [14.7391156, 54.0214856], [14.7390333, 54.0215012], [14.7381088, 54.0214845], [14.7381087, 54.0214577], [14.7379249, 54.0214542], [14.737609, 54.0213622], [14.737285, 54.0212232], [14.7371542, 54.021192], [14.7375216, 54.0207554]]]}}, {"type": "Feature", "properties": {"seamark_type": "harbour", "name": "Marina Polmax", "osm_id": 352868030}, "geometry": {"type": "Polygon", "coordinates": [[[14.7329022, 54.0192201], [14.7322251, 54.0193378], [14.7319598, 54.019342], [14.7320126, 54.0190596], [14.7320105, 54.0189307], [14.732272, 54.0187725], [14.7324493, 54.0186953], [14.7327594, 54.0185983], [14.7327631, 54.0186376], [14.7327755, 54.018669], [14.7331392, 54.0186347], [14.7333208, 54.0191848], [14.732916, 54.0192266], [14.7329022, 54.0192201]]]}}, {"type": "Feature", "properties": {"seamark_type": "harbour", "name": "Nørre Uttrup Lystbådehavn", "osm_id": 353585058}, "geometry": {"type": "Polygon", "coordinates": [[[9.9588211, 57.070663], [9.958978, 57.0708489], [9.9592342, 57.0710034], [9.9594796, 57.0711244], [9.9595614, 57.0712192], [9.9595239, 57.071435], [9.9595534, 57.0715742], [9.9595279, 57.0716894], [9.9593561, 57.0719089], [9.9592208, 57.0719599], [9.95908, 57.071981], [9.9586615, 57.0719898], [9.958404, 57.0720277], [9.9582163, 57.0720299], [9.9578602, 57.0719918], [9.9575166, 57.0719171], [9.9572014, 57.0717887], [9.9567843, 57.0717013], [9.9565684, 57.0716058], [9.9560521, 57.0711931], [9.9558381, 57.0709903], [9.9556672, 57.0708702], [9.9554754, 57.0706201], [9.9553644, 57.0703811], [9.9556219, 57.0701339], [9.9559494, 57.0699464], [9.9562626, 57.0698358], [9.9567506, 57.0697891], [9.9568853, 57.0698895], [9.9569731, 57.0699378], [9.9574834, 57.0700631], [9.957612, 57.0700524], [9.9576091, 57.0700255], [9.9576985, 57.0700226], [9.9577729, 57.0700204], [9.9577767, 57.0700564], [9.9581858, 57.070104], [9.9583186, 57.0701105], [9.9584961, 57.0700795], [9.9586307, 57.0700411], [9.9587774, 57.0699896], [9.9590079, 57.0698954], [9.959248, 57.0697779], [9.9593103, 57.0697558], [9.9595148, 57.0698918], [9.9593981, 57.0699319], [9.9586186, 57.070321], [9.958746, 57.0704873], [9.9588211, 57.070663]]]}}, {"type": "Feature", "properties": {"seamark_type": "anchorage", "name": "Emden-Reede", "osm_id": 355466872}, "geometry": {"type": "Polygon", "coordinates": [[[7.194016, 53.331494], [7.207766, 53.330439], [7.207627, 53.32955], [7.194016, 53.330383], [7.194016, 53.331494]]]}}, {"type": "Feature", "properties": {"seamark_type": "harbour", "name": null, "osm_id": 357095116}, "geometry": {"type": "Polygon", "coordinates": [[[11.5101849, 54.6368221], [11.5109141, 54.6370283], [11.5119302, 54.6374475], [11.5124872, 54.6377187], [11.5128506, 54.6374171], [11.5128363, 54.6372386], [11.5126474, 54.6370172], [11.5125802, 54.6366924], [11.512418, 54.63668], [11.5118865, 54.6364769], [11.5116354, 54.6363554], [11.5114758, 54.6363226], [11.5108997, 54.6362793], [11.5108407, 54.6365257], [11.5107845, 54.6365651], [11.5107027, 54.6365876], [11.5105779, 54.636601], [11.5101849, 54.6368221]]]}}, {"type": "Feature", "properties": {"seamark_type": "harbour", "name": "Errindlev Havn", "osm_id": 357095121}, "geometry": {"type": "Polygon", "coordinates": [[[11.5500279, 54.647302], [11.5497921, 54.646713], [11.5493639, 54.6467393], [11.5493977, 54.6464885], [11.5493639, 54.6463269], [11.5491052, 54.645987], [11.5487533, 54.64566], [11.5488808, 54.6455395], [11.5491263, 54.6455405], [11.5493621, 54.6455921], [11.5494663, 54.6455872], [11.5497422, 54.6454995], [11.5500994, 54.6455475], [11.5501849, 54.6456078], [11.5504175, 54.6456235], [11.5504963, 54.64567], [11.5504787, 54.6457328], [11.5502931, 54.6459718], [11.5503099, 54.6461075], [11.5504021, 54.6462495], [11.5503753, 54.6463133], [11.5501015, 54.6464975], [11.5503581, 54.6471708], [11.5500279, 54.647302]]]}}, {"type": "Feature", "properties": {"seamark_type": "harbour", "name": "Handermelle Havn", "osm_id": 357095122}, "geometry": {"type": "Polygon", "coordinates": [[[11.5714813, 54.6581975], [11.5714707, 54.6583102], [11.5710996, 54.6583809], [11.5708366, 54.658336], [11.5703942, 54.6583296], [11.5699942, 54.6581356], [11.5700418, 54.6580173], [11.5700904, 54.658], [11.5702856, 54.6579335], [11.5703228, 54.6579429], [11.5703165, 54.6579689], [11.5703559, 54.6580184], [11.5704224, 54.6580161], [11.5705893, 54.6580147], [11.5705857, 54.6579299], [11.570567, 54.6579173], [11.5705513, 54.6578886], [11.5705937, 54.6578722], [11.5711307, 54.6579061], [11.5711764, 54.6581058], [11.5713803, 54.6581797], [11.5714813, 54.6581975]]]}}, {"type": "Feature", "properties": {"seamark_type": "harbour", "name": "Høvænge Havn", "osm_id": 357095124}, "geometry": {"type": "Polygon", "coordinates": [[[11.6108956, 54.6594218], [11.6109674, 54.6593943], [11.6109969, 54.6594818], [11.6109087, 54.6596436], [11.6109644, 54.6601187], [11.6103841, 54.6601722], [11.610035, 54.659901], [11.6100149, 54.659642], [11.6100933, 54.6595901], [11.6103065, 54.6595319], [11.6103546, 54.6595053], [11.6105376, 54.6594038], [11.6107423, 54.6593811], [11.6108956, 54.6594218]]]}}, {"type": "Feature", "properties": {"seamark_type": "harbour", "name": "Sandager Havn", "osm_id": 357095126}, "geometry": {"type": "Polygon", "coordinates": [[[11.6000235, 54.6625544], [11.6001837, 54.6624945], [11.6004124, 54.6624816], [11.6006308, 54.6627187], [11.6008882, 54.6628395], [11.6010289, 54.6628674], [11.6011856, 54.6628535], [11.6012249, 54.6629109], [11.6003662, 54.6631319], [11.5997135, 54.6633317], [11.5996631, 54.6631207], [11.5996534, 54.6630935], [11.5995442, 54.6627874], [11.5995559, 54.6627384], [11.5995742, 54.6627206], [11.6000235, 54.6625544]]]}}, {"type": "Feature", "properties": {"seamark_type": "harbour", "name": "Stubberup Havn", "osm_id": 357095127}, "geometry": {"type": "Polygon", "coordinates": [[[11.6890856, 54.6644924], [11.6891019, 54.6641735], [11.6892582, 54.663785], [11.6893526, 54.6637761], [11.6896667, 54.6637134], [11.6897302, 54.6636732], [11.6905071, 54.6640295], [11.6906571, 54.6640983], [11.6912421, 54.6641305], [11.6917093, 54.6640176], [11.6919511, 54.6645288], [11.6913221, 54.6645844], [11.6906416, 54.664267], [11.6903957, 54.6643158], [11.6890856, 54.6644924]]]}}, {"type": "Feature", "properties": {"seamark_type": "harbour", "name": "Bessekrokens Marina", "osm_id": 360052376}, "geometry": {"type": "Polygon", "coordinates": [[[11.6807095, 57.7183783], [11.6799321, 57.7179654], [11.6808674, 57.7174702], [11.6815242, 57.7174614], [11.6820106, 57.7173082], [11.6821159, 57.7172822], [11.6823032, 57.7173543], [11.6824187, 57.7174732], [11.6824384, 57.7174371], [11.6825313, 57.7174205], [11.6826637, 57.7175002], [11.6826552, 57.7175423], [11.6825341, 57.7176281], [11.6807095, 57.7183783]]]}}, {"type": "Feature", "properties": {"seamark_type": "harbour", "name": "Bootswerft Reiners", "osm_id": 367056721}, "geometry": {"type": "Polygon", "coordinates": [[[8.6548062, 53.1587203], [8.6546304, 53.1587693], [8.6544849, 53.1588436], [8.6545223, 53.1591107], [8.6548605, 53.1595621], [8.6548756, 53.1595954], [8.6534634, 53.1599275], [8.6529578, 53.1600007], [8.6530356, 53.1601888], [8.6542252, 53.1599701], [8.6569045, 53.1592952], [8.6568323, 53.1591547], [8.6565282, 53.1592259], [8.6564723, 53.1591595], [8.6562629, 53.1589283], [8.6560586, 53.1588915], [8.6559519, 53.158728], [8.6558341, 53.1587025], [8.6556959, 53.158647], [8.6555126, 53.158566], [8.6554474, 53.1585724], [8.6553663, 53.1585803], [8.6550045, 53.1587282], [8.6549152, 53.1587539], [8.6549002, 53.1587387], [8.6548562, 53.1587478], [8.6548297, 53.1587134], [8.654816, 53.1587174], [8.6548062, 53.1587203]]]}}, {"type": "Feature", "properties": {"seamark_type": "harbour", "name": null, "osm_id": 367227418}, "geometry": {"type": "Polygon", "coordinates": [[[12.9714639, 53.3059794], [12.9715476, 53.3061581], [12.9703336, 53.3063573], [12.9703033, 53.3062917], [12.9702364, 53.3063042], [12.9702277, 53.3063195], [12.9703074, 53.3064872], [12.9703341, 53.3064932], [12.9703893, 53.3064835], [12.9703521, 53.3063995], [12.9715695, 53.3062049], [12.9716407, 53.3063571], [12.9715317, 53.3063751], [12.9715517, 53.3064181], [12.9704568, 53.3066063], [12.9704266, 53.3065455], [12.9702516, 53.3065198], [12.9701711, 53.3063418], [12.9698837, 53.306357], [12.9698373, 53.3063348], [12.9697517, 53.3063267], [12.9697616, 53.3063113], [12.9697376, 53.3062922], [12.9699233, 53.306304], [12.9701559, 53.3062792], [12.9702816, 53.3061596], [12.9714639, 53.3059794]]]}}, {"type": "Feature", "properties": {"seamark_type": "harbour", "name": "Passantenhaven", "osm_id": 367337046}, "geometry": {"type": "Polygon", "coordinates": [[[6.0932178, 53.1064406], [6.0932676, 53.1060389], [6.0937223, 53.1060592], [6.0936739, 53.106449], [6.0935673, 53.1064443], [6.0935659, 53.1064562], [6.0932178, 53.1064406]]]}}, {"type": "Feature", "properties": {"seamark_type": "harbour", "name": "MRV Peenemünde", "osm_id": 370791692}, "geometry": {"type": "Polygon", "coordinates": [[[13.7694653, 54.133356], [13.7687894, 54.1337736], [13.7690341, 54.1342682], [13.768901, 54.1342903], [13.768944, 54.1343833], [13.7688162, 54.1344845], [13.7687552, 54.1345115], [13.7695028, 54.1346922], [13.771106, 54.1344306], [13.7709569, 54.1340418], [13.7708051, 54.1339617], [13.7705878, 54.1339268], [13.7704235, 54.1336251], [13.7702143, 54.1335823], [13.7696785, 54.1334766], [13.7694653, 54.133356]]]}}, {"type": "Feature", "properties": {"seamark_type": "harbour", "name": "North East Marina", "osm_id": 372515477}, "geometry": {"type": "Polygon", "coordinates": [[[14.5694773, 53.4276654], [14.56936, 53.4277625], [14.5694053, 53.4277835], [14.5693577, 53.4278218], [14.5696868, 53.4279932], [14.5698049, 53.4280435], [14.5699222, 53.4280871], [14.5700303, 53.4281256], [14.5701289, 53.4281744], [14.5701945, 53.4282161], [14.5702738, 53.4282674], [14.5703701, 53.4283213], [14.5704363, 53.4283506], [14.570522, 53.4283819], [14.5706381, 53.4284197], [14.570757, 53.4284631], [14.5708453, 53.4285038], [14.5709427, 53.4285549], [14.5709892, 53.4286012], [14.5710028, 53.4286411], [14.5709991, 53.428677], [14.5709609, 53.4287652], [14.5710657, 53.4287844], [14.5712072, 53.4288104], [14.5713911, 53.4284942], [14.5714514, 53.4283906], [14.5719768, 53.4274445], [14.5716235, 53.4273412], [14.5715794, 53.4273285], [14.5714183, 53.4272809], [14.5703203, 53.4269566], [14.5699089, 53.4268351], [14.5690827, 53.4265917], [14.5684161, 53.4263953], [14.5682519, 53.4263497], [14.568105, 53.4263027], [14.568032, 53.4262755], [14.5679407, 53.4262389], [14.567811, 53.4261774], [14.5672349, 53.4258874], [14.5678404, 53.4266536], [14.568196, 53.4271149], [14.5684947, 53.4271727], [14.568591, 53.4271876], [14.5689259, 53.4272394], [14.5689868, 53.4272429], [14.5691105, 53.4273119], [14.5691573, 53.4273339], [14.5691861, 53.4273161], [14.5694711, 53.427485], [14.5696188, 53.427566], [14.5695888, 53.4275845], [14.5695568, 53.4276042], [14.5696073, 53.4276291], [14.5695256, 53.427688], [14.5694773, 53.4276654]]]}}, {"type": "Feature", "properties": {"seamark_type": "harbour", "name": "Europahafen Bremen", "osm_id": 375695321}, "geometry": {"type": "Polygon", "coordinates": [[[8.7758755, 53.0889659], [8.7756328, 53.0887893], [8.7786489, 53.0872949], [8.7788916, 53.0874716], [8.7758755, 53.0889659]]]}}, {"type": "Feature", "properties": {"seamark_type": "harbour", "name": "Lübecker Motorboot-Club (LMC)", "osm_id": 376553040}, "geometry": {"type": "Polygon", "coordinates": [[[10.6761068, 53.8564809], [10.6762413, 53.8564994], [10.6762152, 53.8565877], [10.67619, 53.8566577], [10.6762286, 53.856693], [10.6763756, 53.856722], [10.676511, 53.8567452], [10.6766381, 53.8567535], [10.6767642, 53.8565759], [10.6772015, 53.8566648], [10.6772375, 53.856742], [10.6775896, 53.8568106], [10.677696, 53.8567459], [10.6778418, 53.8567227], [10.6778782, 53.8566593], [10.6776774, 53.8566256], [10.6776808, 53.8566183], [10.6777118, 53.8565296], [10.6770185, 53.8564027], [10.676345, 53.8562066], [10.6762279, 53.8561759], [10.6761068, 53.8564809]]]}}, {"type": "Feature", "properties": {"seamark_type": "harbour", "name": "Røjklit Havn", "osm_id": 378002011}, "geometry": {"type": "Polygon", "coordinates": [[[8.1761335, 56.1438939], [8.1771511, 56.1438312], [8.1774819, 56.1434869], [8.1771875, 56.1428066], [8.1755483, 56.1430172], [8.1761335, 56.1438939]]]}}, {"type": "Feature", "properties": {"seamark_type": "harbour", "name": "Bøvlingbjerg Jollehavn", "osm_id": 378882461}, "geometry": {"type": "Polygon", "coordinates": [[[8.202869, 56.4186669], [8.202972, 56.4189725], [8.2029939, 56.4190374], [8.2030904, 56.4192362], [8.2032192, 56.4192362], [8.2030005, 56.4186447], [8.202869, 56.4186669]]]}}, {"type": "Feature", "properties": {"seamark_type": "anchorage", "name": "Schillig Reede Nord", "osm_id": 382866498}, "geometry": {"type": "Polygon", "coordinates": [[[8.055417, 53.754295], [8.063155, 53.7377167], [8.0662573, 53.7322633], [8.0834833, 53.7327167], [8.086251, 53.754295], [8.055417, 53.754295]]]}}, {"type": "Feature", "properties": {"seamark_type": "harbour", "name": "WSV Marcardsmoor", "osm_id": 384344693}, "geometry": {"type": "Polygon", "coordinates": [[[7.7184361, 53.4591535], [7.7185346, 53.4590422], [7.7186115, 53.4577624], [7.718686, 53.4577632], [7.7186074, 53.4590762], [7.7185853, 53.4591038], [7.7184361, 53.4591535]]]}}, {"type": "Feature", "properties": {"seamark_type": "harbour", "name": "Hafen Schwedt", "osm_id": 392513417}, "geometry": {"type": "Polygon", "coordinates": [[[14.3207122, 53.098982], [14.3264255, 53.0977634], [14.326292, 53.0975204], [14.3266195, 53.0974491], [14.3268776, 53.0978874], [14.3276098, 53.0977334], [14.3275465, 53.0972522], [14.3277716, 53.0972031], [14.3287287, 53.0969945], [14.3286977, 53.0969454], [14.3293768, 53.0967867], [14.3268739, 53.092445], [14.32654, 53.0925085], [14.326555, 53.0928694], [14.3237863, 53.0934367], [14.3235565, 53.0934869], [14.3222916, 53.0937637], [14.3219784, 53.0949425], [14.3218882, 53.0950771], [14.3211839, 53.0956579], [14.3208744, 53.0959627], [14.3203762, 53.0961325], [14.320415, 53.0961766], [14.3198746, 53.0963441], [14.3194577, 53.0967495], [14.320483, 53.0985378], [14.3207122, 53.098982]]]}}, {"type": "Feature", "properties": {"seamark_type": "harbour", "name": "Faldsled Havn", "osm_id": 395436938}, "geometry": {"type": "Polygon", "coordinates": [[[10.1427754, 55.153446], [10.1413953, 55.152928], [10.141367, 55.1529037], [10.1413766, 55.1528754], [10.1416862, 55.1525864], [10.1419269, 55.152381], [10.1421346, 55.1522075], [10.1428371, 55.1518953], [10.142907, 55.1518829], [10.1438597, 55.152236], [10.1438141, 55.152262], [10.1436692, 55.1523785], [10.1443814, 55.1526391], [10.1446456, 55.1526644], [10.1455408, 55.1530278], [10.1453357, 55.1531688], [10.1445325, 55.152829], [10.1444779, 55.1528904], [10.1444229, 55.1529379], [10.1443666, 55.1529701], [10.1442973, 55.152984], [10.1442589, 55.1529785], [10.1441333, 55.1529414], [10.144085, 55.1529391], [10.1440193, 55.1529724], [10.1439911, 55.1529659], [10.1439656, 55.1529552], [10.1440099, 55.152908], [10.1438396, 55.1528429], [10.143332, 55.1526835], [10.1432911, 55.1526862], [10.1432622, 55.1527], [10.1432475, 55.1527111], [10.1430738, 55.1528667], [10.1430537, 55.1529088], [10.1430617, 55.1529341], [10.1431985, 55.1529946], [10.14283, 55.1533984], [10.1427754, 55.153446]]]}}, {"type": "Feature", "properties": {"seamark_type": "harbour", "name": "Vigehavnen", "osm_id": 396710269}, "geometry": {"type": "Polygon", "coordinates": [[[15.1400976, 55.1394497], [15.140221, 55.1395171], [15.1403568, 55.1396714], [15.140402, 55.1397287], [15.1404423, 55.1397954], [15.1405039, 55.1398222], [15.1405697, 55.1398038], [15.140571, 55.1397517], [15.1405415, 55.1396245], [15.1405978, 55.1395309], [15.1407373, 55.1394252], [15.1408687, 55.1394022], [15.1407515, 55.1392165], [15.140196, 55.1387515], [15.1400353, 55.1386169], [15.1394857, 55.1387457], [15.1395439, 55.1388424], [15.1396185, 55.1388206], [15.1398539, 55.1391684], [15.1400813, 55.1393906], [15.1400976, 55.1394497]]]}}, {"type": "Feature", "properties": {"seamark_type": "harbour", "name": "Przystań Sezonowa", "osm_id": 416584617}, "geometry": {"type": "Polygon", "coordinates": [[[14.7648373, 54.0263285], [14.7648517, 54.0263841], [14.7654045, 54.0263724], [14.766931, 54.026345], [14.7674007, 54.0262985], [14.7673175, 54.0259565], [14.7648096, 54.0262417], [14.7648373, 54.0263285]]]}}, {"type": "Feature", "properties": {"seamark_type": "harbour", "name": "Farsund gjestehavn Gåseholmen", "osm_id": 418076645}, "geometry": {"type": "Polygon", "coordinates": [[[6.806627, 58.0928694], [6.8065438, 58.0924853], [6.8075281, 58.0918884], [6.8082067, 58.0912022], [6.8083444, 58.0912525], [6.8077681, 58.0918504], [6.8075828, 58.091988], [6.8067163, 58.0925509], [6.8067998, 58.092812], [6.806627, 58.0928694]]]}}, {"type": "Feature", "properties": {"seamark_type": "harbour", "name": "Farsund gjestehavn Verven", "osm_id": 418076646}, "geometry": {"type": "Polygon", "coordinates": [[[6.8060408, 58.0919054], [6.8058784, 58.0918818], [6.8063494, 58.0907893], [6.8063813, 58.0907933], [6.80654, 58.090447], [6.8058052, 58.0903549], [6.805831, 58.0902429], [6.8067261, 58.0903849], [6.8060408, 58.0919054]]]}}, {"type": "Feature", "properties": {"seamark_type": "harbour", "name": "Uterwei", "osm_id": 427691687}, "geometry": {"type": "Polygon", "coordinates": [[[6.1725223, 53.226037], [6.1722254, 53.2266515], [6.17236, 53.2266743], [6.1722969, 53.2268029], [6.1721866, 53.2267831], [6.1720989, 53.226966], [6.172064, 53.226998], [6.1720432, 53.2270031], [6.1719828, 53.2271301], [6.1725876, 53.2272378], [6.1732013, 53.2260225], [6.1731299, 53.2260092], [6.1730097, 53.2259871], [6.172899, 53.2259703], [6.1728097, 53.2259723], [6.1726804, 53.2259791], [6.1725577, 53.2260141], [6.1725223, 53.226037]]]}}, {"type": "Feature", "properties": {"seamark_type": "harbour", "name": "Seehafen Greifswald-Ladebow", "osm_id": 427960097}, "geometry": {"type": "Polygon", "coordinates": [[[13.4410823, 54.1096203], [13.4414252, 54.1097658], [13.4415311, 54.1098108], [13.4422505, 54.1092491], [13.4440769, 54.1080154], [13.4466048, 54.1061305], [13.4470792, 54.1058628], [13.4475673, 54.1056737], [13.4476251, 54.1054299], [13.4473755, 54.1054185], [13.4472937, 54.105449], [13.4462645, 54.1053783], [13.4459509, 54.104875], [13.4472386, 54.1045962], [13.4481577, 54.1022498], [13.4503008, 54.1024819], [13.4503371, 54.1023672], [13.4481984, 54.1021284], [13.4482314, 54.1019234], [13.4482215, 54.1018312], [13.4481119, 54.1018329], [13.4479976, 54.1018182], [13.4462687, 54.1014659], [13.4457694, 54.1000808], [13.4393704, 54.1002435], [13.4394335, 54.1014218], [13.4394689, 54.102082], [13.4394814, 54.1023308], [13.4394909, 54.102493], [13.439494, 54.1025449], [13.4394984, 54.1026203], [13.4409221, 54.1031575], [13.4415981, 54.1034571], [13.4426824, 54.1039375], [13.4427104, 54.1039491], [13.4426623, 54.1040238], [13.4422186, 54.1047035], [13.4434179, 54.1051041], [13.4410056, 54.1085439], [13.4410656, 54.109385], [13.4410823, 54.1096203]]]}}, {"type": "Feature", "properties": {"seamark_type": "harbour", "name": "Kungshamns småbåtshamn (Guleskär)", "osm_id": 428668030}, "geometry": {"type": "Polygon", "coordinates": [[[11.2439321, 58.3589961], [11.2447531, 58.3591243], [11.2451034, 58.3583316], [11.2453886, 58.3580875], [11.2450183, 58.3570138], [11.2448032, 58.3566594], [11.2430919, 58.3569219], [11.2431164, 58.3574479], [11.2442215, 58.3580722], [11.2442666, 58.3582055], [11.2439321, 58.3589961]]]}}, {"type": "Feature", "properties": {"seamark_type": "harbour", "name": "Jachthaven Schiermonnikoog", "osm_id": 429604743}, "geometry": {"type": "Polygon", "coordinates": [[[6.1673975, 53.4679458], [6.1668006, 53.4679331], [6.16674, 53.4683539], [6.166708, 53.468353], [6.1666546, 53.468716], [6.1666142, 53.4689906], [6.1665703, 53.4692904], [6.1665347, 53.4695334], [6.1664956, 53.4698091], [6.1664782, 53.4699343], [6.1664667, 53.4700173], [6.1664568, 53.470089], [6.166512, 53.470123], [6.166525, 53.4701598], [6.1665809, 53.4701654], [6.1674523, 53.4701968], [6.1675241, 53.4700639], [6.1675791, 53.4696371], [6.1676891, 53.468533], [6.1677105, 53.4683713], [6.1677405, 53.46817], [6.1677665, 53.468105], [6.1678178, 53.4680526], [6.1673975, 53.4679458]]]}}, {"type": "Feature", "properties": {"seamark_type": "harbour", "name": "Bobby Reich", "osm_id": 430049170}, "geometry": {"type": "Polygon", "coordinates": [[[10.0000113, 53.5801033], [10.0006118, 53.5796612], [10.0020484, 53.5797075], [10.0024156, 53.5798219], [10.0018608, 53.5803944], [10.0013593, 53.5805155], [10.0006339, 53.5805188], [10.0007515, 53.5804308], [10.000178, 53.5801515], [10.000155, 53.5801709], [10.0000113, 53.5801033]]]}}, {"type": "Feature", "properties": {"seamark_type": "harbour", "name": "Madsens Plads", "osm_id": 435771969}, "geometry": {"type": "Polygon", "coordinates": [[[10.5942196, 55.0470249], [10.5941053, 55.0469959], [10.5940949, 55.046993], [10.5940878, 55.0469923], [10.5940802, 55.0469941], [10.5940349, 55.0470458], [10.5939158, 55.0471849], [10.5938999, 55.0472053], [10.5938962, 55.0472121], [10.5938942, 55.0472209], [10.5938945, 55.047229], [10.5938771, 55.0472257], [10.5938621, 55.0472237], [10.5938369, 55.0472203], [10.5938028, 55.0472177], [10.593757, 55.0472151], [10.5937029, 55.0472132], [10.5936246, 55.0472133], [10.593567, 55.0472144], [10.5934889, 55.0472163], [10.5934748, 55.0472166], [10.5935669, 55.0472103], [10.5936125, 55.0472055], [10.5936544, 55.0471999], [10.5936665, 55.047196], [10.5936756, 55.0471858], [10.5936364, 55.0471852], [10.5936337, 55.047182], [10.5936694, 55.0471512], [10.5936513, 55.0471333], [10.5936359, 55.04712], [10.5936271, 55.0471143], [10.5936245, 55.0471101], [10.5936253, 55.0471063], [10.5936305, 55.0471018], [10.5936373, 55.0470989], [10.5936466, 55.0470982], [10.5936537, 55.0470996], [10.5936604, 55.0471019], [10.5936768, 55.0471145], [10.5936969, 55.0471375], [10.5937029, 55.0471445], [10.5937121, 55.0471558], [10.5937181, 55.0471639], [10.5937255, 55.0471745], [10.5937354, 55.0471873], [10.5937427, 55.0471933], [10.593751, 55.0471979], [10.5937778, 55.0472037], [10.5938009, 55.047208], [10.5938188, 55.0472106], [10.5938386, 55.047211], [10.5938536, 55.0471977], [10.593865, 55.0471865], [10.5938815, 55.0471677], [10.5939027, 55.0471439], [10.5939363, 55.0471052], [10.5939629, 55.0470715], [10.5939865, 55.0470399], [10.5939945, 55.0470276], [10.5939972, 55.0470199], [10.5939964, 55.0470116], [10.5939942, 55.0470048], [10.5939919, 55.0470003], [10.5939866, 55.0469952], [10.5939818, 55.0469916], [10.5939757, 55.0469892], [10.5939672, 55.0469877], [10.5939598, 55.0469877], [10.5939519, 55.0469881], [10.5939462, 55.0469893], [10.5939424, 55.0469913], [10.5939411, 55.0469932], [10.5938807, 55.0469847], [10.5938794, 55.0469873], [10.5937625, 55.0469658], [10.5937447, 55.0469915], [10.5936774, 55.0470887], [10.593672, 55.0470823], [10.5936693, 55.0470763], [10.5936696, 55.0470699], [10.5937274, 55.0469875], [10.5937147, 55.0469847], [10.5937357, 55.0469496], [10.593694, 55.0469414], [10.5936885, 55.0469398], [10.5936862, 55.0469357], [10.5936875, 55.0469326], [10.5936922, 55.0469241], [10.5936931, 55.0469216], [10.5937476, 55.0469266], [10.5937553, 55.0469047], [10.5937945, 55.046852], [10.593808, 55.0468543], [10.5938469, 55.0468609], [10.5938537, 55.046862], [10.593858, 55.0468627], [10.5938544, 55.0468691], [10.593927, 55.0468815], [10.5939352, 55.0468675], [10.5942421, 55.0469222], [10.5942188, 55.0469474], [10.5942745, 55.0469648], [10.5942196, 55.0470249]]]}}, {"type": "Feature", "properties": {"seamark_type": "harbour", "name": "WOPR Police", "osm_id": 445437891}, "geometry": {"type": "Polygon", "coordinates": [[[14.5744764, 53.5553737], [14.574327, 53.5553959], [14.5738514, 53.5553603], [14.5736638, 53.5553335], [14.5736662, 53.5552475], [14.5733963, 53.5552061], [14.5731098, 53.5551622], [14.5730964, 53.5551601], [14.5730707, 53.5551587], [14.5731151, 53.5550214], [14.5731384, 53.5549423], [14.573324, 53.5549694], [14.5738446, 53.5550453], [14.5743114, 53.5550717], [14.5744288, 53.5550783], [14.5744764, 53.5553737]]]}}, {"type": "Feature", "properties": {"seamark_type": "harbour", "name": "Olimpia", "osm_id": 446086414}, "geometry": {"type": "Polygon", "coordinates": [[[14.574492, 53.5553704], [14.574327, 53.5553959], [14.5738514, 53.5553603], [14.5736638, 53.5553335], [14.5735751, 53.5556095], [14.573543, 53.5557367], [14.573339, 53.5557198], [14.5733348, 53.555738], [14.5730462, 53.5556962], [14.5729286, 53.5560102], [14.5735989, 53.5560654], [14.5738791, 53.5559872], [14.5744298, 53.5560335], [14.5744827, 53.5559813], [14.574492, 53.5553704]]]}}, {"type": "Feature", "properties": {"seamark_type": "harbour", "name": null, "osm_id": 446949329}, "geometry": {"type": "Polygon", "coordinates": [[[12.3347381, 58.3828888], [12.334912, 58.3829571], [12.3349566, 58.3830395], [12.3339609, 58.3839265], [12.3340307, 58.3840615], [12.3336384, 58.384187], [12.3335425, 58.3839782], [12.3335073, 58.3838819], [12.3339595, 58.383523], [12.3341846, 58.3833444], [12.3345512, 58.3830168], [12.3347381, 58.3828888]]]}}, {"type": "Feature", "properties": {"seamark_type": "harbour", "name": "Sønderborg Lystbådehavn", "osm_id": 447098391}, "geometry": {"type": "Polygon", "coordinates": [[[9.7910968, 54.8978665], [9.791197, 54.8977702], [9.7913221, 54.8976672], [9.7941507, 54.8963097], [9.7942066, 54.8962964], [9.7942624, 54.8962964], [9.79505, 54.8964016], [9.7950962, 54.8964094], [9.7951289, 54.8964249], [9.7962496, 54.8974956], [9.7963518, 54.8975846], [9.7962645, 54.8976247], [9.7964395, 54.8977925], [9.7966435, 54.8979805], [9.7975998, 54.8981436], [9.7985059, 54.8982836], [9.7981319, 54.8984929], [9.7975747, 54.8987858], [9.7960444, 54.8995762], [9.7955356, 54.8997838], [9.7951149, 54.9000328], [9.7948883, 54.900252], [9.7947911, 54.9003027], [9.7945439, 54.9005242], [9.7942827, 54.900556], [9.793269, 54.9004516], [9.7931491, 54.9004503], [9.7920088, 54.9003784], [9.7919821, 54.9003755], [9.7916973, 54.9002444], [9.7916726, 54.9002326], [9.7916442, 54.9002099], [9.7911865, 54.8995003], [9.7911747, 54.8994804], [9.7911598, 54.8994353], [9.7911823, 54.8990828], [9.7911767, 54.899003], [9.7911051, 54.8979848], [9.7910968, 54.8978665]]]}}, {"type": "Feature", "properties": {"seamark_type": "harbour", "name": "Sønderborg Havn", "osm_id": 447100130}, "geometry": {"type": "Polygon", "coordinates": [[[9.784545, 54.9076467], [9.7846956, 54.907719], [9.7852779, 54.9086038], [9.7854428, 54.9095609], [9.7853905, 54.9107112], [9.7851939, 54.9110233], [9.7848984, 54.9109649], [9.785063, 54.9106901], [9.785121, 54.9095619], [9.7849733, 54.9086247], [9.7844516, 54.9078662], [9.7843931, 54.9078216], [9.7830457, 54.9076914], [9.7831029, 54.9074766], [9.7834261, 54.9075156], [9.7834181, 54.9075371], [9.784545, 54.9076467]]]}}, {"type": "Feature", "properties": {"seamark_type": "harbour", "name": "Basen Północny", "osm_id": 449112523}, "geometry": {"type": "Polygon", "coordinates": [[[14.2711487, 53.9130762], [14.2696249, 53.9124272], [14.2696045, 53.9124417], [14.2689644, 53.9121674], [14.2687745, 53.912085], [14.2687901, 53.9120722], [14.2657964, 53.9107736], [14.2658937, 53.9106942], [14.2659563, 53.9106457], [14.2660014, 53.9106639], [14.2670235, 53.9098421], [14.2681505, 53.9103312], [14.2677922, 53.9106217], [14.2710505, 53.9120378], [14.2713991, 53.9121893], [14.2716075, 53.9122734], [14.2725447, 53.9126515], [14.2722143, 53.9130209], [14.2718831, 53.9133909], [14.2710682, 53.913225], [14.2711487, 53.9130762]]]}}, {"type": "Feature", "properties": {"seamark_type": "harbour", "name": "Lagunen", "osm_id": 450127262}, "geometry": {"type": "Polygon", "coordinates": [[[12.9375743, 55.5978036], [12.9371393, 55.5979756], [12.9369879, 55.5979618], [12.9367608, 55.5979641], [12.9366399, 55.5979756], [12.9363651, 55.5979659], [12.9362417, 55.5980341], [12.9352633, 55.5980871], [12.9350874, 55.598086], [12.9348126, 55.5980602], [12.9346984, 55.5980163], [12.9345653, 55.5979676], [12.934438, 55.5978922], [12.9343501, 55.5978248], [12.9340539, 55.597478], [12.9337574, 55.5971422], [12.9334673, 55.5968001], [12.9332771, 55.5965776], [12.9321053, 55.5953802], [12.9348777, 55.5947789], [12.9386285, 55.5944103], [12.9388259, 55.5962823], [12.9383877, 55.5965956], [12.9383605, 55.5966171], [12.9382829, 55.5966431], [12.9383699, 55.5967167], [12.9384221, 55.5968461], [12.938499, 55.5970655], [12.9384651, 55.5972562], [12.9383722, 55.5973571], [12.938246, 55.5974261], [12.9379892, 55.5974915], [12.9377402, 55.5975685], [12.9376331, 55.5976163], [12.9375314, 55.5977129], [12.9375743, 55.5978036]]]}}, {"type": "Feature", "properties": {"seamark_type": "harbour", "name": "Limhamns Småbåtshamn", "osm_id": 450127263}, "geometry": {"type": "Polygon", "coordinates": [[[12.918338, 55.5846183], [12.9183027, 55.584621], [12.9174427, 55.5846876], [12.9174414, 55.5847023], [12.9171639, 55.5847328], [12.9171446, 55.5847345], [12.9171235, 55.5847363], [12.9169521, 55.5847526], [12.9164618, 55.5847934], [12.9164439, 55.5847947], [12.9164261, 55.5847959], [12.9161421, 55.5848202], [12.9157952, 55.5848531], [12.9157773, 55.5848544], [12.9157605, 55.5848557], [12.915456, 55.5848692], [12.9154201, 55.5848682], [12.9151709, 55.5848885], [12.9151573, 55.5848896], [12.9145341, 55.584942], [12.9144143, 55.5849521], [12.914213, 55.5848833], [12.9141954, 55.5848997], [12.9138547, 55.584791], [12.9138411, 55.5847863], [12.9138262, 55.5847811], [12.9136564, 55.5847188], [12.913284, 55.5845787], [12.9132641, 55.5845712], [12.9132487, 55.5845655], [12.9131806, 55.5845397], [12.9127124, 55.5843673], [12.9126912, 55.5843591], [12.9126768, 55.5843535], [12.9121901, 55.5841106], [12.9121725, 55.5841018], [12.9121598, 55.5840954], [12.9116713, 55.5838644], [12.9116552, 55.5838564], [12.9116404, 55.5838489], [12.9115282, 55.5837914], [12.9111674, 55.583617], [12.9111453, 55.5836063], [12.9111211, 55.5835946], [12.9107786, 55.583406], [12.9106569, 55.5833226], [12.9106327, 55.583306], [12.91057, 55.583263], [12.910374, 55.5830963], [12.9103644, 55.5830819], [12.9103503, 55.5830607], [12.9102073, 55.5828457], [12.9100891, 55.5825037], [12.910066, 55.5824656], [12.9113439, 55.582606], [12.9113497, 55.582629], [12.9113657, 55.5826468], [12.9113883, 55.5826656], [12.9114122, 55.5826742], [12.9114482, 55.5826774], [12.9115138, 55.5826747], [12.9115954, 55.5826621], [12.9118166, 55.5825879], [12.9124338, 55.5822751], [12.9124998, 55.5822549], [12.9125534, 55.5822385], [12.9129006, 55.5821805], [12.9134997, 55.582106], [12.9135131, 55.5821116], [12.9135286, 55.582118], [12.913619, 55.5821554], [12.9136877, 55.582176], [12.9137591, 55.5821843], [12.9138318, 55.5821773], [12.913849, 55.5821757], [12.9138687, 55.5821738], [12.9139219, 55.5821582], [12.9139854, 55.5821406], [12.9140093, 55.5821186], [12.9140355, 55.5820689], [12.914044, 55.5820646], [12.914139, 55.582017], [12.9144724, 55.5819718], [12.9150906, 55.5818881], [12.9154769, 55.5818357], [12.915501, 55.5818546], [12.9159907, 55.5822379], [12.9160172, 55.5822587], [12.9160994, 55.5823287], [12.9161393, 55.5823151], [12.91615, 55.5823337], [12.9161597, 55.5823407], [12.9161855, 55.5823467], [12.9162094, 55.5823573], [12.9162236, 55.5823713], [12.9162342, 55.5823949], [12.9162493, 55.5824054], [12.9162688, 55.5824109], [12.9162982, 55.5824254], [12.9163263, 55.5824393], [12.9163842, 55.5824911], [12.916401, 55.5825072], [12.9163895, 55.5825177], [12.916393, 55.5825423], [12.9164241, 55.5825674], [12.9164489, 55.5825794], [12.9164755, 55.5825949], [12.9164902, 55.5826082], [12.916501, 55.582618], [12.9165137, 55.5826294], [12.9166805, 55.5828005], [12.9167896, 55.5829083], [12.9168561, 55.58297], [12.9169168, 55.5830297], [12.9169259, 55.5830386], [12.916938, 55.5830505], [12.916999, 55.5830959], [12.9171853, 55.5832864], [12.9173086, 55.5834213], [12.9173387, 55.5834512], [12.9173502, 55.5834626], [12.9173595, 55.5834719], [12.9173751, 55.5834885], [12.9174756, 55.5835844], [12.9175945, 55.5836768], [12.9175889, 55.583695], [12.9175963, 55.5836966], [12.9176043, 55.5836984], [12.9176564, 55.5837105], [12.9177236, 55.5837246], [12.9177536, 55.5837326], [12.9180624, 55.5837978], [12.9180906, 55.5837957], [12.9181337, 55.5838026], [12.9181773, 55.5838116], [12.9182232, 55.5838186], [12.9183885, 55.5838186], [12.9184825, 55.5838876], [12.9184357, 55.5839092], [12.9183794, 55.58394], [12.9183354, 55.5839685], [12.9182735, 55.5840145], [12.9181855, 55.5841001], [12.9181759, 55.5841233], [12.9181752, 55.5841413], [12.9181892, 55.5841529], [12.9182207, 55.584156], [12.9182212, 55.5841598], [12.9182226, 55.5841704], [12.9182238, 55.5841756], [12.9182739, 55.5841761], [12.9182797, 55.5842033], [12.9182841, 55.5842321], [12.9182105, 55.5842417], [12.9183293, 55.5844291], [12.9182509, 55.5844439], [12.9182346, 55.584447], [12.918338, 55.5846183]]]}}, {"type": "Feature", "properties": {"seamark_type": "harbour", "name": "Bådklubben Sjællandsbroen", "osm_id": 450128283}, "geometry": {"type": "Polygon", "coordinates": [[[12.5407357, 55.6365229], [12.5413722, 55.6361403], [12.5432781, 55.6370416], [12.5467138, 55.6388284], [12.5466443, 55.6389305], [12.5460113, 55.6392949], [12.5457444, 55.6391462], [12.5443058, 55.6383991], [12.5438417, 55.6381704], [12.5436396, 55.6380708], [12.5433719, 55.6379399], [12.5421489, 55.6372586], [12.5421172, 55.6372419], [12.5407357, 55.6365229]]]}}, {"type": "Feature", "properties": {"seamark_type": "harbour", "name": "Dragør Lystbådehavn", "osm_id": 450128284}, "geometry": {"type": "Polygon", "coordinates": [[[12.6791102, 55.5896552], [12.6808561, 55.5898882], [12.6813963, 55.5909667], [12.6784308, 55.5917561], [12.6782731, 55.5916349], [12.6782609, 55.5916253], [12.6782491, 55.5916159], [12.6778058, 55.591272], [12.6777955, 55.5912639], [12.6777799, 55.5912514], [12.6773434, 55.5909055], [12.6773343, 55.5908982], [12.6773182, 55.5908855], [12.6768784, 55.5905443], [12.676872, 55.5905393], [12.6768618, 55.5905314], [12.6768286, 55.5905054], [12.6769718, 55.590448], [12.6769949, 55.5904387], [12.6772079, 55.5903533], [12.6772257, 55.5903462], [12.6775262, 55.5902256], [12.677576, 55.5902057], [12.6780355, 55.5900214], [12.6780794, 55.5900038], [12.6785512, 55.5898146], [12.6785798, 55.589846], [12.6785888, 55.5898559], [12.6785948, 55.5898616], [12.6791102, 55.5896552]]]}}, {"type": "Feature", "properties": {"seamark_type": "harbour", "name": "Dragør Havn", "osm_id": 450128285}, "geometry": {"type": "Polygon", "coordinates": [[[12.6772946, 55.5935098], [12.6784041, 55.5935844], [12.6783755, 55.5935136], [12.6784118, 55.5934916], [12.6784855, 55.5934916], [12.6785112, 55.5934827], [12.6785298, 55.593467], [12.6785471, 55.5934496], [12.678697, 55.5935098], [12.678717, 55.5935174], [12.6789155, 55.5935941], [12.6789951, 55.5936253], [12.6790072, 55.5936301], [12.6791782, 55.593696], [12.6795213, 55.5938293], [12.6795432, 55.5938378], [12.6795667, 55.5938469], [12.6795964, 55.5938625], [12.6796932, 55.593852], [12.6797131, 55.5938601], [12.6797355, 55.5938692], [12.6797758, 55.5938859], [12.6803339, 55.5941121], [12.6803933, 55.5941369], [12.6805059, 55.5942521], [12.6805198, 55.5942835], [12.6805292, 55.5943047], [12.6805372, 55.5943227], [12.6805471, 55.594347], [12.6805128, 55.5944376], [12.6805218, 55.5944792], [12.6804884, 55.5945034], [12.6804998, 55.5945258], [12.6799369, 55.5946523], [12.6799321, 55.5946697], [12.6799117, 55.594688], [12.6798472, 55.5946925], [12.6797763, 55.5946771], [12.6790076, 55.5946707], [12.6782112, 55.5946495], [12.6776183, 55.5945933], [12.677066, 55.59453], [12.6770269, 55.5945185], [12.6770031, 55.5945115], [12.6769993, 55.5945104], [12.6759926, 55.5945069], [12.6757228, 55.5945904], [12.6757301, 55.5945312], [12.6757985, 55.5945085], [12.6759187, 55.5944689], [12.675916, 55.594456], [12.6759119, 55.59444], [12.6758831, 55.5944392], [12.6757433, 55.5944411], [12.6757222, 55.5944381], [12.675755, 55.5943733], [12.6752369, 55.5942918], [12.674839, 55.5942532], [12.6748431, 55.5942206], [12.6745386, 55.5941577], [12.6745883, 55.5940061], [12.6747865, 55.5939879], [12.6748066, 55.5938742], [12.6748871, 55.5938772], [12.6748966, 55.5937986], [12.675929, 55.5938818], [12.6759284, 55.5938788], [12.6759055, 55.5938096], [12.6759186, 55.5937428], [12.6759217, 55.5937177], [12.675926, 55.593703], [12.6759307, 55.5936822], [12.6759363, 55.5936435], [12.6759402, 55.5936245], [12.6759646, 55.5934851], [12.675973, 55.5934283], [12.6763813, 55.5934522], [12.6769915, 55.5934908], [12.6772762, 55.5940129], [12.6774191, 55.5941839], [12.677503, 55.5941611], [12.6773734, 55.5940064], [12.6771793, 55.593628], [12.6772383, 55.5935583], [12.6772946, 55.5935098]]]}}, {"type": "Feature", "properties": {"seamark_type": "harbour", "name": "Fiskerhavnen", "osm_id": 450128286}, "geometry": {"type": "Polygon", "coordinates": [[[12.5444334, 55.6404599], [12.5448525, 55.6408618], [12.544945, 55.6409534], [12.5451797, 55.6411634], [12.5453299, 55.6413084], [12.5456548, 55.6416094], [12.5456885, 55.6416213], [12.5461306, 55.6420611], [12.5456169, 55.6422692], [12.5452052, 55.6424191], [12.5448377, 55.6425402], [12.5446513, 55.6424879], [12.544422, 55.642547], [12.5443965, 55.6426545], [12.5442772, 55.6427014], [12.5438198, 55.6428066], [12.5431345, 55.6429186], [12.5425109, 55.642989], [12.5419577, 55.6430253], [12.5413261, 55.6430408], [12.5413019, 55.6430183], [12.5412796, 55.6430002], [12.5412103, 55.6429384], [12.5411802, 55.6429073], [12.5410482, 55.642786], [12.541032, 55.642771], [12.5408842, 55.6426567], [12.5410117, 55.6422377], [12.5410154, 55.642225], [12.5410191, 55.6422148], [12.5411075, 55.6419492], [12.541116, 55.6419202], [12.5413133, 55.6412371], [12.5413208, 55.641211], [12.5415258, 55.6405017], [12.5415227, 55.6404652], [12.5443365, 55.6404601], [12.5444334, 55.6404599]]]}}, {"type": "Feature", "properties": {"seamark_type": "harbour", "name": "Kastrup Lystbådehavn", "osm_id": 450128287}, "geometry": {"type": "Polygon", "coordinates": [[[12.656659, 55.6343], [12.6567583, 55.6343948], [12.6567234, 55.6344137], [12.6567382, 55.6344251], [12.6565571, 55.6345136], [12.6561759, 55.634473], [12.6559706, 55.6344467], [12.6555389, 55.6343912], [12.6553575, 55.6343678], [12.655174, 55.6343045], [12.654849, 55.6341829], [12.6548265, 55.6341742], [12.6545743, 55.6340808], [12.6548133, 55.6338963], [12.6548358, 55.6338791], [12.6548466, 55.6338708], [12.6548606, 55.6338601], [12.6548747, 55.6338477], [12.6549038, 55.6338261], [12.6549468, 55.6337907], [12.6550722, 55.6336945], [12.6551057, 55.6336678], [12.6551215, 55.6336547], [12.6553464, 55.6334844], [12.6554142, 55.6335119], [12.6555285, 55.6334205], [12.6559053, 55.6335783], [12.6565055, 55.633824], [12.6568937, 55.6339848], [12.656828, 55.6341593], [12.6566094, 55.6342691], [12.656602, 55.6342877], [12.6566242, 55.6343041], [12.656659, 55.6343]]]}}, {"type": "Feature", "properties": {"seamark_type": "harbour", "name": "Margretheholms Havn", "osm_id": 450128288}, "geometry": {"type": "Polygon", "coordinates": [[[12.619839, 55.6877739], [12.6197237, 55.6884023], [12.6193232, 55.6891366], [12.618822, 55.6890533], [12.6180191, 55.688919], [12.6172478, 55.6887996], [12.6165298, 55.6886798], [12.6162976, 55.6886446], [12.6162757, 55.6886411], [12.6162561, 55.6886381], [12.6162381, 55.6886757], [12.6160854, 55.6886526], [12.6161062, 55.688614], [12.6160918, 55.6886117], [12.6160662, 55.6886075], [12.6158215, 55.6885596], [12.6151897, 55.6885829], [12.6146017, 55.6885998], [12.6139872, 55.6886094], [12.6135267, 55.6885782], [12.6136149, 55.6871746], [12.6136538, 55.6871739], [12.6136552, 55.6871391], [12.6137906, 55.6871194], [12.6138295, 55.6870968], [12.6149545, 55.6871725], [12.6161455, 55.6872491], [12.616866, 55.687243], [12.6173211, 55.6871942], [12.6176852, 55.6870839], [12.6178475, 55.6869158], [12.6179668, 55.6867649], [12.6180082, 55.6867442], [12.6180776, 55.6867489], [12.6181524, 55.6867699], [12.6188773, 55.6869601], [12.6196647, 55.6871666], [12.6196764, 55.6871732], [12.6197272, 55.6872039], [12.619839, 55.6877739]]]}}, {"type": "Feature", "properties": {"seamark_type": "harbour", "name": "Karrebæksminde Strandjagtforening", "osm_id": 462577593}, "geometry": {"type": "Polygon", "coordinates": [[[11.6561295, 55.1763133], [11.6561309, 55.1762705], [11.6561323, 55.1762387], [11.6561337, 55.1762061], [11.6561338, 55.1761808], [11.6568333, 55.176109], [11.6570166, 55.1761453], [11.657964, 55.1765631], [11.6579984, 55.1765783], [11.6580994, 55.1766529], [11.6580317, 55.176668], [11.6578661, 55.1766416], [11.6576931, 55.1766068], [11.6574958, 55.1766151], [11.6573132, 55.1766054], [11.6570355, 55.1765706], [11.6567579, 55.1765122], [11.6564412, 55.1764176], [11.6561295, 55.1763133]]]}}, {"type": "Feature", "properties": {"seamark_type": "harbour", "name": "Tuborg Havn", "osm_id": 465304806}, "geometry": {"type": "Polygon", "coordinates": [[[12.5886497, 55.7269292], [12.5886692, 55.7264349], [12.588669, 55.7264305], [12.5886709, 55.7264213], [12.5886741, 55.7264105], [12.5887116, 55.7263028], [12.5887213, 55.7262744], [12.5877426, 55.7259573], [12.5877382, 55.7258387], [12.5876975, 55.7257078], [12.5874348, 55.7257367], [12.587389, 55.7256352], [12.5863406, 55.7257466], [12.5860893, 55.7257761], [12.5861622, 55.7258885], [12.586107, 55.7258823], [12.5860913, 55.7258805], [12.5860981, 55.7258969], [12.584986, 55.7257246], [12.5849187, 55.7257823], [12.5848448, 55.7258457], [12.581774, 55.7253852], [12.5811857, 55.725297], [12.5807329, 55.7252235], [12.5798934, 55.725098], [12.5793892, 55.7250226], [12.5790075, 55.7249655], [12.5779989, 55.724816], [12.577899, 55.7250256], [12.5777908, 55.7252525], [12.5788098, 55.7254033], [12.578818, 55.7253865], [12.5789612, 55.7254082], [12.5802152, 55.7255982], [12.5803699, 55.7256221], [12.5805502, 55.7256499], [12.5812564, 55.7257566], [12.5815543, 55.7258016], [12.5815461, 55.7258192], [12.5821115, 55.7259053], [12.582122, 55.7258881], [12.5830343, 55.7260242], [12.5830291, 55.7260423], [12.5834908, 55.7261124], [12.5834998, 55.726096], [12.583969, 55.7261645], [12.5839367, 55.7261948], [12.5839236, 55.7262071], [12.5838802, 55.7262477], [12.5838519, 55.7262401], [12.583376, 55.7266842], [12.5833875, 55.7266879], [12.5833983, 55.7266913], [12.5833469, 55.7267669], [12.5844678, 55.7270288], [12.5839421, 55.727645], [12.5831115, 55.7282252], [12.5828151, 55.7281198], [12.5828425, 55.728104], [12.5828531, 55.7280979], [12.5828648, 55.7280911], [12.5823746, 55.7279076], [12.5823259, 55.7278895], [12.5821883, 55.7278391], [12.5821409, 55.7278209], [12.5820519, 55.7277879], [12.5818261, 55.7277041], [12.5814666, 55.7275723], [12.5812232, 55.7274832], [12.5809705, 55.7273944], [12.5809665, 55.7274019], [12.5809614, 55.7274114], [12.5809148, 55.7275058], [12.5808709, 55.7276], [12.5809778, 55.7276217], [12.580971, 55.7276356], [12.5813917, 55.7277877], [12.5813825, 55.7277964], [12.5813721, 55.7278058], [12.5814588, 55.7278375], [12.5818817, 55.7279923], [12.5819733, 55.7280258], [12.5819428, 55.7280522], [12.582077, 55.7281018], [12.5825042, 55.7282598], [12.5831039, 55.7284815], [12.5831358, 55.7284933], [12.5833319, 55.7285805], [12.5835448, 55.7283886], [12.58357, 55.7283778], [12.5836203, 55.7283379], [12.5837169, 55.7282612], [12.5840807, 55.7280111], [12.5845921, 55.7276011], [12.5849878, 55.7271652], [12.5855622, 55.7272825], [12.5863346, 55.7266058], [12.587783, 55.7272765], [12.5879972, 55.7273548], [12.58833, 55.7270986], [12.5885334, 55.7270172], [12.5886227, 55.7269666], [12.5886497, 55.7269292]]]}}, {"type": "Feature", "properties": {"seamark_type": "harbour", "name": "Hellerup Havn", "osm_id": 466674293}, "geometry": {"type": "Polygon", "coordinates": [[[12.5815251, 55.7307876], [12.580986, 55.7308649], [12.5804496, 55.7309548], [12.5799132, 55.7310152], [12.5800124, 55.7315196], [12.5800953, 55.7316147], [12.5801394, 55.7316653], [12.5801314, 55.7323424], [12.5801103, 55.7323812], [12.5797617, 55.7324077], [12.5794895, 55.7324101], [12.5794795, 55.7327226], [12.5803946, 55.7327813], [12.5806635, 55.7327629], [12.580654, 55.7327282], [12.5805967, 55.7325157], [12.5818807, 55.7324058], [12.5819381, 55.7326183], [12.5820472, 55.7326156], [12.5822004, 55.7322176], [12.5825025, 55.7322318], [12.5825069, 55.7320316], [12.5824881, 55.7319078], [12.5824667, 55.7318647], [12.5824727, 55.7318104], [12.5824983, 55.7317257], [12.5825361, 55.7316235], [12.5825337, 55.731583], [12.5825297, 55.7315634], [12.5825082, 55.73154], [12.5824892, 55.7315198], [12.5824789, 55.7307], [12.5815251, 55.7307876]]]}}, {"type": "Feature", "properties": {"seamark_type": "harbour", "name": "Mou Bro", "osm_id": 469353419}, "geometry": {"type": "Polygon", "coordinates": [[[10.2278048, 56.9814993], [10.2274622, 56.9815561], [10.2270115, 56.9816335], [10.2264764, 56.9807802], [10.2270051, 56.9806448], [10.2271825, 56.9805959], [10.2271512, 56.9804961], [10.2271783, 56.9804888], [10.2272039, 56.9804819], [10.2273273, 56.9805725], [10.2275624, 56.9805161], [10.227614, 56.9805975], [10.2278633, 56.9809904], [10.2279813, 56.9811763], [10.2280744, 56.9813231], [10.2279675, 56.981427], [10.2278048, 56.9814993]]]}}, {"type": "Feature", "properties": {"seamark_type": "harbour", "name": "Neppens Havn", "osm_id": 470500043}, "geometry": {"type": "Polygon", "coordinates": [[[10.5282994, 57.4197201], [10.5281155, 57.4197423], [10.5279011, 57.4197295], [10.5279218, 57.4195909], [10.527948, 57.4194378], [10.5279816, 57.419208], [10.528078, 57.4192106], [10.5283932, 57.4192189], [10.528424, 57.4194322], [10.5285116, 57.4194378], [10.5289037, 57.4194622], [10.5290674, 57.4195071], [10.5290987, 57.4195157], [10.5290877, 57.4195275], [10.5290759, 57.4195403], [10.5293736, 57.4196855], [10.5294245, 57.4196926], [10.5294822, 57.4196941], [10.5295213, 57.4196748], [10.5297654, 57.4197434], [10.5293311, 57.4198326], [10.5292754, 57.4198426], [10.5282994, 57.4197201]]]}}, {"type": "Feature", "properties": {"seamark_type": "harbour", "name": "Przystań Miejska", "osm_id": 477145302}, "geometry": {"type": "Polygon", "coordinates": [[[14.573324, 53.5549694], [14.5733703, 53.5548615], [14.5733839, 53.5548312], [14.5735413, 53.5547698], [14.5735982, 53.5547257], [14.5736769, 53.5547218], [14.5738257, 53.5544417], [14.5742003, 53.5544105], [14.5742313, 53.5544079], [14.5742967, 53.5545989], [14.5743114, 53.5550717], [14.5738446, 53.5550453], [14.573324, 53.5549694]]]}}, {"type": "Feature", "properties": {"seamark_type": "harbour", "name": "Klippans Ångbåtsbrygga", "osm_id": 477339967}, "geometry": {"type": "Polygon", "coordinates": [[[11.9073746, 57.6920733], [11.9083375, 57.6925292], [11.9090027, 57.6923217], [11.9094305, 57.6921289], [11.9093018, 57.6919762], [11.9092331, 57.6919071], [11.9092217, 57.6919108], [11.9087448, 57.6915107], [11.9087569, 57.6914808], [11.9087677, 57.6914597], [11.9086748, 57.6913736], [11.9086362, 57.6914227], [11.908565, 57.6914079], [11.9082991, 57.6915389], [11.9073746, 57.6920733]]]}}, {"type": "Feature", "properties": {"seamark_type": "harbour", "name": "Bolmstad Hamnförening", "osm_id": 478706035}, "geometry": {"type": "Polygon", "coordinates": [[[13.7730672, 56.8908398], [13.7722651, 56.8908536], [13.7716448, 56.8908642], [13.7716611, 56.8910736], [13.7714562, 56.8912018], [13.7714677, 56.8916385], [13.7712176, 56.8917894], [13.7712179, 56.8918686], [13.7712188, 56.8918949], [13.7732613, 56.8918525], [13.7732606, 56.8918342], [13.7732076, 56.8918343], [13.7732067, 56.8917233], [13.7731892, 56.8917232], [13.773141, 56.8916855], [13.7731438, 56.8915583], [13.7731437, 56.8915481], [13.7731349, 56.8912629], [13.7731345, 56.891252], [13.7731258, 56.8909696], [13.7731267, 56.8909577], [13.7731299, 56.8908885], [13.7730672, 56.8908398]]]}}, {"type": "Feature", "properties": {"seamark_type": "harbour", "name": null, "osm_id": 482751400}, "geometry": {"type": "Polygon", "coordinates": [[[7.2783672, 53.3182814], [7.278399, 53.3182429], [7.2786385, 53.3182401], [7.278641, 53.3182918], [7.2786509, 53.3184908], [7.2786522, 53.3185181], [7.2786534, 53.3185421], [7.2786579, 53.3186334], [7.2786666, 53.3188079], [7.2786274, 53.3188447], [7.278482, 53.3188502], [7.2784296, 53.3188206], [7.2784114, 53.3186633], [7.2783955, 53.3185258], [7.2783723, 53.3183253], [7.2783672, 53.3182814]]]}}, {"type": "Feature", "properties": {"seamark_type": "harbour", "name": "Ditzum", "osm_id": 482823001}, "geometry": {"type": "Polygon", "coordinates": [[[7.2813162, 53.3168626], [7.2813912, 53.3168542], [7.2813837, 53.3168302], [7.2813744, 53.3168006], [7.2813001, 53.3168089], [7.28125, 53.3168145], [7.2812587, 53.316842], [7.2812669, 53.3168682], [7.2812196, 53.3168735], [7.2812282, 53.3169007], [7.2812367, 53.3169279], [7.2813333, 53.316917], [7.2813162, 53.3168626]]]}}, {"type": "Feature", "properties": {"seamark_type": "harbour", "name": "Voer Anlægsbro", "osm_id": 484233261}, "geometry": {"type": "Polygon", "coordinates": [[[10.2304206, 56.5204395], [10.2302315, 56.5203404], [10.2305749, 56.5200704], [10.2307479, 56.5201421], [10.2304649, 56.5203759], [10.2304206, 56.5204395]]]}}, {"type": "Feature", "properties": {"seamark_type": "harbour", "name": null, "osm_id": 484421360}, "geometry": {"type": "Polygon", "coordinates": [[[6.7108854, 53.2351267], [6.7108822, 53.2350455], [6.71046, 53.2350425], [6.7104222, 53.235079], [6.7103578, 53.2351192], [6.7104568, 53.235121], [6.7108854, 53.2351267]]]}}, {"type": "Feature", "properties": {"seamark_type": "harbour", "name": "Aarhus Vandflyveplads", "osm_id": 487646319}, "geometry": {"type": "Polygon", "coordinates": [[[10.2507502, 56.1517835], [10.2507325, 56.1517543], [10.250273, 56.1518404], [10.2502907, 56.1518696], [10.2507502, 56.1517835]]]}}, {"type": "Feature", "properties": {"seamark_type": "harbour", "name": "København Vandflyveplads", "osm_id": 487646322}, "geometry": {"type": "Polygon", "coordinates": [[[12.5998669, 55.6912243], [12.5998764, 55.6912533], [12.600304, 55.6912302], [12.6002993, 55.6912029], [12.6001124, 55.6912112], [12.6000999, 55.6911318], [12.6000454, 55.691135], [12.600059, 55.691212], [12.5998669, 55.6912243]]]}}, {"type": "Feature", "properties": {"seamark_type": "harbour", "name": "55.369826,12.4156", "osm_id": 488547257}, "geometry": {"type": "Polygon", "coordinates": [[[12.4151327, 55.3703169], [12.4151983, 55.3702915], [12.4153481, 55.3703403], [12.4156022, 55.3703632], [12.4165423, 55.3698693], [12.4166778, 55.3695812], [12.4164053, 55.36915], [12.4161334, 55.3691906], [12.416144, 55.3692124], [12.4151137, 55.3693826], [12.4150935, 55.3693513], [12.414787, 55.3694222], [12.4146688, 55.3699502], [12.4149647, 55.3701418], [12.4149158, 55.3701637], [12.4151327, 55.3703169]]]}}, {"type": "Feature", "properties": {"seamark_type": "harbour", "name": "Kvols Havn", "osm_id": 488651866}, "geometry": {"type": "Polygon", "coordinates": [[[9.299849, 56.5265712], [9.3003157, 56.5264535], [9.3006738, 56.5264387], [9.3009245, 56.5261931], [9.3006872, 56.5260178], [9.3002714, 56.5261665], [9.2998664, 56.5263278], [9.2997108, 56.5264446], [9.299849, 56.5265712]]]}}, {"type": "Feature", "properties": {"seamark_type": "harbour", "name": "Sportboothafen am Ems-Seitenkanal", "osm_id": 489381955}, "geometry": {"type": "Polygon", "coordinates": [[[7.3081892, 53.3350882], [7.3081546, 53.3351067], [7.3081443, 53.3351257], [7.3081479, 53.3351574], [7.3078686, 53.3353128], [7.3071954, 53.3353645], [7.3071117, 53.3353542], [7.3061308, 53.3354408], [7.3059762, 53.3353788], [7.3081892, 53.3350882]]]}}, {"type": "Feature", "properties": {"seamark_type": "harbour", "name": "Yachthafen Grömitz", "osm_id": 495242077}, "geometry": {"type": "Polygon", "coordinates": [[[10.9493097, 54.1347228], [10.9487705, 54.134366], [10.9487048, 54.1344116], [10.9486048, 54.1344366], [10.9485162, 54.1344119], [10.9482974, 54.1342953], [10.9480386, 54.1343936], [10.9478921, 54.134468], [10.9478041, 54.1345428], [10.9478003, 54.1346379], [10.9478646, 54.1347648], [10.9483855, 54.1351421], [10.9485545, 54.1352667], [10.9486395, 54.1353334], [10.9486689, 54.1353807], [10.9488235, 54.1354463], [10.9487404, 54.1354869], [10.9486115, 54.1354318], [10.9485118, 54.1353951], [10.9484634, 54.1354041], [10.9483554, 54.1353621], [10.9479353, 54.1350581], [10.9477165, 54.134869], [10.9475971, 54.134698], [10.9475877, 54.1345392], [10.9476994, 54.1344303], [10.94785, 54.1343624], [10.947898, 54.1343437], [10.9482285, 54.134215], [10.9482694, 54.1341991], [10.9478722, 54.1339451], [10.9470644, 54.1335766], [10.9467314, 54.1334745], [10.9463889, 54.1334113], [10.9458831, 54.1333619], [10.9454232, 54.1333315], [10.9451777, 54.1333541], [10.9440127, 54.1338926], [10.9442267, 54.1340314], [10.9444561, 54.1342057], [10.9448864, 54.1345187], [10.9452829, 54.1348171], [10.9452993, 54.1348091], [10.9454747, 54.1349666], [10.9454581, 54.1349739], [10.9455012, 54.135019], [10.9456646, 54.1351831], [10.9457195, 54.1353175], [10.9457649, 54.1353763], [10.9459465, 54.135554], [10.9461137, 54.1356365], [10.9462211, 54.1357065], [10.9463525, 54.1358185], [10.9463764, 54.1358604], [10.9463931, 54.1359486], [10.946417, 54.1360242], [10.9464608, 54.13607], [10.9465749, 54.1361437], [10.9467349, 54.1362158], [10.9468089, 54.1362522], [10.9468734, 54.1363088], [10.9469398, 54.1363917], [10.9470058, 54.1363878], [10.947226, 54.1365689], [10.9471584, 54.1366204], [10.9471685, 54.1366956], [10.9472597, 54.1367827], [10.9474286, 54.136846], [10.9475908, 54.1368618], [10.9476661, 54.1369222], [10.9481853, 54.1373111], [10.94854, 54.1375545], [10.9485654, 54.1376734], [10.9486046, 54.1377887], [10.9486625, 54.1378463], [10.948883, 54.137889], [10.9506507, 54.1370682], [10.9506937, 54.1368614], [10.950633, 54.136575], [10.9502479, 54.1360024], [10.9500774, 54.1357782], [10.9498056, 54.1354465], [10.9491307, 54.1348705], [10.9490704, 54.1348589], [10.9489487, 54.1349088], [10.9488725, 54.1349019], [10.9488716, 54.1348732], [10.9491223, 54.134766], [10.94923, 54.1347262], [10.9493097, 54.1347228]]]}}, {"type": "Feature", "properties": {"seamark_type": "harbour", "name": null, "osm_id": 497881201}, "geometry": {"type": "Polygon", "coordinates": [[[12.3962786, 54.3432695], [12.3962034, 54.3430468], [12.3964112, 54.3429801], [12.3966613, 54.3429472], [12.3969975, 54.3428766], [12.3972768, 54.3427995], [12.3974433, 54.342809], [12.3975795, 54.3427766], [12.3976169, 54.3428083], [12.3976891, 54.3428238], [12.3977792, 54.3428124], [12.3978208, 54.3427771], [12.3980903, 54.3428057], [12.3981132, 54.3428731], [12.3979513, 54.3433703], [12.3978594, 54.3433609], [12.3978211, 54.3433582], [12.3974515, 54.3433322], [12.3974165, 54.3433286], [12.3973876, 54.3433244], [12.3970588, 54.343309], [12.3970588, 54.3432895], [12.3967339, 54.3432721], [12.3962786, 54.3432695]]]}}, {"type": "Feature", "properties": {"seamark_type": "harbour", "name": null, "osm_id": 497881212}, "geometry": {"type": "Polygon", "coordinates": [[[12.3986109, 54.3433591], [12.3987023, 54.3433998], [12.3986668, 54.3434339], [12.3986406, 54.3434509], [12.3985432, 54.3438467], [12.3990459, 54.3438905], [12.3992433, 54.3439035], [12.3996269, 54.343927], [12.4001804, 54.3431609], [12.4001262, 54.3430629], [12.3999944, 54.3432009], [12.3999541, 54.343222], [12.3998995, 54.3432154], [12.3998865, 54.3432348], [12.3998518, 54.3432297], [12.3998066, 54.3432243], [12.399826, 54.3431694], [12.3996901, 54.3431544], [12.3993138, 54.343094], [12.3991645, 54.3430712], [12.3988782, 54.343119], [12.3989657, 54.3432397], [12.398927, 54.343252], [12.3988806, 54.3432626], [12.3988103, 54.3431583], [12.3985987, 54.3433573], [12.3986109, 54.3433591]]]}}, {"type": "Feature", "properties": {"seamark_type": "harbour", "name": "Marina Międzywodzie", "osm_id": 499074799}, "geometry": {"type": "Polygon", "coordinates": [[[14.7018424, 53.9983194], [14.7021827, 53.9983544], [14.7020352, 53.9987484], [14.7019918, 53.9990873], [14.7018516, 53.9990978], [14.7017788, 53.9989636], [14.701826, 53.9988083], [14.701708, 53.9987973], [14.7018424, 53.9983194]]]}}, {"type": "Feature", "properties": {"seamark_type": "harbour", "name": "Ærøskøbing Lystbådehavn", "osm_id": 501949880}, "geometry": {"type": "Polygon", "coordinates": [[[10.41068, 54.8922236], [10.4112953, 54.8925161], [10.4113093, 54.8925227], [10.4113682, 54.8931313], [10.4114705, 54.8936249], [10.4107834, 54.8942225], [10.4106281, 54.8943309], [10.4104846, 54.8944311], [10.409792, 54.8949624], [10.4097252, 54.8949824], [10.4096342, 54.894969], [10.4082047, 54.8943414], [10.4082428, 54.8943203], [10.4083276, 54.8941651], [10.4083228, 54.8940338], [10.4083202, 54.8939616], [10.4085661, 54.8939427], [10.4086491, 54.8938709], [10.4092059, 54.8934311], [10.4095861, 54.893113], [10.4099885, 54.8927887], [10.4104015, 54.8924532], [10.4106558, 54.8922421], [10.41068, 54.8922236]]]}}, {"type": "Feature", "properties": {"seamark_type": "harbour", "name": "Lagunenstadt Ueckermünde", "osm_id": 507257080}, "geometry": {"type": "Polygon", "coordinates": [[[14.0645901, 53.7489687], [14.0643676, 53.7488399], [14.0634321, 53.7482274], [14.0630548, 53.7478652], [14.0629518, 53.747576], [14.0673136, 53.7457946], [14.0675196, 53.745674], [14.0695292, 53.7467735], [14.0694368, 53.746828], [14.0655696, 53.7493898], [14.0651037, 53.7492379], [14.0645901, 53.7489687]]]}}, {"type": "Feature", "properties": {"seamark_type": "harbour", "name": "Asaa Havn", "osm_id": 510837307}, "geometry": {"type": "Polygon", "coordinates": [[[10.4279284, 57.1449559], [10.4279888, 57.1450658], [10.4278412, 57.1453262], [10.4267576, 57.1458705], [10.4259905, 57.1459388], [10.4250571, 57.145981], [10.4240526, 57.1447595], [10.4241358, 57.1445587], [10.4250732, 57.1442938], [10.4251644, 57.1437168], [10.4250786, 57.1432992], [10.4255453, 57.1430634], [10.4270875, 57.1428677], [10.4271762, 57.1429859], [10.4280424, 57.1435579], [10.427688, 57.1435579], [10.4276763, 57.1435523], [10.4276917, 57.1435364], [10.4276803, 57.1435302], [10.4276247, 57.1435588], [10.4275938, 57.1435797], [10.4275985, 57.1435981], [10.4276234, 57.1436113], [10.4281168, 57.1436066], [10.4288157, 57.1437448], [10.4288193, 57.1437518], [10.4286861, 57.1438735], [10.4285984, 57.1438547], [10.4284582, 57.1439382], [10.4284635, 57.1439615], [10.4283576, 57.1440319], [10.4279452, 57.1440966], [10.4278999, 57.1440752], [10.4277648, 57.1440663], [10.4277433, 57.1440969], [10.4278466, 57.1441529], [10.4279284, 57.1449559]]]}}, {"type": "Feature", "properties": {"seamark_type": "harbour", "name": "Seeadler Elbtalaue-Wendland", "osm_id": 512502418}, "geometry": {"type": "Polygon", "coordinates": [[[11.4642845, 53.0285497], [11.4651124, 53.0281404], [11.4652265, 53.0282416], [11.4650782, 53.0283175], [11.4643938, 53.0286424], [11.4642845, 53.0285497]]]}}, {"type": "Feature", "properties": {"seamark_type": "harbour", "name": "Yachtclub Zingst", "osm_id": 515407765}, "geometry": {"type": "Polygon", "coordinates": [[[12.685616, 54.4290743], [12.6860681, 54.4293601], [12.6861513, 54.4293554], [12.686276, 54.4292717], [12.68621, 54.4292187], [12.6861593, 54.4292399], [12.6857761, 54.4289846], [12.685616, 54.4290743]]]}}, {"type": "Feature", "properties": {"seamark_type": "harbour", "name": "Hafen Klosterdeich", "osm_id": 517040734}, "geometry": {"type": "Polygon", "coordinates": [[[9.645586, 53.6770136], [9.6454668, 53.6768957], [9.6443996, 53.6772674], [9.6432267, 53.6775075], [9.6426661, 53.6775497], [9.642271, 53.6775445], [9.6420887, 53.6775625], [9.6416289, 53.6776713], [9.641564, 53.6777656], [9.6419144, 53.6778674], [9.6428996, 53.6781583], [9.6441442, 53.678565], [9.6442446, 53.67836], [9.6442961, 53.678348], [9.6444164, 53.6783663], [9.6446988, 53.6780634], [9.6447058, 53.6780439], [9.6446697, 53.6780118], [9.6446426, 53.6780225], [9.6444921, 53.67801], [9.6444349, 53.6779404], [9.6443987, 53.677821], [9.6444469, 53.6777568], [9.6446249, 53.6777519], [9.6448769, 53.6776627], [9.6450271, 53.6775315], [9.6451733, 53.6774062], [9.6453707, 53.6772525], [9.6454917, 53.6771107], [9.645586, 53.6770136]]]}}, {"type": "Feature", "properties": {"seamark_type": "harbour", "name": "Moorreger Wassersportverein", "osm_id": 517043323}, "geometry": {"type": "Polygon", "coordinates": [[[9.6057229, 53.6745254], [9.6059439, 53.6742526], [9.6057232, 53.6740259], [9.6060948, 53.6739017], [9.6062993, 53.6737619], [9.6067387, 53.6734614], [9.6069631, 53.6732718], [9.6071471, 53.6732653], [9.6072722, 53.6733459], [9.6073284, 53.6734163], [9.607363, 53.6734639], [9.6076327, 53.673893], [9.6078609, 53.6742787], [9.6078754, 53.6745562], [9.6065547, 53.6745346], [9.6061792, 53.6745305], [9.6057229, 53.6745254]]]}}, {"type": "Feature", "properties": {"seamark_type": "harbour", "name": "Skovshoved Havn", "osm_id": 518609460}, "geometry": {"type": "Polygon", "coordinates": [[[12.6041606, 55.7611724], [12.6041586, 55.7608739], [12.6041089, 55.7608824], [12.6040585, 55.7608754], [12.6040215, 55.7608549], [12.6040084, 55.7608266], [12.6040229, 55.7607985], [12.6038665, 55.7603891], [12.6037136, 55.7601703], [12.6035325, 55.7599522], [12.6033595, 55.75979], [12.60321, 55.7596768], [12.6031423, 55.7597036], [12.6030605, 55.7596412], [12.6030598, 55.7596012], [12.6001636, 55.7595982], [12.6001636, 55.759768], [12.6001101, 55.759768], [12.6001073, 55.7595972], [12.6000626, 55.7595978], [12.6000183, 55.7595971], [12.6000255, 55.7604963], [12.6012846, 55.76049], [12.6012829, 55.7608657], [12.6000281, 55.7608647], [12.6000372, 55.7618697], [12.600613, 55.7618651], [12.6010691, 55.7618649], [12.6018884, 55.761861], [12.6021478, 55.7618598], [12.6021434, 55.761926], [12.6000475, 55.7619372], [12.6000622, 55.7628905], [12.600068, 55.7628935], [12.6000762, 55.7628979], [12.6000856, 55.762903], [12.600102, 55.7629117], [12.6001252, 55.7629256], [12.6001328, 55.7629301], [12.6001426, 55.7629359], [12.6001483, 55.7629393], [12.6026957, 55.7629448], [12.6030244, 55.7627488], [12.603309, 55.7625318], [12.6035525, 55.7622996], [12.6037522, 55.7620544], [12.6039059, 55.761799], [12.6040122, 55.761536], [12.6040681, 55.7612694], [12.6040368, 55.761237], [12.6040474, 55.7612006], [12.6040954, 55.7611756], [12.6041606, 55.7611724]]]}}, {"type": "Feature", "properties": {"seamark_type": "harbour", "name": "Sukkerfabrikshavn", "osm_id": 520035339}, "geometry": {"type": "Polygon", "coordinates": [[[12.2796357, 54.9828647], [12.2804417, 54.9826361], [12.2783758, 54.9815556], [12.27836, 54.9815476], [12.2781658, 54.9816744], [12.2781648, 54.9816957], [12.2781675, 54.9817209], [12.2781714, 54.9817618], [12.278179, 54.9817861], [12.2783076, 54.9818584], [12.2784819, 54.9819489], [12.2785243, 54.9819785], [12.2788813, 54.9822725], [12.2791247, 54.9824641], [12.2793493, 54.9826392], [12.2796357, 54.9828647]]]}}, {"type": "Feature", "properties": {"seamark_type": "harbour", "name": "Nordre Havn", "osm_id": 520035340}, "geometry": {"type": "Polygon", "coordinates": [[[12.2805081, 54.9837878], [12.2807354, 54.9836639], [12.2816098, 54.9836781], [12.2814864, 54.9843561], [12.2801922, 54.9842268], [12.2802593, 54.9839667], [12.2805027, 54.9838312], [12.2805081, 54.9837878]]]}}, {"type": "Feature", "properties": {"seamark_type": "harbour", "name": "Stege Lystbådehavn", "osm_id": 520035341}, "geometry": {"type": "Polygon", "coordinates": [[[12.2793003, 54.984341], [12.2794908, 54.9842368], [12.2795066, 54.9842487], [12.2795297, 54.9842541], [12.2795565, 54.9842524], [12.2796383, 54.9842137], [12.2797786, 54.9841387], [12.2798823, 54.984146], [12.2799803, 54.9841529], [12.2799571, 54.984223], [12.2799994, 54.984226], [12.2799512, 54.9844357], [12.2801144, 54.9844491], [12.2801091, 54.9844688], [12.2808132, 54.9845407], [12.2798885, 54.9852093], [12.2798117, 54.98518], [12.2798013, 54.9851889], [12.2792193, 54.9850051], [12.2791857, 54.9849744], [12.2788179, 54.9846503], [12.2787941, 54.984625], [12.27882, 54.9846153], [12.2792464, 54.9843903], [12.2792679, 54.9843978], [12.2793104, 54.9843768], [12.2793185, 54.984363], [12.2793149, 54.9843531], [12.2793003, 54.984341]]]}}, {"type": "Feature", "properties": {"seamark_type": "harbour", "name": "Frederikshavn Marina", "osm_id": 520651369}, "geometry": {"type": "Polygon", "coordinates": [[[10.5279842, 57.4243503], [10.5280673, 57.4243965], [10.5281639, 57.424424], [10.5307791, 57.4245727], [10.5308595, 57.42459], [10.5333567, 57.4257367], [10.5335337, 57.4258349], [10.5336866, 57.4259417], [10.5335461, 57.4259552], [10.5336706, 57.4261072], [10.5336817, 57.4262753], [10.5336294, 57.4264467], [10.5336864, 57.4265457], [10.5337374, 57.4265684], [10.5337864, 57.426576], [10.5336829, 57.4269016], [10.5333793, 57.4268982], [10.5332468, 57.4268845], [10.5330908, 57.4268522], [10.5329054, 57.426765], [10.5324911, 57.4263901], [10.5323898, 57.4262969], [10.5324133, 57.426269], [10.5326351, 57.4262537], [10.5327737, 57.4262427], [10.5328204, 57.4262289], [10.5328527, 57.4262034], [10.532846, 57.42617], [10.532815, 57.4261559], [10.532772, 57.4261521], [10.5325479, 57.4261773], [10.5321304, 57.426199], [10.5280836, 57.4267002], [10.5280164, 57.4267619], [10.527952, 57.4267807], [10.5276355, 57.4267591], [10.5271983, 57.4268428], [10.5270849, 57.4268386], [10.5262542, 57.4268081], [10.5258925, 57.4265657], [10.5255112, 57.42631], [10.5255809, 57.4262507], [10.5265975, 57.4257756], [10.5267866, 57.4256493], [10.526973, 57.4255063], [10.5269327, 57.4254764], [10.5271032, 57.4253023], [10.5272232, 57.4251288], [10.5272504, 57.4250298], [10.5273019, 57.4248177], [10.5273688, 57.424478], [10.527117, 57.4243482], [10.5268281, 57.4241994], [10.5269408, 57.4241481], [10.5269328, 57.4240976], [10.5270427, 57.4239821], [10.527201, 57.4237582], [10.5272549, 57.4235315], [10.5275685, 57.4235899], [10.5276638, 57.4236235], [10.527758, 57.4236567], [10.5277441, 57.423946], [10.5277844, 57.4241192], [10.5278581, 57.4242247], [10.5279332, 57.4243084], [10.5279842, 57.4243503]]]}}, {"type": "Feature", "properties": {"seamark_type": "harbour", "name": "Kaløvig Bådehavn", "osm_id": 531677392}, "geometry": {"type": "Polygon", "coordinates": [[[10.339775, 56.2420857], [10.3404676, 56.2420404], [10.3405069, 56.2420434], [10.340684, 56.2420206], [10.34075, 56.2420156], [10.3408178, 56.2420126], [10.3414103, 56.2420141], [10.3418888, 56.2420148], [10.3422514, 56.2420168], [10.3423284, 56.2420215], [10.3424015, 56.2420337], [10.3428823, 56.2421947], [10.3432606, 56.2423126], [10.3434595, 56.2423824], [10.3435236, 56.2424069], [10.3435858, 56.2424346], [10.3437459, 56.2425521], [10.3438841, 56.2426658], [10.3439216, 56.2427128], [10.3439532, 56.2427608], [10.3440127, 56.2428891], [10.3440797, 56.2430614], [10.3440926, 56.2431036], [10.3440763, 56.2431169], [10.3435537, 56.2430576], [10.3434801, 56.2431162], [10.3434992, 56.2436204], [10.3436202, 56.2437362], [10.3436168, 56.2440826], [10.3435408, 56.2442324], [10.3437321, 56.2444879], [10.3438448, 56.24462], [10.3439649, 56.2447507], [10.3439594, 56.244797], [10.3439037, 56.2448245], [10.3437995, 56.2448826], [10.343703, 56.2450072], [10.3437204, 56.2450533], [10.3437538, 56.2450874], [10.3437339, 56.2451201], [10.343591, 56.2450929], [10.3435736, 56.2451198], [10.3435557, 56.245151], [10.3435475, 56.2451652], [10.3436043, 56.2452003], [10.3432374, 56.2451135], [10.3431824, 56.2452111], [10.3430081, 56.2453154], [10.3423777, 56.2455032], [10.3416509, 56.2455777], [10.3413451, 56.2456403], [10.3412163, 56.2457402], [10.3410554, 56.2460829], [10.3406906, 56.246223], [10.3395615, 56.2461873], [10.3389126, 56.2459953], [10.3387182, 56.2458967], [10.338745, 56.2438027], [10.3391312, 56.2430396], [10.339775, 56.2420857]]]}}, {"type": "Feature", "properties": {"seamark_type": "harbour", "name": "Nabrzeże Miejskie", "osm_id": 532683856}, "geometry": {"type": "Polygon", "coordinates": [[[14.6177821, 53.8421283], [14.6176892, 53.8421411], [14.619144, 53.8442066], [14.6192366, 53.8441833], [14.6177821, 53.8421283]]]}}, {"type": "Feature", "properties": {"seamark_type": "harbour", "name": "Vordingborg Nordhavn", "osm_id": 532949908}, "geometry": {"type": "Polygon", "coordinates": [[[11.9204772, 55.0044268], [11.9205077, 55.0024742], [11.9112372, 55.0040377], [11.911278, 55.0050372], [11.9121921, 55.0050518], [11.9131765, 55.0049921], [11.9139449, 55.0047646], [11.9145527, 55.0046152], [11.9154419, 55.0044892], [11.9155204, 55.0044832], [11.9159783, 55.0044482], [11.9180782, 55.0044482], [11.9204772, 55.0044268]]]}}, {"type": "Feature", "properties": {"seamark_type": "harbour", "name": "Marina Nowe Warpno", "osm_id": 533784254}, "geometry": {"type": "Polygon", "coordinates": [[[14.2822511, 53.7261513], [14.2820263, 53.7257603], [14.2820307, 53.7257517], [14.2820746, 53.7257414], [14.2823485, 53.7256953], [14.282395, 53.7256847], [14.2827823, 53.7255841], [14.2830998, 53.7253596], [14.2832046, 53.7252777], [14.2834809, 53.7251481], [14.2835906, 53.7250959], [14.2840126, 53.7254061], [14.2841559, 53.7253397], [14.2842433, 53.7252992], [14.2844624, 53.7254552], [14.2844934, 53.7255044], [14.2838837, 53.7257441], [14.2840335, 53.7258809], [14.28394, 53.7258871], [14.2838665, 53.7258212], [14.2836003, 53.7258598], [14.2834728, 53.7259098], [14.2831339, 53.726012], [14.2832883, 53.7261315], [14.2833335, 53.726249], [14.2822779, 53.726499], [14.2821965, 53.7261771], [14.2822511, 53.7261513]]]}}, {"type": "Feature", "properties": {"seamark_type": "harbour", "name": "Hohentorshafen", "osm_id": 533886088}, "geometry": {"type": "Polygon", "coordinates": [[[8.7851129, 53.077414], [8.7849373, 53.07673], [8.7853785, 53.0766905], [8.7855448, 53.0770144], [8.7859149, 53.0769854], [8.7859645, 53.0770458], [8.7859967, 53.0776315], [8.7859646, 53.0777539], [8.785927, 53.0778112], [8.7858036, 53.077727], [8.7858311, 53.077702], [8.7856729, 53.0776005], [8.7856494, 53.0776158], [8.7855381, 53.0775509], [8.7853979, 53.0774498], [8.7853262, 53.0774736], [8.7851129, 53.077414]]]}}, {"type": "Feature", "properties": {"seamark_type": "harbour", "name": "Bork Havn", "osm_id": 544757866}, "geometry": {"type": "Polygon", "coordinates": [[[8.2778382, 55.8503796], [8.2775008, 55.8501732], [8.2774454, 55.8501386], [8.2774037, 55.8501124], [8.2774142, 55.8501091], [8.2774229, 55.8501074], [8.2774335, 55.8501075], [8.2774462, 55.8501109], [8.2774695, 55.8501195], [8.2774794, 55.8501144], [8.2775295, 55.8500868], [8.2775372, 55.8500806], [8.2775341, 55.8500779], [8.2775242, 55.8500713], [8.2775201, 55.8500675], [8.2775196, 55.8500646], [8.2775212, 55.8500613], [8.2775451, 55.8500442], [8.2775621, 55.8500336], [8.2775519, 55.8500277], [8.2774777, 55.8499849], [8.2774409, 55.8499695], [8.2773832, 55.8499735], [8.2772828, 55.8500249], [8.2772461, 55.8500268], [8.277233, 55.8500205], [8.2764561, 55.8495426], [8.2764545, 55.8495389], [8.2764555, 55.8495353], [8.2764585, 55.84953], [8.2765357, 55.8494864], [8.2765527, 55.8494771], [8.2765676, 55.8494682], [8.2765633, 55.8494655], [8.2765299, 55.8494457], [8.2765223, 55.8494416], [8.2765073, 55.8494477], [8.2764841, 55.8494587], [8.2764276, 55.8494893], [8.2763928, 55.849505], [8.276381, 55.8494974], [8.2763633, 55.849486], [8.2763536, 55.8494784], [8.2764085, 55.8494473], [8.2764605, 55.8494207], [8.2764751, 55.8494131], [8.276495, 55.8494034], [8.2764893, 55.8494002], [8.2764437, 55.8493726], [8.276439, 55.84937], [8.2764176, 55.8493802], [8.2763999, 55.849389], [8.2762618, 55.8494512], [8.2762426, 55.8494598], [8.2762332, 55.8494613], [8.2762168, 55.8494619], [8.2762027, 55.8494585], [8.2759274, 55.8492838], [8.2756672, 55.8491216], [8.2756632, 55.849115], [8.2756649, 55.8491082], [8.2756679, 55.8491048], [8.2756853, 55.849096], [8.2758914, 55.8490041], [8.2759048, 55.8489977], [8.2759108, 55.8489969], [8.2759177, 55.8489976], [8.2759373, 55.849008], [8.2759502, 55.8490078], [8.2759738, 55.8489955], [8.2760958, 55.8489334], [8.276096, 55.8489299], [8.2760736, 55.8489156], [8.2760726, 55.8489135], [8.2760731, 55.8489111], [8.2760768, 55.8489083], [8.2761973, 55.8488472], [8.2763676, 55.8487602], [8.2765896, 55.8486406], [8.2767445, 55.8485539], [8.2769875, 55.8484236], [8.2770006, 55.8484176], [8.277011, 55.8484222], [8.2783219, 55.8492324], [8.2783684, 55.849261], [8.2786939, 55.8494616], [8.2787049, 55.8494684], [8.2787131, 55.8494646], [8.278749, 55.849447], [8.2790156, 55.8493033], [8.2791396, 55.8492428], [8.2792065, 55.8492214], [8.2796406, 55.8490952], [8.2796995, 55.8490826], [8.2798344, 55.8490776], [8.2799859, 55.8490753], [8.2800423, 55.8490753], [8.2801261, 55.8490843], [8.2801791, 55.8491024], [8.2802352, 55.8491261], [8.2803108, 55.849182], [8.2803526, 55.8492223], [8.2803711, 55.8492391], [8.2803879, 55.8492563], [8.2804495, 55.8493157], [8.280509, 55.8493757], [8.2805137, 55.84939], [8.280513, 55.8494017], [8.2805036, 55.8494133], [8.2804559, 55.8494571], [8.2803795, 55.849524], [8.2801257, 55.8497398], [8.2801059, 55.8497588], [8.2800982, 55.8497656], [8.2800889, 55.8497595], [8.2797656, 55.8495632], [8.2797489, 55.8495511], [8.2797264, 55.8495388], [8.2797134, 55.8495395], [8.2796149, 55.8495893], [8.2795991, 55.8495991], [8.2795886, 55.8496049], [8.2796084, 55.8496185], [8.2800143, 55.8498621], [8.2798787, 55.849843], [8.27988, 55.8498518], [8.2798766, 55.8498639], [8.2798059, 55.8499151], [8.2796674, 55.8499919], [8.2795235, 55.8500695], [8.2793785, 55.8501448], [8.2792307, 55.8502223], [8.2790764, 55.850298], [8.2789317, 55.8503722], [8.2787874, 55.8504474], [8.2786398, 55.8505234], [8.2784708, 55.8506073], [8.278445, 55.8506105], [8.2784279, 55.8506102], [8.2784085, 55.850607], [8.2781372, 55.8504568], [8.2780772, 55.8504127], [8.2780728, 55.8504029], [8.2780708, 55.8503933], [8.2780755, 55.8503815], [8.2781017, 55.8503621], [8.2781205, 55.8503474], [8.2781282, 55.8503397], [8.2781278, 55.8503316], [8.2781241, 55.8503239], [8.2781134, 55.8503151], [8.2780842, 55.8503126], [8.2780561, 55.8503152], [8.277985, 55.8503254], [8.2778925, 55.8503525], [8.2778623, 55.8503664], [8.2778382, 55.8503796]]]}}, {"type": "Feature", "properties": {"seamark_type": "harbour", "name": "Sortsø Fritidshavn", "osm_id": 546792390}, "geometry": {"type": "Polygon", "coordinates": [[[11.9831985, 54.9151483], [11.9829864, 54.9153428], [11.9829277, 54.9154144], [11.9828278, 54.9155034], [11.9827446, 54.9155504], [11.9826454, 54.9155801], [11.9825448, 54.9155863], [11.9824637, 54.9155801], [11.9823617, 54.915557], [11.9818863, 54.9155377], [11.9813172, 54.9154657], [11.9805376, 54.9155591], [11.9804313, 54.9154057], [11.9800088, 54.915419], [11.9800892, 54.9152217], [11.9815323, 54.9152062], [11.9816476, 54.91481], [11.9819488, 54.9147268], [11.9821411, 54.9149041], [11.982933, 54.9150555], [11.9831985, 54.9151483]]]}}, {"type": "Feature", "properties": {"seamark_type": "harbour", "name": "Hvidovre Havn", "osm_id": 549190776}, "geometry": {"type": "Polygon", "coordinates": [[[12.5029457, 55.6257048], [12.5031263, 55.6255864], [12.5031303, 55.6255788], [12.5031385, 55.6255724], [12.50315, 55.6255679], [12.5029069, 55.6254489], [12.5028937, 55.6254516], [12.5028797, 55.6254517], [12.5028665, 55.6254492], [12.5028554, 55.6254445], [12.5028476, 55.6254379], [12.502844, 55.6254303], [12.5028451, 55.6254224], [12.5028504, 55.6254153], [12.5028457, 55.6252591], [12.5028135, 55.625223], [12.4983155, 55.6253476], [12.4983209, 55.6254096], [12.4978056, 55.6254238], [12.4978133, 55.6255129], [12.4982041, 55.6255021], [12.4982037, 55.6255072], [12.4982048, 55.6255268], [12.4982208, 55.6257961], [12.4982214, 55.6258066], [12.4982234, 55.62584], [12.4981865, 55.6258407], [12.4981884, 55.6258661], [12.4982249, 55.6258652], [12.4982254, 55.625873], [12.4982265, 55.6258917], [12.4982283, 55.6259222], [12.4987517, 55.6259015], [12.4987793, 55.6259003], [12.4988359, 55.6258977], [12.4988329, 55.62588], [12.5029062, 55.6257374], [12.5029457, 55.6257048]]]}}, {"type": "Feature", "properties": {"seamark_type": "harbour", "name": "Marselisborg Lystbådehavn", "osm_id": 550725384}, "geometry": {"type": "Polygon", "coordinates": [[[10.2154015, 56.1374057], [10.2151729, 56.1375912], [10.2151897, 56.1375998], [10.2152017, 56.1376133], [10.2152004, 56.1376319], [10.2151796, 56.1376488], [10.2151548, 56.1376592], [10.2151092, 56.1376566], [10.215079, 56.1376435], [10.2150502, 56.1376476], [10.2150281, 56.137673], [10.2149728, 56.1376781], [10.2148818, 56.1376407], [10.2134083, 56.137035], [10.2133832, 56.1370502], [10.2132917, 56.137107], [10.2131477, 56.1371993], [10.2130377, 56.1372688], [10.2127008, 56.1374463], [10.2127315, 56.1374566], [10.2131689, 56.137642], [10.212836, 56.137894], [10.2127959, 56.1379232], [10.2127147, 56.1379645], [10.2126367, 56.1380092], [10.212556, 56.1380713], [10.2124911, 56.1381512], [10.2124612, 56.1382201], [10.2124415, 56.1383193], [10.2124434, 56.1383405], [10.2124464, 56.1383743], [10.212462, 56.1384225], [10.2124742, 56.1385129], [10.2125061, 56.1386031], [10.2125466, 56.1386733], [10.2125953, 56.1387415], [10.2126711, 56.1388145], [10.2127709, 56.1388858], [10.2128254, 56.1389159], [10.2129068, 56.138961], [10.2130007, 56.1389971], [10.2135735, 56.139167], [10.2136665, 56.1391931], [10.2137443, 56.1391996], [10.2139216, 56.1391875], [10.2140194, 56.1391808], [10.2140745, 56.1391394], [10.2141753, 56.1390637], [10.2142727, 56.1390561], [10.2142877, 56.1390563], [10.2143354, 56.1390546], [10.2143242, 56.1390049], [10.2144039, 56.1390087], [10.214419, 56.1390093], [10.214676, 56.1390062], [10.2148212, 56.13889], [10.215185, 56.1388631], [10.2152302, 56.1388598], [10.2153379, 56.1388515], [10.2153613, 56.1388324], [10.2159239, 56.1387876], [10.2159347, 56.1387958], [10.2161593, 56.1387793], [10.2161727, 56.1387853], [10.2164956, 56.1387588], [10.2166287, 56.1388163], [10.2165978, 56.1388402], [10.2172295, 56.1391018], [10.2173623, 56.1390943], [10.2181355, 56.13942], [10.2186569, 56.1393837], [10.2187491, 56.1393773], [10.2188041, 56.1393735], [10.218857, 56.1393698], [10.218919, 56.1393655], [10.2190306, 56.1392856], [10.2190409, 56.1392782], [10.2190547, 56.1392683], [10.2191725, 56.1391839], [10.2191476, 56.1390917], [10.2191437, 56.1390774], [10.2191418, 56.1390703], [10.2191111, 56.1389569], [10.218962, 56.1388947], [10.2189421, 56.1388864], [10.2189275, 56.1388804], [10.2181607, 56.1385607], [10.2181444, 56.1385539], [10.2181305, 56.1385481], [10.2180479, 56.1385137], [10.2179638, 56.1381909], [10.2179616, 56.1381825], [10.2179586, 56.138171], [10.2179377, 56.1380907], [10.2172159, 56.137784], [10.2171981, 56.1377765], [10.2171842, 56.1377706], [10.217059, 56.1377174], [10.2163305, 56.1377747], [10.2163083, 56.1377764], [10.2162944, 56.1377775], [10.2162529, 56.1377808], [10.2154015, 56.1374057]]]}}, {"type": "Feature", "properties": {"seamark_type": "anchorage", "name": "ANKERGEBIED 9", "osm_id": 550936537}, "geometry": {"type": "Polygon", "coordinates": [[[6.218333, 53.6525], [6.210833, 53.6275], [6.155833, 53.633333], [6.163333, 53.658333], [6.218333, 53.6525]]]}}, {"type": "Feature", "properties": {"seamark_type": "harbour", "name": "Gamle Havn", "osm_id": 555965419}, "geometry": {"type": "Polygon", "coordinates": [[[9.7247472, 55.5081196], [9.7251786, 55.5081566], [9.7251764, 55.5081434], [9.7251789, 55.5081309], [9.7251899, 55.5081147], [9.725208, 55.5081022], [9.7252359, 55.5080913], [9.7266843, 55.5076707], [9.7265901, 55.5074381], [9.7257497, 55.5075592], [9.7250931, 55.5077619], [9.7250063, 55.5077848], [9.7247818, 55.5078441], [9.7244932, 55.5079124], [9.7245242, 55.5079561], [9.7245631, 55.5080092], [9.7247879, 55.5079666], [9.7248836, 55.5080098], [9.7247472, 55.5081196]]]}}, {"type": "Feature", "properties": {"seamark_type": "harbour", "name": "Marina Gocław", "osm_id": 560953904}, "geometry": {"type": "Polygon", "coordinates": [[[14.6050676, 53.4756447], [14.6061484, 53.4752391], [14.6059752, 53.4745123], [14.6059413, 53.4744522], [14.6058972, 53.4743998], [14.6056645, 53.4741882], [14.6054597, 53.4739218], [14.6054142, 53.4738743], [14.6053768, 53.4738317], [14.6053579, 53.4738078], [14.6052615, 53.473696], [14.6052499, 53.4736705], [14.6050905, 53.4734956], [14.6045924, 53.473664], [14.6035732, 53.4740021], [14.6036409, 53.4743336], [14.6036479, 53.4745431], [14.6036479, 53.474583], [14.6036724, 53.4746015], [14.6041463, 53.4749597], [14.6042856, 53.475065], [14.6048078, 53.4754521], [14.6050676, 53.4756447]]]}}, {"type": "Feature", "properties": {"seamark_type": "harbour", "name": "Dyreborg Havn", "osm_id": 561722190}, "geometry": {"type": "Polygon", "coordinates": [[[10.2176982, 55.0715147], [10.2177505, 55.0714648], [10.2177849, 55.0714315], [10.2178131, 55.071428], [10.2180382, 55.0715021], [10.2180848, 55.0715364], [10.2181083, 55.0715737], [10.2181193, 55.0716168], [10.2180935, 55.0716625], [10.2180013, 55.0718841], [10.2180013, 55.0719486], [10.2177894, 55.0722265], [10.2173797, 55.0720714], [10.2169653, 55.0719478], [10.2166803, 55.0718418], [10.2165938, 55.0718157], [10.216396, 55.0717075], [10.2164289, 55.071646], [10.2164657, 55.0716092], [10.2166039, 55.0716387], [10.2167822, 55.0716418], [10.2168177, 55.0716011], [10.2168536, 55.0715821], [10.2170093, 55.0714016], [10.2170752, 55.0713463], [10.217127, 55.0713515], [10.2171685, 55.0713792], [10.2171765, 55.0713926], [10.2175432, 55.0714808], [10.2176982, 55.0715147]]]}}, {"type": "Feature", "properties": {"seamark_type": "harbour", "name": "Dünenhafen", "osm_id": 562572996}, "geometry": {"type": "Polygon", "coordinates": [[[7.9009082, 54.184668], [7.9010577, 54.1849894], [7.9014198, 54.1851242], [7.9015143, 54.1851404], [7.9015534, 54.1851718], [7.9021041, 54.1853704], [7.9031332, 54.1857416], [7.9031769, 54.1857568], [7.9037409, 54.1852158], [7.9041278, 54.1848459], [7.9037855, 54.1847185], [7.9037601, 54.1847203], [7.903551, 54.1849123], [7.9035103, 54.1849522], [7.903473, 54.1849845], [7.9034233, 54.1850276], [7.9033203, 54.1849907], [7.9033631, 54.1849453], [7.9033955, 54.1849109], [7.9034373, 54.1848719], [7.9036533, 54.1846699], [7.9036718, 54.1846534], [7.9037041, 54.1846237], [7.9037296, 54.1846001], [7.903843, 54.1846421], [7.90396, 54.1846867], [7.9040269, 54.1846392], [7.9041354, 54.1846], [7.9042035, 54.184579], [7.9042282, 54.1845285], [7.9043049, 54.1844992], [7.9043678, 54.1843764], [7.9044798, 54.1842969], [7.9046775, 54.1841236], [7.9048213, 54.1839374], [7.904998, 54.1837966], [7.90524, 54.183603], [7.9054757, 54.1833537], [7.9056366, 54.1831926], [7.9058391, 54.1830244], [7.9058862, 54.1829326], [7.9059069, 54.182833], [7.9058965, 54.1827565], [7.9058186, 54.1825139], [7.905787, 54.1824691], [7.9057076, 54.182423], [7.9056247, 54.1824041], [7.9054579, 54.1823929], [7.905178, 54.1824057], [7.9046944, 54.1824026], [7.9044363, 54.1824327], [7.9043684, 54.1824234], [7.9036584, 54.1821009], [7.9031726, 54.1822454], [7.9030838, 54.1822285], [7.9027713, 54.1826773], [7.9027884, 54.1826935], [7.9027908, 54.1827154], [7.9019589, 54.1836031], [7.9009082, 54.184668]]]}}, {"type": "Feature", "properties": {"seamark_type": "harbour", "name": "Nord-Ost-Hafen", "osm_id": 562590247}, "geometry": {"type": "Polygon", "coordinates": [[[7.8886427, 54.1835938], [7.8884214, 54.1837247], [7.8883631, 54.1837589], [7.8884892, 54.1838302], [7.890016, 54.1846966], [7.8901968, 54.1846985], [7.8908033, 54.1842893], [7.890878, 54.1842392], [7.8909406, 54.184228], [7.8910049, 54.184237], [7.8910477, 54.1842582], [7.8914549, 54.1840769], [7.891357, 54.1840272], [7.891287, 54.18397], [7.8911356, 54.1837746], [7.8910721, 54.1837032], [7.8907164, 54.1835012], [7.8903602, 54.1833009], [7.890324, 54.1832805], [7.8902836, 54.1832578], [7.8899827, 54.1830756], [7.8899653, 54.1830651], [7.8897359, 54.182938], [7.8895817, 54.1830452], [7.8891299, 54.1833116], [7.8886427, 54.1835938]]]}}, {"type": "Feature", "properties": {"seamark_type": "harbour", "name": "Südhafen", "osm_id": 562590248}, "geometry": {"type": "Polygon", "coordinates": [[[7.8928271, 54.1771538], [7.8928657, 54.1771409], [7.8929095, 54.1771469], [7.8930773, 54.1772321], [7.8931502, 54.1772485], [7.8933028, 54.1772251], [7.8934364, 54.1772201], [7.8935465, 54.1772069], [7.8938374, 54.1770794], [7.8940532, 54.1770022], [7.894178, 54.1769714], [7.8943032, 54.1769532], [7.8944302, 54.1769227], [7.8944978, 54.1769124], [7.8945542, 54.1768931], [7.894607, 54.1769295], [7.8946549, 54.1769121], [7.8953395, 54.1766477], [7.8967418, 54.1761168], [7.8962911, 54.1755487], [7.8961763, 54.1754066], [7.8961607, 54.1753815], [7.8961647, 54.1753612], [7.8961944, 54.1753421], [7.8958057, 54.1751061], [7.8957605, 54.1751284], [7.8957052, 54.1751303], [7.8950605, 54.175075], [7.8942543, 54.1750064], [7.8942239, 54.1750248], [7.8921311, 54.1762941], [7.8917854, 54.1765024], [7.8927738, 54.1771205], [7.8928271, 54.1771538]]]}}, {"type": "Feature", "properties": {"seamark_type": "harbour", "name": "Kulhuse havn", "osm_id": 564814223}, "geometry": {"type": "Polygon", "coordinates": [[[11.9051403, 55.9376241], [11.9055009, 55.9375523], [11.9055243, 55.9374796], [11.9058703, 55.9374294], [11.9059505, 55.9373663], [11.9076322, 55.9360431], [11.9075137, 55.9359504], [11.9076835, 55.9358288], [11.9076526, 55.935806], [11.9074909, 55.9359158], [11.9073723, 55.9359579], [11.9072779, 55.9359332], [11.9065052, 55.9364344], [11.9064636, 55.9364655], [11.9065196, 55.936532], [11.9064335, 55.9365726], [11.906194, 55.9367173], [11.9058731, 55.9369332], [11.9053608, 55.9372323], [11.9053915, 55.9373089], [11.9053451, 55.93733], [11.9051852, 55.9373147], [11.9051503, 55.937338], [11.9051845, 55.937386], [11.9051403, 55.9376241]]]}}, {"type": "Feature", "properties": {"seamark_type": "harbour", "name": "Inderhavn", "osm_id": 564961018}, "geometry": {"type": "Polygon", "coordinates": [[[11.8466606, 55.9652822], [11.8467786, 55.965459], [11.8467932, 55.9654646], [11.847776, 55.9656693], [11.847945, 55.9655866], [11.8479929, 55.9648241], [11.8479466, 55.964806], [11.8473183, 55.9648783], [11.846646, 55.9649567], [11.8466497, 55.9651293], [11.8466606, 55.9652822]]]}}, {"type": "Feature", "properties": {"seamark_type": "harbour", "name": "Mellemhavn", "osm_id": 564961021}, "geometry": {"type": "Polygon", "coordinates": [[[11.8462673, 55.9654397], [11.8459504, 55.9656781], [11.8459197, 55.9656901], [11.8452227, 55.9657096], [11.8450131, 55.9655725], [11.844912, 55.965505], [11.8447936, 55.965389], [11.844781, 55.965384], [11.8448136, 55.9652303], [11.845123, 55.9650111], [11.8456486, 55.9649943], [11.8459232, 55.9649855], [11.8459289, 55.9650851], [11.845992, 55.9650636], [11.8460236, 55.9650911], [11.8460328, 55.9650991], [11.8460449, 55.9651091], [11.8462251, 55.9651832], [11.8462593, 55.9653422], [11.8462631, 55.9653857], [11.8462673, 55.9654397]]]}}, {"type": "Feature", "properties": {"seamark_type": "harbour", "name": "Egå Marina", "osm_id": 565464675}, "geometry": {"type": "Polygon", "coordinates": [[[10.2928867, 56.2093148], [10.2928131, 56.2092618], [10.2927477, 56.2091995], [10.2925837, 56.2090359], [10.2921788, 56.2087568], [10.2918491, 56.2085456], [10.2914084, 56.2083154], [10.290964, 56.2081131], [10.290482, 56.2079258], [10.2899682, 56.2077732], [10.2894784, 56.2076562], [10.2888427, 56.2075253], [10.2884942, 56.2074684], [10.2881516, 56.2074244], [10.2878361, 56.2073934], [10.2875604, 56.2073763], [10.2873266, 56.207371], [10.2868643, 56.2073455], [10.2852523, 56.2073932], [10.2851585, 56.2078482], [10.2849841, 56.208069], [10.2849439, 56.2082405], [10.2849036, 56.208336], [10.284732, 56.2084852], [10.2851585, 56.2088626], [10.2851482, 56.2097114], [10.2852853, 56.2098714], [10.2856493, 56.2100218], [10.2859651, 56.2100803], [10.286251, 56.2101333], [10.2866248, 56.2102587], [10.2862134, 56.2105763], [10.2867907, 56.2111017], [10.2874408, 56.2110292], [10.2873952, 56.211538], [10.2875116, 56.2116946], [10.2877401, 56.2119154], [10.2879654, 56.2120705], [10.2888948, 56.2122756], [10.2890626, 56.2120397], [10.2891936, 56.2117996], [10.2896177, 56.2118523], [10.2896469, 56.2117608], [10.2910975, 56.2119621], [10.2912831, 56.2119878], [10.2911788, 56.2119341], [10.2913334, 56.2116992], [10.2914507, 56.2114987], [10.2915207, 56.2113408], [10.2915371, 56.2113195], [10.291564, 56.2113037], [10.2915901, 56.2113], [10.2916265, 56.2113016], [10.2916559, 56.2113088], [10.2921537, 56.2113387], [10.2921811, 56.2112408], [10.2922138, 56.2110832], [10.292231, 56.2109603], [10.2922425, 56.2108078], [10.292243, 56.2106544], [10.2922287, 56.2104678], [10.2921884, 56.2102376], [10.2921114, 56.2099757], [10.2920385, 56.2097952], [10.2919485, 56.209614], [10.2918468, 56.209492], [10.2918146, 56.2094413], [10.2918254, 56.2094085], [10.2918736, 56.2093757], [10.2919487, 56.2093757], [10.2920024, 56.2093936], [10.292056, 56.2094264], [10.2920922, 56.2094754], [10.2928867, 56.2093148]]]}}, {"type": "Feature", "properties": {"seamark_type": "harbour", "name": "Sportgemeinschaft Seesegeln Freest", "osm_id": 573219185}, "geometry": {"type": "Polygon", "coordinates": [[[13.7311506, 54.1359155], [13.7305845, 54.1361512], [13.7310751, 54.1365897], [13.7310846, 54.1368699], [13.7312028, 54.1368604], [13.7314725, 54.1368445], [13.7321586, 54.1367121], [13.7331685, 54.1361526], [13.7344632, 54.1355098], [13.7344865, 54.1351679], [13.7343194, 54.1351175], [13.7341753, 54.1350741], [13.7338091, 54.1349636], [13.7327305, 54.1347806], [13.7324582, 54.135191], [13.7325306, 54.1353851], [13.7311506, 54.1359155]]]}}, {"type": "Feature", "properties": {"seamark_type": "harbour", "name": "Yacht-Club Norden", "osm_id": 576489885}, "geometry": {"type": "Polygon", "coordinates": [[[7.1569393, 53.6278513], [7.1570225, 53.626988], [7.1570331, 53.6268443], [7.1570368, 53.626561], [7.1570455, 53.626514], [7.1570515, 53.6264638], [7.1570927, 53.6261923], [7.1571398, 53.6258578], [7.1571861, 53.6254838], [7.1572363, 53.6250849], [7.1572793, 53.6247106], [7.1572923, 53.6242872], [7.1571263, 53.6239304], [7.1569919, 53.6237722], [7.1568323, 53.6236088], [7.1567492, 53.6234907], [7.1564279, 53.6232479], [7.1560368, 53.6230711], [7.1552861, 53.6228947], [7.1545082, 53.6228075], [7.1544601, 53.6231744], [7.1544583, 53.6231885], [7.1544027, 53.6231882], [7.1539331, 53.6231857], [7.1537877, 53.624157], [7.1537926, 53.6243967], [7.1538246, 53.6246483], [7.1538883, 53.6248881], [7.1539337, 53.6250167], [7.1539915, 53.6251438], [7.1540603, 53.6252816], [7.1541492, 53.6254272], [7.1542425, 53.6255706], [7.1543521, 53.6257104], [7.1544699, 53.6258408], [7.1546001, 53.6259704], [7.1547081, 53.6260695], [7.1548309, 53.6261777], [7.1549638, 53.6262814], [7.1556457, 53.6267604], [7.1558444, 53.6269201], [7.1560364, 53.6270878], [7.1567929, 53.6278219], [7.1568088, 53.6278495], [7.1569393, 53.6278513]]]}}, {"type": "Feature", "properties": {"seamark_type": "harbour", "name": "Marina Lubmin", "osm_id": 583486129}, "geometry": {"type": "Polygon", "coordinates": [[[13.6472705, 54.1527203], [13.6468135, 54.1529578], [13.6468176, 54.1528655], [13.6468031, 54.1527775], [13.646768, 54.1526855], [13.6467108, 54.1525828], [13.6466354, 54.15248], [13.646384, 54.1522442], [13.6462962, 54.1521594], [13.646219, 54.152055], [13.64618, 54.1519615], [13.6461646, 54.1518718], [13.6461575, 54.1517798], [13.6461713, 54.1516808], [13.6462061, 54.1515921], [13.6462622, 54.1514969], [13.6463314, 54.1514121], [13.6464356, 54.1513312], [13.6465328, 54.1512696], [13.6465903, 54.1512332], [13.6466443, 54.1511989], [13.6467075, 54.1511589], [13.6467587, 54.1511265], [13.6467973, 54.1511032], [13.6471024, 54.1509186], [13.647157, 54.1509082], [13.6472174, 54.1508966], [13.6472694, 54.1508867], [13.6473428, 54.1508727], [13.6474348, 54.1508551], [13.6474957, 54.1508435], [13.647569, 54.1508295], [13.6476448, 54.150815], [13.6477873, 54.1507878], [13.6478694, 54.1507467], [13.6480218, 54.1506639], [13.6487156, 54.150315], [13.6494605, 54.1506919], [13.6502516, 54.1501526], [13.6507961, 54.1504449], [13.6508295, 54.1504628], [13.6509083, 54.1505074], [13.6500527, 54.1510529], [13.6493801, 54.1514852], [13.6491193, 54.1516545], [13.6488625, 54.1518143], [13.6475435, 54.1526508], [13.6475985, 54.1526779], [13.6475727, 54.1526933], [13.6474247, 54.1527969], [13.6472705, 54.1527203]]]}}, {"type": "Feature", "properties": {"seamark_type": "harbour", "name": "Tunø bådehavn", "osm_id": 583653201}, "geometry": {"type": "Polygon", "coordinates": [[[10.4544323, 55.9488475], [10.454442, 55.9488814], [10.4544985, 55.949004], [10.4541133, 55.9492844], [10.4535339, 55.9493607], [10.4535311, 55.9493727], [10.4535563, 55.9494024], [10.4529481, 55.9494899], [10.452923, 55.9494938], [10.452898, 55.9494977], [10.4525787, 55.949538], [10.4524985, 55.949504], [10.4524261, 55.9494505], [10.4523741, 55.9493772], [10.4523284, 55.9492762], [10.4523205, 55.9492587], [10.4523017, 55.9492171], [10.4521241, 55.948851], [10.4521054, 55.9487088], [10.4521077, 55.9487062], [10.452132, 55.9486778], [10.4521341, 55.9486754], [10.4523044, 55.9486203], [10.4531949, 55.9485268], [10.4532069, 55.9485558], [10.4536254, 55.9485076], [10.4536222, 55.9484924], [10.4536704, 55.9484528], [10.4537325, 55.9484751], [10.4537461, 55.9484638], [10.4542611, 55.9486607], [10.4544323, 55.9488475]]]}}, {"type": "Feature", "properties": {"seamark_type": "harbour", "name": null, "osm_id": 583673506}, "geometry": {"type": "Polygon", "coordinates": [[[13.3420989, 54.1788681], [13.3422256, 54.1780451], [13.3431564, 54.1781155], [13.3442146, 54.1779001], [13.344331, 54.1780871], [13.3442605, 54.1781276], [13.3435287, 54.1783153], [13.3434017, 54.1784991], [13.3433305, 54.178542], [13.3429269, 54.178785], [13.3423188, 54.1788462], [13.3420989, 54.1788681]]]}}, {"type": "Feature", "properties": {"seamark_type": "harbour", "name": null, "osm_id": 583673507}, "geometry": {"type": "Polygon", "coordinates": [[[13.3322935, 54.1709806], [13.3322103, 54.171146], [13.3321539, 54.1711997], [13.3321238, 54.171232], [13.3324584, 54.17136], [13.3324563, 54.1713882], [13.3323893, 54.1714542], [13.3324416, 54.171476], [13.3328441, 54.1716091], [13.3332621, 54.171254], [13.3334357, 54.171091], [13.3336093, 54.1709425], [13.3334248, 54.1708713], [13.3325215, 54.1705683], [13.332355, 54.170732], [13.3321904, 54.1709025], [13.3322935, 54.1709806]]]}}, {"type": "Feature", "properties": {"seamark_type": "harbour", "name": "Nappedam Lystbådehavn", "osm_id": 584334835}, "geometry": {"type": "Polygon", "coordinates": [[[10.4957994, 56.2763826], [10.4958456, 56.2760827], [10.4957899, 56.2760704], [10.4956785, 56.2760384], [10.4955822, 56.2760128], [10.4955412, 56.2759993], [10.495438, 56.2759776], [10.4930832, 56.2767294], [10.4930739, 56.2767926], [10.4930704, 56.2769235], [10.4931189, 56.2770359], [10.4932259, 56.2771815], [10.4933126, 56.2772858], [10.4934628, 56.2774778], [10.493476, 56.277494], [10.4935835, 56.2776268], [10.4935875, 56.2776377], [10.4937628, 56.2777066], [10.4949344, 56.2774238], [10.495012, 56.2774054], [10.4950268, 56.2774016], [10.4947541, 56.2770941], [10.4947374, 56.2770752], [10.4957055, 56.2767326], [10.4956052, 56.2764006], [10.4957994, 56.2763826]]]}}, {"type": "Feature", "properties": {"seamark_type": "harbour", "name": "Hangar 19", "osm_id": 584358689}, "geometry": {"type": "Polygon", "coordinates": [[[11.4344764, 53.6376838], [11.4348784, 53.6375628], [11.4347727, 53.6373451], [11.434708, 53.6372638], [11.43433, 53.636911], [11.4343622, 53.6368582], [11.4341529, 53.6368252], [11.4340072, 53.6369315], [11.4338308, 53.6370103], [11.4338405, 53.6370184], [11.4337989, 53.6370647], [11.4337429, 53.6370833], [11.4338355, 53.6371663], [11.433961, 53.6371264], [11.4344764, 53.6376838]]]}}, {"type": "Feature", "properties": {"seamark_type": "harbour", "name": "Mellembassinet", "osm_id": 590686152}, "geometry": {"type": "Polygon", "coordinates": [[[12.5977678, 55.7026192], [12.597767, 55.7034865], [12.5968834, 55.703291], [12.5946945, 55.7028066], [12.5948613, 55.7025596], [12.5949535, 55.7020589], [12.594789, 55.7017782], [12.5947302, 55.7016828], [12.5951866, 55.7014123], [12.5974998, 55.7026311], [12.5975636, 55.7026357], [12.5976149, 55.702637], [12.5976561, 55.7026241], [12.597694, 55.702612], [12.5977678, 55.7026192]]]}}, {"type": "Feature", "properties": {"seamark_type": "harbour", "name": "UKS Keja", "osm_id": 593133103}, "geometry": {"type": "Polygon", "coordinates": [[[14.3384401, 53.8817001], [14.3382843, 53.8818632], [14.3383469, 53.8818604], [14.3383553, 53.881871], [14.3383801, 53.8818719], [14.3384838, 53.8818849], [14.3385627, 53.8818686], [14.3386235, 53.8817879], [14.3393087, 53.8819735], [14.3393194, 53.8819685], [14.3393388, 53.8819438], [14.3393734, 53.8819], [14.3385003, 53.8816302], [14.3384547, 53.8816815], [14.3384401, 53.8817001]]]}}, {"type": "Feature", "properties": {"seamark_type": "harbour", "name": "Hirsholm Havn", "osm_id": 594889762}, "geometry": {"type": "Polygon", "coordinates": [[[10.6208972, 57.483609], [10.6207861, 57.4838237], [10.6208697, 57.4838712], [10.6208656, 57.4838801], [10.6208589, 57.483878], [10.6208363, 57.483938], [10.6208242, 57.4839422], [10.6208213, 57.4839555], [10.620788, 57.4839578], [10.620766, 57.4839617], [10.6207391, 57.4839794], [10.620741, 57.4839972], [10.6207227, 57.4840477], [10.620698, 57.4841038], [10.6206847, 57.4841485], [10.6206662, 57.4841471], [10.6206628, 57.4841727], [10.6206513, 57.4843989], [10.6205754, 57.485082], [10.6207301, 57.4851241], [10.6208076, 57.4851694], [10.6208395, 57.4853871], [10.6209199, 57.4854704], [10.6210065, 57.4855153], [10.6211111, 57.4855396], [10.6212026, 57.485526], [10.6212134, 57.485471], [10.6212508, 57.4854103], [10.6212526, 57.4854074], [10.6213093, 57.4854065], [10.6213839, 57.4854117], [10.6214167, 57.4854496], [10.6214146, 57.4854169], [10.6214141, 57.4854083], [10.6214004, 57.4853779], [10.6213987, 57.4853205], [10.6214825, 57.4852733], [10.6215216, 57.4852695], [10.6215518, 57.4852837], [10.6216278, 57.4853171], [10.6216478, 57.4853579], [10.6216744, 57.4853916], [10.6216244, 57.4854225], [10.6216923, 57.4854307], [10.6217334, 57.4854196], [10.6220559, 57.4851717], [10.6220813, 57.4851571], [10.6220623, 57.4851263], [10.6220725, 57.4850952], [10.6220774, 57.485062], [10.6221062, 57.4850436], [10.6221268, 57.4850611], [10.6221299, 57.4850762], [10.6221533, 57.4850853], [10.6221598, 57.4851013], [10.6221763, 57.4851164], [10.6221964, 57.4851156], [10.6222196, 57.4851055], [10.6221975, 57.4850944], [10.6221718, 57.4850685], [10.6221545, 57.4850382], [10.6222464, 57.4849571], [10.622291, 57.4849341], [10.6223216, 57.4849116], [10.6223381, 57.484901], [10.6223567, 57.4848956], [10.6223503, 57.4849267], [10.6223562, 57.4849481], [10.6223729, 57.4849481], [10.6223776, 57.4849825], [10.6223995, 57.4850094], [10.6224184, 57.4850097], [10.6224331, 57.4850066], [10.6224122, 57.4849769], [10.6224242, 57.4849579], [10.622488, 57.4849406], [10.6225393, 57.4849599], [10.6225553, 57.4849596], [10.6225979, 57.484981], [10.6226112, 57.4849714], [10.6226384, 57.484959], [10.622694, 57.4849504], [10.6227108, 57.4849121], [10.6227286, 57.4848848], [10.6227529, 57.4848558], [10.6227909, 57.4848729], [10.6228214, 57.4848897], [10.6228294, 57.4848766], [10.6228142, 57.4848509], [10.6228278, 57.4848433], [10.6229093, 57.4848572], [10.6229606, 57.484866], [10.6230983, 57.4848184], [10.6231261, 57.4847583], [10.6231201, 57.4846788], [10.6231111, 57.4845979], [10.6231356, 57.4845923], [10.6231628, 57.4845993], [10.6232015, 57.4846251], [10.6232165, 57.4846371], [10.6232247, 57.4846383], [10.6232317, 57.4846393], [10.623247, 57.4846364], [10.6232753, 57.4846265], [10.6232884, 57.484626], [10.6232952, 57.4846199], [10.6233027, 57.48461], [10.623304, 57.4845984], [10.6232983, 57.4845904], [10.6232743, 57.4845857], [10.623221, 57.4845779], [10.6231915, 57.4845652], [10.6229595, 57.4844465], [10.6229596, 57.4844426], [10.6229479, 57.4844364], [10.6229827, 57.484419], [10.6229952, 57.4844237], [10.6230064, 57.4844196], [10.6230266, 57.4844082], [10.6230448, 57.4843995], [10.6230277, 57.4843907], [10.6230768, 57.4843612], [10.6230918, 57.4843689], [10.6231004, 57.4843667], [10.623113, 57.484373], [10.6231248, 57.4843653], [10.6232302, 57.4844199], [10.6232176, 57.4844258], [10.6232838, 57.4844586], [10.6232916, 57.4844557], [10.6233027, 57.4844636], [10.6233263, 57.4844561], [10.6233346, 57.4844623], [10.6233453, 57.4844687], [10.6233444, 57.4844736], [10.6233396, 57.4844794], [10.623356, 57.4844814], [10.6234015, 57.4844973], [10.6234065, 57.4845069], [10.6234243, 57.484511], [10.6234309, 57.4845065], [10.6234446, 57.484504], [10.6234382, 57.4844957], [10.6233938, 57.4844764], [10.623398, 57.4844584], [10.6233966, 57.4844499], [10.623381, 57.4844416], [10.6233858, 57.4844313], [10.6234228, 57.4844435], [10.6234476, 57.4844628], [10.6234634, 57.4844751], [10.6234865, 57.4844896], [10.6234997, 57.4844895], [10.6235303, 57.4844779], [10.6235174, 57.4844682], [10.6234895, 57.4844591], [10.6234677, 57.4844415], [10.6234614, 57.4844316], [10.6234732, 57.4844209], [10.6234851, 57.4844242], [10.6235186, 57.4844417], [10.6235387, 57.4844513], [10.6235481, 57.4844556], [10.6235615, 57.4844586], [10.6235937, 57.484469], [10.6236162, 57.4844771], [10.6236333, 57.4844574], [10.6236213, 57.4844526], [10.6236154, 57.4844443], [10.6235977, 57.4844415], [10.6235882, 57.4844429], [10.6235748, 57.4844388], [10.6235685, 57.4844299], [10.6235567, 57.4844291], [10.6235471, 57.4844157], [10.6235326, 57.4844144], [10.6235213, 57.4844122], [10.6235307, 57.4844048], [10.623537, 57.4843939], [10.623573, 57.4844004], [10.6236357, 57.4844225], [10.623666, 57.4844316], [10.6236816, 57.4844293], [10.6236807, 57.4844181], [10.6236608, 57.4844098], [10.6236615, 57.4843982], [10.6236449, 57.4843951], [10.6236542, 57.4843786], [10.6236257, 57.4843714], [10.6236213, 57.4843562], [10.6236147, 57.4843433], [10.6236144, 57.4843307], [10.6236361, 57.4843261], [10.623661, 57.484327], [10.6236693, 57.4843389], [10.6236786, 57.4843474], [10.6236942, 57.4843559], [10.623714, 57.4843691], [10.6237134, 57.4843783], [10.6237369, 57.484387], [10.6237443, 57.4843892], [10.6237518, 57.4844015], [10.6237835, 57.484407], [10.6237941, 57.4844116], [10.6238038, 57.4844028], [10.6238189, 57.4843966], [10.6237977, 57.4843947], [10.623786, 57.4843846], [10.6237612, 57.4843736], [10.6237548, 57.4843628], [10.6237349, 57.4843604], [10.6237267, 57.4843517], [10.6237041, 57.4843348], [10.6237096, 57.4843134], [10.6237409, 57.4843191], [10.6237548, 57.4843316], [10.6237919, 57.4843469], [10.6238218, 57.4843567], [10.6238639, 57.4843703], [10.6239261, 57.4843874], [10.6239345, 57.4843885], [10.6239429, 57.4843821], [10.6239235, 57.4843693], [10.6238998, 57.4843651], [10.6238814, 57.484366], [10.6238795, 57.4843608], [10.623874, 57.4843508], [10.6238337, 57.4843441], [10.6238157, 57.4843338], [10.623813, 57.4843235], [10.6237901, 57.4843144], [10.6237653, 57.4843066], [10.6237637, 57.4843012], [10.6237665, 57.4842958], [10.623751, 57.4842884], [10.6237604, 57.4842711], [10.6237989, 57.484283], [10.6237966, 57.4842695], [10.6237997, 57.4842564], [10.6237819, 57.4842522], [10.6237866, 57.4842438], [10.6238131, 57.4842404], [10.6238495, 57.4842251], [10.6238673, 57.4842161], [10.6238665, 57.4842075], [10.6238247, 57.4841935], [10.6238084, 57.4841722], [10.6238272, 57.4841672], [10.623846, 57.4841655], [10.623858, 57.4841773], [10.6238707, 57.4841809], [10.6238905, 57.4841813], [10.6239526, 57.4842105], [10.6239742, 57.4842259], [10.6240158, 57.4842358], [10.6240829, 57.4842796], [10.6240732, 57.4842636], [10.62406, 57.484248], [10.6239985, 57.484209], [10.623981, 57.4841972], [10.6239565, 57.4841876], [10.6238971, 57.4841628], [10.6238709, 57.4841465], [10.6238729, 57.4841393], [10.6239308, 57.484139], [10.6239771, 57.4841328], [10.6240533, 57.4841389], [10.6241181, 57.4841794], [10.6241571, 57.4842202], [10.6241753, 57.4842227], [10.6241891, 57.4842139], [10.6240725, 57.4841045], [10.6241129, 57.4840839], [10.6242144, 57.4840673], [10.6243195, 57.4840555], [10.6243993, 57.4840819], [10.6244668, 57.4841093], [10.6244431, 57.4841242], [10.6245013, 57.4841336], [10.6245787, 57.4841305], [10.6246348, 57.4841205], [10.6246816, 57.4841051], [10.6247178, 57.4840898], [10.6247451, 57.4840643], [10.6247462, 57.4840508], [10.624747, 57.4840399], [10.6247415, 57.4839952], [10.6247624, 57.4839419], [10.6248007, 57.4838298], [10.6247874, 57.4836794], [10.62478, 57.4836415], [10.6247152, 57.4835851], [10.6246228, 57.4834658], [10.624607, 57.4834458], [10.6246387, 57.4834059], [10.6246784, 57.4833584], [10.6247217, 57.4833418], [10.6247631, 57.4833259], [10.6247493, 57.4832726], [10.6247125, 57.4832136], [10.6246811, 57.4831436], [10.6246338, 57.4830737], [10.6245391, 57.4829773], [10.6244392, 57.4829008], [10.6244032, 57.4828779], [10.6243566, 57.4828569], [10.6242791, 57.4828415], [10.6242316, 57.4828378], [10.6241841, 57.4828379], [10.6240714, 57.4828614], [10.6240257, 57.4828736], [10.6239941, 57.4828858], [10.6239541, 57.4829177], [10.6239158, 57.4829315], [10.6237967, 57.4829722], [10.62366, 57.4830062], [10.6234786, 57.4830143], [10.6233404, 57.4830305], [10.6231785, 57.4830321], [10.6228489, 57.4831092], [10.6223347, 57.4832336], [10.6221882, 57.4832663], [10.6220383, 57.4833053], [10.621757, 57.4833719], [10.6217117, 57.4833733], [10.6214678, 57.4834317], [10.6210714, 57.4835308], [10.6209929, 57.4836067], [10.6208972, 57.483609]]]}}, {"type": "Feature", "properties": {"seamark_type": "harbour", "name": "Træskibshavnen", "osm_id": 595219819}, "geometry": {"type": "Polygon", "coordinates": [[[10.223156, 56.1678931], [10.2242804, 56.1691462], [10.2242481, 56.1691478], [10.2230361, 56.1693814], [10.2230188, 56.1693659], [10.2229944, 56.1693744], [10.2225236, 56.1688289], [10.2224899, 56.1688192], [10.222458, 56.1688115], [10.2219887, 56.1682853], [10.2219791, 56.1682744], [10.221962, 56.1682548], [10.221933, 56.1682226], [10.2228593, 56.1679714], [10.2230967, 56.167907], [10.223156, 56.1678931]]]}}, {"type": "Feature", "properties": {"seamark_type": "harbour", "name": "Aarhus Lystbådehavn", "osm_id": 595219823}, "geometry": {"type": "Polygon", "coordinates": [[[10.223156, 56.1678931], [10.2241871, 56.1676285], [10.2244118, 56.1675702], [10.224442, 56.1675336], [10.2241067, 56.1671229], [10.2240215, 56.1670983], [10.2239975, 56.1671283], [10.2241015, 56.167158], [10.2239361, 56.1673629], [10.2237854, 56.1673302], [10.2237734, 56.1673443], [10.2238133, 56.1673651], [10.2238625, 56.1674134], [10.2238571, 56.1674354], [10.2238263, 56.1674605], [10.2237801, 56.1674668], [10.2237451, 56.1674645], [10.2237103, 56.1674507], [10.2236235, 56.1673556], [10.2236639, 56.1673154], [10.2237074, 56.1673283], [10.2237507, 56.1673389], [10.2242753, 56.1667254], [10.2242218, 56.1667103], [10.224232, 56.1666985], [10.2244205, 56.1664838], [10.2244307, 56.1664779], [10.2244438, 56.1664703], [10.2240095, 56.1662374], [10.2234344, 56.165929], [10.222719, 56.1655453], [10.2221661, 56.1652488], [10.2216551, 56.1649747], [10.2211288, 56.1646924], [10.220649, 56.1644351], [10.2202932, 56.1642443], [10.2190408, 56.1635725], [10.2190175, 56.163586], [10.2190007, 56.1635958], [10.2188974, 56.1636563], [10.2188712, 56.1636716], [10.218762, 56.1637354], [10.2185485, 56.1638598], [10.2184388, 56.16393], [10.2189495, 56.1644863], [10.2189837, 56.1644785], [10.2194913, 56.1650411], [10.2194403, 56.1650534], [10.2199759, 56.1656456], [10.2198593, 56.1656749], [10.2199525, 56.1657833], [10.220045, 56.1657626], [10.2200674, 56.1657873], [10.2200718, 56.1657921], [10.2201301, 56.1658209], [10.2202926, 56.1660016], [10.2203027, 56.1660129], [10.22031, 56.166021], [10.2205092, 56.166242], [10.2205903, 56.1663319], [10.2206106, 56.1663544], [10.2209283, 56.166712], [10.2209364, 56.1667214], [10.2209467, 56.166732], [10.2212767, 56.1670979], [10.2212871, 56.1671099], [10.2212981, 56.1671225], [10.2215505, 56.1674041], [10.2226004, 56.1671134], [10.2226429, 56.1670983], [10.2226974, 56.1670994], [10.2227406, 56.1671137], [10.2227591, 56.1671417], [10.2227478, 56.1671687], [10.2227128, 56.1671876], [10.2226594, 56.1671939], [10.2226077, 56.1671867], [10.2225553, 56.1672026], [10.2226791, 56.1673656], [10.2225262, 56.1674321], [10.2225813, 56.1675026], [10.2226201, 56.1675522], [10.2226635, 56.1676076], [10.2227207, 56.1676807], [10.2229218, 56.1676523], [10.223156, 56.1678931]]]}}, {"type": "Feature", "properties": {"seamark_type": "harbour", "name": "Fjordhavn", "osm_id": 595919321}, "geometry": {"type": "Polygon", "coordinates": [[[8.1344062, 56.0095158], [8.1345857, 56.0089503], [8.1345686, 56.0089424], [8.1345522, 56.0089284], [8.1344962, 56.008833], [8.1344788, 56.0088123], [8.1344492, 56.0087912], [8.1344117, 56.0087644], [8.1344017, 56.0087497], [8.1344258, 56.0086545], [8.1344379, 56.0085443], [8.1344292, 56.008472], [8.1344026, 56.0084437], [8.1339866, 56.0082943], [8.133778, 56.0082208], [8.1336513, 56.0081882], [8.1335947, 56.0081827], [8.1335548, 56.0081818], [8.1334555, 56.0081908], [8.1332811, 56.0082085], [8.1331752, 56.0082193], [8.1330746, 56.0082133], [8.1329566, 56.0081908], [8.1326079, 56.0080513], [8.1325128, 56.0080242], [8.1324001, 56.0079921], [8.1322052, 56.0079537], [8.1321225, 56.0079374], [8.1320995, 56.0079363], [8.1319951, 56.0079306], [8.1318666, 56.007932], [8.1318516, 56.0079321], [8.1317378, 56.0079436], [8.1316879, 56.0079486], [8.1316447, 56.0079553], [8.1315358, 56.0079725], [8.1314945, 56.0079821], [8.131468, 56.0079913], [8.1314407, 56.0080038], [8.1313835, 56.0080375], [8.1314251, 56.0080591], [8.1325131, 56.0083633], [8.1323867, 56.0085047], [8.1312986, 56.0082005], [8.1312172, 56.0083025], [8.1311207, 56.0082786], [8.1310751, 56.0083287], [8.1310563, 56.0083713], [8.1310348, 56.0084202], [8.1310321, 56.0084316], [8.1310147, 56.0085034], [8.1310234, 56.0085496], [8.1310502, 56.0085825], [8.1311113, 56.0086332], [8.1312417, 56.0086751], [8.1312678, 56.0086809], [8.1313486, 56.0087025], [8.1314512, 56.0087332], [8.1315498, 56.0087557], [8.1316551, 56.0087764], [8.1317808, 56.0088018], [8.131871, 56.0088176], [8.1318834, 56.008823], [8.1318884, 56.0088333], [8.131872, 56.0088639], [8.1320011, 56.0089124], [8.1320214, 56.0089158], [8.1320619, 56.0089192], [8.1321044, 56.0089061], [8.1321245, 56.0089072], [8.1321453, 56.0089128], [8.1321647, 56.0089496], [8.1321781, 56.0089571], [8.132211, 56.0089615], [8.1322351, 56.0089578], [8.1322747, 56.0089271], [8.1323035, 56.0089199], [8.1323424, 56.0089177], [8.1324369, 56.0089252], [8.1326026, 56.0089398], [8.1326636, 56.0089529], [8.1327072, 56.0089717], [8.132784, 56.0090168], [8.1328339, 56.0090352], [8.1328802, 56.0090448], [8.1329134, 56.0090459], [8.1330096, 56.0090335], [8.1330793, 56.0090305], [8.133131, 56.0090365], [8.1331967, 56.0090504], [8.1333536, 56.0090868], [8.1334649, 56.0091332], [8.1335668, 56.0091572], [8.1336185, 56.009176], [8.1336587, 56.0091988], [8.1336826, 56.0092403], [8.1337277, 56.0092529], [8.1337674, 56.009263], [8.1338216, 56.0092412], [8.1338625, 56.0092356], [8.1339061, 56.009239], [8.1339705, 56.0092521], [8.1340396, 56.0092757], [8.1341066, 56.0093117], [8.1341851, 56.0093544], [8.1343018, 56.0094227], [8.1343634, 56.0094766], [8.1344062, 56.0095158]]]}}, {"type": "Feature", "properties": {"seamark_type": "harbour", "name": "Marina Stepnica", "osm_id": 597081246}, "geometry": {"type": "Polygon", "coordinates": [[[14.6202669, 53.6501718], [14.6206516, 53.6495129], [14.6203843, 53.6492093], [14.6196777, 53.6488829], [14.6191978, 53.6492681], [14.6194408, 53.6495609], [14.6195339, 53.6499438], [14.6198458, 53.6501802], [14.6202082, 53.650269], [14.6202669, 53.6501718]]]}}, {"type": "Feature", "properties": {"seamark_type": "harbour", "name": "Marina Bremen", "osm_id": 598637444}, "geometry": {"type": "Polygon", "coordinates": [[[8.7916559, 53.0805007], [8.7915828, 53.0804076], [8.7941107, 53.0796915], [8.7941838, 53.0797846], [8.7916559, 53.0805007]]]}}, {"type": "Feature", "properties": {"seamark_type": "harbour", "name": "Tunnelhavnen", "osm_id": 599243128}, "geometry": {"type": "Polygon", "coordinates": [[[9.955354, 57.0590635], [9.956333, 57.0585268], [9.9562445, 57.0584699], [9.9562393, 57.0581899], [9.9559139, 57.0579798], [9.9542189, 57.0588687], [9.9539366, 57.0590141], [9.9540209, 57.0591992], [9.9539384, 57.0592714], [9.9528243, 57.0602478], [9.9543622, 57.0598593], [9.9550484, 57.059686], [9.9550751, 57.0595784], [9.9551287, 57.0593888], [9.9552199, 57.059224], [9.955354, 57.0590635]]]}}, {"type": "Feature", "properties": {"seamark_type": "harbour", "name": "Marina Lubczyna", "osm_id": 599953006}, "geometry": {"type": "Polygon", "coordinates": [[[14.6989201, 53.5042057], [14.6998613, 53.5051627], [14.7007019, 53.504869], [14.7007677, 53.5050418], [14.7008349, 53.5051162], [14.7013666, 53.5048721], [14.7018611, 53.5045133], [14.7022452, 53.5042439], [14.7023937, 53.5040571], [14.7022143, 53.5035624], [14.7020258, 53.503484], [14.7017871, 53.503391], [14.7016732, 53.5033854], [14.7011804, 53.5033661], [14.7011496, 53.5033255], [14.7010426, 53.5033081], [14.7009807, 53.5033031], [14.7007544, 53.5033059], [14.6993693, 53.5034494], [14.6989201, 53.5042057]]]}}, {"type": "Feature", "properties": {"seamark_type": "harbour", "name": "Watersportbedrijf \"de Lits\"", "osm_id": 599969754}, "geometry": {"type": "Polygon", "coordinates": [[[6.0519953, 53.1752565], [6.0523708, 53.1756713], [6.053503, 53.1761892], [6.0538204, 53.1759937], [6.0542274, 53.1761864], [6.0552481, 53.1756021], [6.0552994, 53.1755671], [6.0560232, 53.1753468], [6.0569953, 53.1752113], [6.0569434, 53.1750486], [6.0569226, 53.1748995], [6.0568132, 53.174679], [6.0567801, 53.1745819], [6.0551484, 53.1739084], [6.054302, 53.1734865], [6.0519953, 53.1752565]]]}}, {"type": "Feature", "properties": {"seamark_type": "harbour", "name": "Hammer Havn", "osm_id": 600799558}, "geometry": {"type": "Polygon", "coordinates": [[[14.7548539, 55.2774936], [14.7549927, 55.2773034], [14.7550598, 55.2772881], [14.7551134, 55.2772522], [14.7551275, 55.2772258], [14.755163, 55.2771777], [14.7552757, 55.2770398], [14.7552744, 55.2770146], [14.7556405, 55.2766349], [14.7557491, 55.276638], [14.7558336, 55.2766327], [14.7559422, 55.2766426], [14.7559731, 55.2766563], [14.7560602, 55.2766777], [14.7561018, 55.2767006], [14.7561837, 55.2767235], [14.7562735, 55.2767572], [14.7566611, 55.2769894], [14.7569025, 55.2771911], [14.7570996, 55.2773782], [14.7572257, 55.2774691], [14.7573289, 55.2775371], [14.7574054, 55.2776127], [14.7574228, 55.2777075], [14.7574121, 55.2778343], [14.7573853, 55.2779557], [14.7573383, 55.278094], [14.7573062, 55.2782941], [14.7572887, 55.2783384], [14.7572793, 55.2783591], [14.7572625, 55.2783766], [14.757225, 55.2784156], [14.7571787, 55.2784477], [14.757105, 55.2785103], [14.7569923, 55.2785836], [14.7568743, 55.2786432], [14.7567509, 55.2786975], [14.7565296, 55.2787754], [14.756521, 55.2787778], [14.7562051, 55.2788655], [14.7561981, 55.2788671], [14.7561135, 55.2788868], [14.7561055, 55.278889], [14.7560167, 55.278919], [14.7559939, 55.2789339], [14.7559925, 55.2789526], [14.7558637, 55.2789839], [14.7558027, 55.2789893], [14.7557183, 55.2790075], [14.7556096, 55.2790248], [14.7554976, 55.2790381], [14.7553937, 55.2790481], [14.7553011, 55.2790519], [14.7550363, 55.2790538], [14.7550492, 55.2784468], [14.7550598, 55.2777429], [14.755277, 55.2777445], [14.7554386, 55.2777705], [14.7554822, 55.2777595], [14.755501, 55.2777158], [14.7554849, 55.2776906], [14.7550216, 55.2776272], [14.7550182, 55.2775616], [14.7550048, 55.2775325], [14.7549739, 55.2775089], [14.7549176, 55.2774943], [14.7548539, 55.2774936]]]}}, {"type": "Feature", "properties": {"seamark_type": "harbour", "name": "Bootsclub Kamperfehn", "osm_id": 601141571}, "geometry": {"type": "Polygon", "coordinates": [[[7.7958398, 53.0893939], [7.7980057, 53.0884363], [7.7980579, 53.0884789], [7.7981104, 53.0885216], [7.7959444, 53.0894793], [7.7958945, 53.0894385], [7.7958398, 53.0893939]]]}}, {"type": "Feature", "properties": {"seamark_type": "harbour", "name": "Kerteminde Marina", "osm_id": 601304886}, "geometry": {"type": "Polygon", "coordinates": [[[10.6656177, 55.4552585], [10.6668442, 55.4551391], [10.6671385, 55.4551094], [10.6672271, 55.455098], [10.6672626, 55.4550923], [10.6672874, 55.4550707], [10.6674939, 55.4548136], [10.6677434, 55.4544665], [10.6678587, 55.4542676], [10.6679593, 55.4540854], [10.6680978, 55.4537719], [10.668111, 55.4537242], [10.6681187, 55.453709], [10.668132, 55.4536992], [10.6681616, 55.4536899], [10.6681992, 55.4536862], [10.668254, 55.4536945], [10.6682745, 55.4537228], [10.6689897, 55.4539313], [10.6690465, 55.4538979], [10.6691206, 55.4538779], [10.6692127, 55.4538528], [10.6692713, 55.4537599], [10.6692834, 55.4536625], [10.6692793, 55.453565], [10.6692543, 55.4533344], [10.6692464, 55.4532208], [10.6692234, 55.4531071], [10.6691599, 55.452875], [10.6691274, 55.4527617], [10.6690863, 55.4526467], [10.6690074, 55.452457], [10.6689695, 55.4523791], [10.6689009, 55.4522555], [10.6688054, 55.4520905], [10.6686607, 55.4518564], [10.6685706, 55.451741], [10.6684165, 55.4515432], [10.6682925, 55.4514133], [10.6681633, 55.4513245], [10.6680356, 55.4512613], [10.6679399, 55.4512248], [10.6677269, 55.4511691], [10.6674525, 55.4511331], [10.6660787, 55.4510158], [10.6660678, 55.4510401], [10.6660638, 55.451049], [10.6660604, 55.4510599], [10.6659693, 55.4513677], [10.6659637, 55.451388], [10.6659556, 55.4514029], [10.6651701, 55.4515876], [10.6651053, 55.4516625], [10.6650914, 55.4516773], [10.6650836, 55.4516881], [10.6650791, 55.451697], [10.665074, 55.451707], [10.6650592, 55.4517369], [10.6650407, 55.4517696], [10.6650688, 55.4521079], [10.6650704, 55.4521268], [10.6651031, 55.4525218], [10.6651048, 55.4525413], [10.6651121, 55.4526298], [10.6651842, 55.4526562], [10.66519, 55.4526585], [10.6651958, 55.4526607], [10.6651988, 55.4526616], [10.6652107, 55.4528306], [10.6651766, 55.4528559], [10.6651738, 55.452858], [10.6651323, 55.4528888], [10.6651344, 55.4529156], [10.6651352, 55.4529257], [10.6651358, 55.4529329], [10.665157, 55.4531999], [10.665267, 55.453201], [10.6652919, 55.4534846], [10.6652758, 55.4534849], [10.6652587, 55.4534851], [10.6651919, 55.4534873], [10.6652282, 55.4538252], [10.6652297, 55.453837], [10.6652311, 55.4538477], [10.6652364, 55.4538871], [10.66524, 55.4539284], [10.6652574, 55.4541262], [10.6652592, 55.4541469], [10.6652926, 55.4545255], [10.6652943, 55.454545], [10.6653229, 55.4548698], [10.6653245, 55.4548877], [10.6653536, 55.4552181], [10.6653609, 55.4552552], [10.6653633, 55.4552644], [10.6653655, 55.4552718], [10.6653683, 55.4552778], [10.6656177, 55.4552585]]]}}, {"type": "Feature", "properties": {"seamark_type": "harbour", "name": "Jollehavn", "osm_id": 601304888}, "geometry": {"type": "Polygon", "coordinates": [[[10.665897, 55.4501387], [10.6657727, 55.4501233], [10.6650583, 55.450032], [10.6652265, 55.449885], [10.6652362, 55.4498757], [10.6652835, 55.4498867], [10.6653247, 55.4498542], [10.6653557, 55.449832], [10.6654064, 55.4498068], [10.6655882, 55.4497127], [10.6656965, 55.4497348], [10.6659805, 55.449796], [10.6661518, 55.4498348], [10.6661706, 55.4498905], [10.666016, 55.4500289], [10.666008, 55.450035], [10.6660006, 55.4500415], [10.6659882, 55.4500539], [10.665897, 55.4501387]]]}}, {"type": "Feature", "properties": {"seamark_type": "harbour", "name": "Fiskerihavnen", "osm_id": 601405931}, "geometry": {"type": "Polygon", "coordinates": [[[10.6631272, 55.4497883], [10.6633419, 55.4498344], [10.663366, 55.449766], [10.6642149, 55.4498732], [10.6644818, 55.4494709], [10.6633526, 55.4492209], [10.6633378, 55.4492188], [10.6633221, 55.4492164], [10.6632428, 55.4492048], [10.663229, 55.4492027], [10.6632141, 55.4492005], [10.6625435, 55.4491345], [10.662372, 55.4493269], [10.6622881, 55.4493026], [10.6621214, 55.4494987], [10.6626018, 55.4496374], [10.6631496, 55.4497559], [10.6631391, 55.4497721], [10.6631272, 55.4497883]]]}}, {"type": "Feature", "properties": {"seamark_type": "harbour", "name": "Helvikstranda", "osm_id": 602173515}, "geometry": {"type": "Polygon", "coordinates": [[[6.7336116, 58.1070404], [6.733388, 58.1069877], [6.7335114, 58.1068934], [6.7336039, 58.1067475], [6.7337361, 58.1067503], [6.7337291, 58.106889], [6.7338035, 58.1069041], [6.7336116, 58.1070404]]]}}, {"type": "Feature", "properties": {"seamark_type": "harbour", "name": "Askø Havn", "osm_id": 604394519}, "geometry": {"type": "Polygon", "coordinates": [[[11.4830317, 54.8840669], [11.4831262, 54.8844306], [11.4830706, 54.8846011], [11.4827762, 54.8845756], [11.4826997, 54.884544], [11.4826796, 54.8846423], [11.4827359, 54.8846524], [11.4827829, 54.8847533], [11.4826816, 54.8850894], [11.4826625, 54.8850875], [11.4820308, 54.8850306], [11.4820158, 54.8850273], [11.4819997, 54.8849417], [11.4820983, 54.8846782], [11.4821747, 54.8844383], [11.4830317, 54.8840669]]]}}, {"type": "Feature", "properties": {"seamark_type": "harbour", "name": "Hou Lystbådehavn", "osm_id": 608705859}, "geometry": {"type": "Polygon", "coordinates": [[[10.3833494, 57.0564381], [10.3833159, 57.0564429], [10.3829775, 57.0565798], [10.3828769, 57.0566076], [10.3818011, 57.0566277], [10.3791484, 57.0566599], [10.3789526, 57.0573541], [10.3772441, 57.0573716], [10.3771716, 57.0566416], [10.3760518, 57.0566139], [10.3756106, 57.0551815], [10.3762194, 57.0551224], [10.3763106, 57.0550845], [10.3765252, 57.0550393], [10.3772145, 57.0549138], [10.3776535, 57.054849], [10.3777701, 57.0548628], [10.3779163, 57.0549518], [10.3783119, 57.0554434], [10.3783947, 57.0555075], [10.3784859, 57.0555396], [10.3788507, 57.05563], [10.3790227, 57.0556928], [10.3791206, 57.0557854], [10.3792638, 57.0561967], [10.3793161, 57.0562339], [10.3794032, 57.0562551], [10.3795011, 57.0562689], [10.3796098, 57.0562638], [10.3796943, 57.056258], [10.3797881, 57.0562514], [10.3798994, 57.0562376], [10.3799826, 57.0562259], [10.3800724, 57.056177], [10.3801703, 57.0561114], [10.3802763, 57.0560581], [10.3803688, 57.0560282], [10.3805593, 57.0559728], [10.3812374, 57.0559531], [10.3818771, 57.0559598], [10.3820468, 57.0559928], [10.3829522, 57.056153], [10.3832991, 57.0562879], [10.3833367, 57.0563006], [10.3833494, 57.0564381]]]}}, {"type": "Feature", "properties": {"seamark_type": "harbour", "name": "Årøsund Lystbådehavn", "osm_id": 608726481}, "geometry": {"type": "Polygon", "coordinates": [[[9.7046813, 55.2619305], [9.7059502, 55.2630732], [9.7061272, 55.263022], [9.7061943, 55.2630671], [9.7065523, 55.26297], [9.7067293, 55.2631213], [9.7071826, 55.2632298], [9.7075099, 55.2631825], [9.7081876, 55.2636514], [9.7086007, 55.2636232], [9.7110107, 55.2627754], [9.7114076, 55.2627925], [9.7116302, 55.2627872], [9.7118891, 55.2627405], [9.7121096, 55.2626872], [9.7126039, 55.2624937], [9.7126247, 55.2624555], [9.7125864, 55.2624284], [9.7121045, 55.2624014], [9.7113341, 55.2617452], [9.710589, 55.2611894], [9.7074053, 55.2622364], [9.7064907, 55.2612983], [9.7046813, 55.2619305]]]}}, {"type": "Feature", "properties": {"seamark_type": "harbour", "name": "Roskilde lystbådehavn", "osm_id": 609676025}, "geometry": {"type": "Polygon", "coordinates": [[[12.0787892, 55.6513367], [12.0793842, 55.6513847], [12.0800996, 55.651026], [12.0801399, 55.6508857], [12.0808775, 55.6509542], [12.0808608, 55.6510176], [12.081984, 55.6511011], [12.0819798, 55.6511157], [12.0820403, 55.6511216], [12.082125, 55.6511762], [12.0826583, 55.6514123], [12.0828594, 55.6515359], [12.0829359, 55.6515177], [12.083597, 55.6514092], [12.083277, 55.6508581], [12.0830492, 55.6502959], [12.0826676, 55.6502851], [12.0820884, 55.6502355], [12.081534, 55.650107], [12.0810371, 55.649918], [12.0806721, 55.6497043], [12.0803894, 55.6494704], [12.0792804, 55.648205], [12.0789085, 55.6480974], [12.0787691, 55.6480959], [12.078415, 55.6481398], [12.0782366, 55.6481912], [12.0775091, 55.648514], [12.0774588, 55.6485454], [12.0774347, 55.6485817], [12.0772925, 55.6489858], [12.0771798, 55.6496699], [12.0771115, 55.6499673], [12.0770605, 55.6499635], [12.0770303, 55.6499832], [12.0769961, 55.6499968], [12.0769519, 55.6500078], [12.0768204, 55.6500267], [12.07629, 55.6500895], [12.0762498, 55.6501031], [12.0762283, 55.6501137], [12.0762129, 55.6501353], [12.0762143, 55.6501587], [12.0763256, 55.6504894], [12.0763, 55.6505121], [12.076172, 55.6506256], [12.0760527, 55.6505923], [12.0753687, 55.6509964], [12.0754552, 55.6510274], [12.074798, 55.6514209], [12.07445, 55.6513002], [12.0738975, 55.6517421], [12.0736903, 55.6518794], [12.0732006, 55.652122], [12.0730385, 55.6520156], [12.0719951, 55.6525748], [12.0718302, 55.6527401], [12.072, 55.6528387], [12.0717675, 55.6530083], [12.0717474, 55.6530221], [12.0714099, 55.6532861], [12.0713917, 55.6533041], [12.0713463, 55.6533426], [12.0728534, 55.6539179], [12.07465, 55.6541704], [12.0754359, 55.6538662], [12.0760631, 55.6535202], [12.0772857, 55.6528282], [12.0782438, 55.6520705], [12.0787892, 55.6513367]]]}}, {"type": "Feature", "properties": {"seamark_type": "harbour", "name": null, "osm_id": 610255703}, "geometry": {"type": "Polygon", "coordinates": [[[12.8633782, 56.25996], [12.8634265, 56.2592672], [12.8633407, 56.2592628], [12.8632709, 56.2595994], [12.8632441, 56.2599629], [12.8633782, 56.25996]]]}}, {"type": "Feature", "properties": {"seamark_type": "harbour", "name": "Deutsch-Französischer Segelclub \"Passat\"", "osm_id": 610321965}, "geometry": {"type": "Polygon", "coordinates": [[[10.8882717, 53.9513075], [10.8881566, 53.951525], [10.8883611, 53.9515637], [10.8886081, 53.9516036], [10.8886552, 53.9516089], [10.8886816, 53.9516165], [10.8887868, 53.9516367], [10.8888572, 53.9516112], [10.8888924, 53.951586], [10.889024, 53.9513373], [10.8887742, 53.9512849], [10.8882717, 53.9513075]]]}}, {"type": "Feature", "properties": {"seamark_type": "harbour", "name": "Ballen Havn", "osm_id": 611817833}, "geometry": {"type": "Polygon", "coordinates": [[[10.6381653, 55.8170335], [10.6391256, 55.8168195], [10.6399758, 55.8166205], [10.6401327, 55.816619], [10.6410447, 55.8169287], [10.6416696, 55.8173055], [10.6420438, 55.8172128], [10.6422262, 55.8170139], [10.6425628, 55.8163561], [10.642489, 55.81617], [10.6422141, 55.8159959], [10.6387366, 55.8148332], [10.6382941, 55.8158309], [10.6382485, 55.8158934], [10.6378944, 55.8160682], [10.6376624, 55.8160923], [10.637653, 55.8162611], [10.638219, 55.81628], [10.6381398, 55.816943], [10.6381653, 55.8170335]]]}}, {"type": "Feature", "properties": {"seamark_type": "harbour", "name": "Ebeltoft Skudehavn", "osm_id": 613270760}, "geometry": {"type": "Polygon", "coordinates": [[[10.6671882, 56.1911932], [10.6678265, 56.1911932], [10.6678855, 56.1912141], [10.6679553, 56.1911932], [10.6679526, 56.1911394], [10.6671669, 56.1902077], [10.6670611, 56.1900841], [10.66701, 56.1900245], [10.6670057, 56.1900194], [10.6670182, 56.1900161], [10.6670099, 56.1900061], [10.6669843, 56.1899753], [10.6676093, 56.1897753], [10.6683023, 56.1895434], [10.6683359, 56.1895382], [10.668759, 56.1895278], [10.6692074, 56.1895191], [10.6692401, 56.1895274], [10.669255, 56.1895398], [10.6692655, 56.1895485], [10.6692701, 56.1896451], [10.6692717, 56.1896707], [10.6692821, 56.1898219], [10.6693033, 56.1901299], [10.6693256, 56.1904971], [10.6693506, 56.1908816], [10.6693754, 56.1912727], [10.6694004, 56.1916597], [10.6694237, 56.1920206], [10.6694338, 56.1922502], [10.6693663, 56.1923199], [10.6688607, 56.1924695], [10.6687968, 56.1924884], [10.6685195, 56.1925681], [10.6684919, 56.192576], [10.6684287, 56.1925942], [10.6683965, 56.1926036], [10.6683592, 56.1926132], [10.6683462, 56.1926183], [10.6671882, 56.1911932]]]}}, {"type": "Feature", "properties": {"seamark_type": "harbour", "name": "Feda", "osm_id": 614115694}, "geometry": {"type": "Polygon", "coordinates": [[[6.8189563, 58.2621643], [6.8193449, 58.2624184], [6.8196455, 58.262368], [6.8199671, 58.2622731], [6.8200468, 58.2621441], [6.8202332, 58.2618424], [6.8202724, 58.2617789], [6.8205887, 58.2618183], [6.820818, 58.2618469], [6.8210616, 58.2618266], [6.8214263, 58.2618672], [6.8215837, 58.2618847], [6.8217444, 58.2615691], [6.8210189, 58.2613486], [6.8206074, 58.2612404], [6.8201096, 58.2611346], [6.8198703, 58.2611371], [6.8196215, 58.2611774], [6.8194875, 58.2612479], [6.8193439, 58.2614317], [6.8189658, 58.2620887], [6.8189563, 58.2621643]]]}}, {"type": "Feature", "properties": {"seamark_type": "harbour", "name": "Omø Lystbådehavn", "osm_id": 614378988}, "geometry": {"type": "Polygon", "coordinates": [[[11.1603315, 55.1711507], [11.1602658, 55.17092], [11.1602772, 55.1708711], [11.1605626, 55.1708437], [11.1605769, 55.1708423], [11.160692, 55.1708086], [11.1609214, 55.17066], [11.161062, 55.1706404], [11.1616151, 55.1705867], [11.1616788, 55.1705797], [11.1618303, 55.1711499], [11.1618372, 55.1711762], [11.1613454, 55.1714347], [11.1608055, 55.1715426], [11.1607235, 55.1715853], [11.1603315, 55.1711507]]]}}, {"type": "Feature", "properties": {"seamark_type": "harbour", "name": "Høruphav Havn", "osm_id": 615198217}, "geometry": {"type": "Polygon", "coordinates": [[[9.8872468, 54.9070882], [9.8877941, 54.9072126], [9.8879643, 54.9071686], [9.8880812, 54.9071904], [9.8886406, 54.9073498], [9.8890843, 54.9074419], [9.8893479, 54.9074586], [9.8895637, 54.9074328], [9.8895918, 54.9074274], [9.8896844, 54.907331], [9.8897129, 54.9073323], [9.8897335, 54.9073094], [9.8897652, 54.9072732], [9.8897766, 54.9072773], [9.8897985, 54.9072631], [9.8897724, 54.907253], [9.8899183, 54.9071226], [9.8899316, 54.9070826], [9.8900307, 54.907086], [9.8903534, 54.9071539], [9.8904445, 54.9069438], [9.8904646, 54.9069065], [9.8904898, 54.9068152], [9.8904402, 54.9067053], [9.8903256, 54.9065575], [9.8901867, 54.9064016], [9.8899894, 54.9062367], [9.8897457, 54.9060789], [9.889426, 54.9058676], [9.8893381, 54.9058156], [9.8892195, 54.9057598], [9.8890059, 54.9056911], [9.8888396, 54.905649], [9.8886568, 54.9056083], [9.8884033, 54.9055545], [9.8881509, 54.905511], [9.8880129, 54.9054983], [9.887865, 54.9054962], [9.8876638, 54.9055109], [9.8875283, 54.9055514], [9.8873714, 54.9056259], [9.8871915, 54.9057405], [9.8870136, 54.9058717], [9.8869159, 54.9059628], [9.8868251, 54.9060591], [9.8866494, 54.9062542], [9.886314, 54.9066415], [9.8863077, 54.9066634], [9.8863237, 54.9066763], [9.8863986, 54.906739], [9.8864812, 54.9067813], [9.8872468, 54.9070882]]]}}, {"type": "Feature", "properties": {"seamark_type": "harbour", "name": "Korsør Lystbådehavn", "osm_id": 615528650}, "geometry": {"type": "Polygon", "coordinates": [[[11.1287301, 55.3280342], [11.1289328, 55.3268936], [11.1289358, 55.3268766], [11.1289651, 55.3268387], [11.1302207, 55.3262152], [11.1302642, 55.3262451], [11.1306889, 55.3265222], [11.1306498, 55.326542], [11.1306622, 55.3265504], [11.1306759, 55.3265599], [11.1307768, 55.3266297], [11.1307432, 55.3266464], [11.1308442, 55.3267119], [11.130905, 55.326681], [11.1309395, 55.326703], [11.1309985, 55.3267407], [11.1311855, 55.3268667], [11.1313171, 55.3269563], [11.131325, 55.3269616], [11.1318811, 55.3268271], [11.1320224, 55.3270247], [11.1322929, 55.3273884], [11.1323114, 55.327425], [11.1324576, 55.3276534], [11.1324895, 55.3277047], [11.1324851, 55.3277542], [11.1324635, 55.3278211], [11.1324331, 55.3278775], [11.1324178, 55.3279098], [11.1323944, 55.3279341], [11.1323854, 55.3279541], [11.1323886, 55.3279811], [11.1324501, 55.3280982], [11.1324725, 55.3281682], [11.1324803, 55.3282795], [11.1324733, 55.328307], [11.1323674, 55.3287226], [11.1323091, 55.328857], [11.1319468, 55.3290345], [11.1312618, 55.3288543], [11.1296752, 55.3295994], [11.1295289, 55.3296151], [11.1272982, 55.3290666], [11.1271644, 55.3290068], [11.1270668, 55.3289492], [11.1269499, 55.3288334], [11.1269124, 55.3287618], [11.1269016, 55.3286641], [11.1269116, 55.3285024], [11.1269302, 55.3283638], [11.1269544, 55.3282484], [11.126955, 55.3282126], [11.1269371, 55.3281929], [11.1281618, 55.3282267], [11.1281449, 55.3282652], [11.128177, 55.3282898], [11.1282309, 55.3283], [11.1283015, 55.328287], [11.1286758, 55.3281057], [11.1287301, 55.3280342]]]}}, {"type": "Feature", "properties": {"seamark_type": "harbour", "name": "Korsør Havn", "osm_id": 615530189}, "geometry": {"type": "Polygon", "coordinates": [[[11.1315979, 55.3356937], [11.1335559, 55.336283], [11.134532, 55.3365323], [11.1346221, 55.3364798], [11.1347123, 55.3364272], [11.1345613, 55.3363316], [11.1334105, 55.3358827], [11.1333925, 55.3358213], [11.1334781, 55.335666], [11.1360919, 55.3357016], [11.1388497, 55.3356476], [11.1388192, 55.3354645], [11.139059, 55.3354442], [11.1409413, 55.3314896], [11.1411688, 55.3314389], [11.1413975, 55.331388], [11.1411218, 55.3307387], [11.1402839, 55.3309062], [11.1397496, 55.331078], [11.1390909, 55.3313457], [11.13846, 55.3317366], [11.1376999, 55.3328934], [11.1379383, 55.3337209], [11.1374893, 55.334519], [11.1370521, 55.3349399], [11.1354645, 55.3349361], [11.1353479, 55.3348349], [11.13397, 55.3344387], [11.1332648, 55.3342514], [11.1332227, 55.3343013], [11.1330395, 55.3345188], [11.1326571, 55.3344721], [11.1326868, 55.3342718], [11.1310023, 55.3340326], [11.1300489, 55.3358696], [11.1301972, 55.3358625], [11.1304509, 55.3359298], [11.131738, 55.3363395], [11.1322527, 55.3364359], [11.1323606, 55.3363237], [11.1313117, 55.3358093], [11.1312293, 55.3357309], [11.1312843, 55.3356604], [11.1314012, 55.3356522], [11.1315979, 55.3356937]]]}}, {"type": "Feature", "properties": {"seamark_type": "harbour", "name": "Korsør Flådehavn", "osm_id": 615622418}, "geometry": {"type": "Polygon", "coordinates": [[[11.1272462, 55.3337896], [11.1258281, 55.3332337], [11.1258566, 55.3330704], [11.1258661, 55.3330506], [11.1258428, 55.3329912], [11.1257506, 55.3328782], [11.1255033, 55.33257], [11.1254481, 55.3321535], [11.1254875, 55.331911], [11.1255923, 55.3317038], [11.1257679, 55.331456], [11.1257881, 55.3314371], [11.1260269, 55.3311495], [11.1261814, 55.3311828], [11.1275086, 55.3295082], [11.1283787, 55.3297645], [11.1283658, 55.3298108], [11.128841, 55.329948], [11.1278025, 55.3313207], [11.128085, 55.3314123], [11.128911, 55.330313], [11.1292427, 55.3299223], [11.1307047, 55.3302716], [11.1293137, 55.3320607], [11.1295234, 55.3321495], [11.1272462, 55.3337896]]]}}, {"type": "Feature", "properties": {"seamark_type": "harbour", "name": "Femø Havn", "osm_id": 615934802}, "geometry": {"type": "Polygon", "coordinates": [[[11.5131234, 54.9720533], [11.5127304, 54.9722634], [11.5127841, 54.9723004], [11.513169, 54.9726549], [11.5135861, 54.972446], [11.5136397, 54.9724482], [11.513684, 54.972466], [11.5140132, 54.9726891], [11.5140782, 54.9727211], [11.5141406, 54.972691], [11.5141272, 54.9726753], [11.5141627, 54.972661], [11.514214, 54.9726932], [11.5142395, 54.9727009], [11.5142492, 54.9726968], [11.5152183, 54.9723096], [11.5152089, 54.9723017], [11.514871, 54.9720186], [11.5148512, 54.9720019], [11.5144571, 54.9721605], [11.5144484, 54.9721541], [11.51444, 54.9721455], [11.5144913, 54.9720945], [11.5145302, 54.9720444], [11.5144879, 54.9719675], [11.5131234, 54.9720533]]]}}, {"type": "Feature", "properties": {"seamark_type": "harbour", "name": "Mommark Marina", "osm_id": 616099062}, "geometry": {"type": "Polygon", "coordinates": [[[10.0444794, 54.9332424], [10.0447652, 54.933386], [10.0450867, 54.933077], [10.0450954, 54.9330371], [10.0453271, 54.9328955], [10.0453549, 54.9327664], [10.0450893, 54.932354], [10.0450451, 54.9322735], [10.0448915, 54.9322419], [10.0448902, 54.9322122], [10.0448515, 54.9321959], [10.0447984, 54.9321721], [10.0445683, 54.9322916], [10.0444986, 54.9322431], [10.0447796, 54.9321005], [10.0445529, 54.9317642], [10.0441526, 54.9316617], [10.0439025, 54.9317268], [10.043821, 54.9318614], [10.0438258, 54.9318767], [10.0439861, 54.9318634], [10.0441043, 54.9320798], [10.0440351, 54.9320844], [10.0439695, 54.9321765], [10.0438623, 54.9324238], [10.0436939, 54.9327227], [10.0437358, 54.9327873], [10.0438835, 54.9330098], [10.0439909, 54.9331626], [10.0443038, 54.9331867], [10.0444517, 54.9331912], [10.0444794, 54.9332424]]]}}, {"type": "Feature", "properties": {"seamark_type": "harbour", "name": "Holbæk Bådelaug", "osm_id": 616561765}, "geometry": {"type": "Polygon", "coordinates": [[[11.7237667, 55.721499], [11.7239771, 55.7214562], [11.7257164, 55.7209677], [11.7253731, 55.7205655], [11.7254081, 55.720416], [11.7252539, 55.7198902], [11.7229834, 55.7200874], [11.7231229, 55.7205557], [11.7230894, 55.7206683], [11.723231, 55.7211466], [11.7237667, 55.721499]]]}}, {"type": "Feature", "properties": {"seamark_type": "harbour", "name": "Jegindø Havn", "osm_id": 617288969}, "geometry": {"type": "Polygon", "coordinates": [[[8.6369347, 56.6526474], [8.6371302, 56.6527943], [8.6372256, 56.6528288], [8.6371811, 56.6529275], [8.6371629, 56.6530096], [8.6372211, 56.6531104], [8.6366647, 56.6531628], [8.6364475, 56.6530478], [8.6357474, 56.6531008], [8.6346102, 56.6523371], [8.6345953, 56.652232], [8.6345581, 56.6519685], [8.6345512, 56.6519198], [8.6343822, 56.651793], [8.6330947, 56.65101], [8.6339036, 56.6506658], [8.6345725, 56.6509363], [8.6349743, 56.6510439], [8.6352664, 56.6511314], [8.6353344, 56.6512047], [8.6371204, 56.6507253], [8.6374248, 56.6506432], [8.6376183, 56.6507074], [8.6384558, 56.6511], [8.6388829, 56.6512666], [8.6389124, 56.6515217], [8.6389071, 56.65156], [8.6385973, 56.6516883], [8.6385463, 56.6516876], [8.6384793, 56.6516094], [8.6383465, 56.6515556], [8.6382794, 56.6515394], [8.6382365, 56.6515475], [8.6382097, 56.651563], [8.6382096, 56.6516163], [8.6383326, 56.6518584], [8.6369347, 56.6526474]]]}}, {"type": "Feature", "properties": {"seamark_type": "harbour", "name": "Przystań \"Kolejarz\"", "osm_id": 619138204}, "geometry": {"type": "Polygon", "coordinates": [[[14.556296, 53.4098602], [14.5570536, 53.4097075], [14.5574458, 53.4097349], [14.5575647, 53.410287], [14.5576971, 53.4109015], [14.5578351, 53.4116209], [14.5579476, 53.411745], [14.5576616, 53.4119259], [14.5576789, 53.4119384], [14.5575485, 53.4120449], [14.5572936, 53.4121567], [14.5570865, 53.4122406], [14.5569117, 53.4121946], [14.556829, 53.4120875], [14.556296, 53.4098602]]]}}, {"type": "Feature", "properties": {"seamark_type": "harbour", "name": "Svanshalls Hamn", "osm_id": 619283230}, "geometry": {"type": "Polygon", "coordinates": [[[12.6615113, 56.2527249], [12.6613435, 56.2526535], [12.6613111, 56.2525483], [12.6618857, 56.2521303], [12.6620305, 56.2521735], [12.6621362, 56.2523355], [12.6622296, 56.2525035], [12.6623248, 56.2524879], [12.6627187, 56.252489], [12.6625574, 56.2525569], [12.6623449, 56.2526234], [12.6618954, 56.2527116], [12.6616071, 56.2527306], [12.6615113, 56.2527249]]]}}, {"type": "Feature", "properties": {"seamark_type": "harbour", "name": "Amtoft Havn", "osm_id": 621690159}, "geometry": {"type": "Polygon", "coordinates": [[[8.9429913, 57.0049187], [8.9429443, 57.0049042], [8.9428287, 57.0050005], [8.9423938, 57.0053356], [8.9423447, 57.0053502], [8.9420785, 57.0055398], [8.9420637, 57.0055843], [8.942085, 57.0056267], [8.9421585, 57.0057355], [8.9422335, 57.0058066], [8.9425626, 57.0060685], [8.942847, 57.0061532], [8.9429376, 57.0061779], [8.9429431, 57.0061811], [8.9430357, 57.006157], [8.9433351, 57.0058691], [8.9440491, 57.0051394], [8.9440975, 57.0051366], [8.9441448, 57.0051476], [8.9441507, 57.0051692], [8.9441811, 57.0051858], [8.9442377, 57.0051835], [8.944296, 57.0051577], [8.9443611, 57.0051136], [8.9445367, 57.0049803], [8.9446585, 57.0048794], [8.9447311, 57.0048371], [8.9447945, 57.0048228], [8.9448004, 57.0048138], [8.9448173, 57.0048067], [8.9448346, 57.0048023], [8.9448546, 57.0048043], [8.9449434, 57.0047376], [8.9449337, 57.0047331], [8.944927, 57.0047214], [8.9449297, 57.004709], [8.9449451, 57.0046999], [8.9449706, 57.0046933], [8.9449827, 57.0046725], [8.9449601, 57.0046509], [8.944826, 57.0045878], [8.944611, 57.0044765], [8.9444734, 57.004411], [8.9443366, 57.0043636], [8.9441544, 57.004324], [8.9440447, 57.0043142], [8.9439798, 57.004324], [8.943952, 57.0043442], [8.9436784, 57.0043727], [8.9435671, 57.0044267], [8.9434391, 57.0045359], [8.9434451, 57.0045546], [8.9434712, 57.0045695], [8.9434082, 57.0046269], [8.943366, 57.0046243], [8.9429913, 57.0049187]]]}}, {"type": "Feature", "properties": {"seamark_type": "harbour", "name": null, "osm_id": 621807760}, "geometry": {"type": "Polygon", "coordinates": [[[14.5186363, 53.6586406], [14.5185628, 53.6586688], [14.5186602, 53.6587872], [14.5184303, 53.6588636], [14.5187609, 53.6592273], [14.5186448, 53.6592731], [14.518477, 53.6593344], [14.5192718, 53.6601559], [14.518312, 53.660528], [14.5181904, 53.6604508], [14.5175498, 53.660077], [14.5174123, 53.6601581], [14.5183022, 53.6606814], [14.5193296, 53.660284], [14.5210707, 53.6596243], [14.5201827, 53.65873], [14.5189632, 53.6591338], [14.518717, 53.6588745], [14.5194402, 53.658614], [14.5193984, 53.6585488], [14.5187871, 53.6587554], [14.5186363, 53.6586406]]]}}, {"type": "Feature", "properties": {"seamark_type": "harbour", "name": "przystań morska w Świnoujściu-Karsiborze", "osm_id": 623124428}, "geometry": {"type": "Polygon", "coordinates": [[[14.3019514, 53.8536559], [14.3021529, 53.8535055], [14.3022607, 53.8535562], [14.3027248, 53.8537742], [14.3027596, 53.8537906], [14.3024972, 53.8540121], [14.3022753, 53.8541994], [14.3023813, 53.8542489], [14.3024942, 53.8543016], [14.3025778, 53.8543406], [14.3029519, 53.8545151], [14.3030985, 53.8544876], [14.3034933, 53.8540836], [14.3036926, 53.8540667], [14.3035749, 53.8542367], [14.3034176, 53.8544642], [14.3034114, 53.8544733], [14.3037984, 53.854655], [14.3039393, 53.8547211], [14.3040011, 53.8547501], [14.3041484, 53.8548193], [14.3045658, 53.855015], [14.3046192, 53.8549416], [14.3050423, 53.8551319], [14.3050898, 53.8551529], [14.3055261, 53.8553259], [14.3059556, 53.8555693], [14.3068304, 53.8556712], [14.3072428, 53.8556542], [14.3074789, 53.8556548], [14.3082117, 53.8556559], [14.3082138, 53.8557774], [14.3082024, 53.8559963], [14.308151, 53.8568638], [14.3081321, 53.857177], [14.3073338, 53.8576666], [14.2990897, 53.8535194], [14.2996629, 53.8529757], [14.2997053, 53.8529405], [14.2997268, 53.8529213], [14.2998076, 53.8528491], [14.300207, 53.8529831], [14.300769, 53.8531104], [14.3011035, 53.8531707], [14.3009057, 53.8533761], [14.3008716, 53.8535421], [14.3011508, 53.8536627], [14.3012175, 53.8536585], [14.3013339, 53.8536564], [14.3014114, 53.8536868], [14.3014887, 53.8538226], [14.3015117, 53.8538062], [14.301541, 53.8537858], [14.3018116, 53.8535973], [14.3019514, 53.8536559]]]}}, {"type": "Feature", "properties": {"seamark_type": "harbour", "name": "przystań morska Niechorze", "osm_id": 623444988}, "geometry": {"type": "Polygon", "coordinates": [[[15.0765428, 54.0969663], [15.0776788, 54.0971468], [15.0776071, 54.0972837], [15.0780761, 54.0973684], [15.077933, 54.0977096], [15.07736, 54.0992163], [15.0742347, 54.0987531], [15.0748338, 54.0971448], [15.0749601, 54.0967043], [15.0750703, 54.0967061], [15.0750674, 54.0967761], [15.0752021, 54.0968022], [15.0752499, 54.0967371], [15.0756276, 54.0967768], [15.0756, 54.0968587], [15.0765428, 54.0969663]]]}}, {"type": "Feature", "properties": {"seamark_type": "harbour", "name": "przystań morska Rewal", "osm_id": 623457163}, "geometry": {"type": "Polygon", "coordinates": [[[15.010697, 54.0826546], [15.0108146, 54.0824664], [15.010827, 54.0824466], [15.011311, 54.0825386], [15.011475, 54.0823066], [15.009988, 54.0818746], [15.009543, 54.0818096], [15.009402, 54.0821196], [15.0090277, 54.0820514], [15.0089803, 54.0821238], [15.0088814, 54.0822747], [15.0088353, 54.0823452], [15.008835, 54.0823456], [15.008219, 54.0832176], [15.010009, 54.0836516], [15.0106123, 54.0827774], [15.010697, 54.0826546]]]}}, {"type": "Feature", "properties": {"seamark_type": "harbour", "name": "przystań morska Nr 1 w Międzyzdrojach", "osm_id": 623781608}, "geometry": {"type": "Polygon", "coordinates": [[[14.4597191, 53.9391232], [14.4601674, 53.9388861], [14.4603878, 53.9387759], [14.4601018, 53.9385403], [14.459157, 53.9377085], [14.4585145, 53.9379413], [14.458146, 53.938172], [14.458494, 53.9383736], [14.4597191, 53.9391232]]]}}, {"type": "Feature", "properties": {"seamark_type": "harbour", "name": "przystań morska Międzyzdroje", "osm_id": 623789780}, "geometry": {"type": "Polygon", "coordinates": [[[14.4450446, 53.9322675], [14.44325, 53.9337539], [14.4407925, 53.933965], [14.4410594, 53.9350464], [14.4431069, 53.9352967], [14.4436589, 53.9337261], [14.4452901, 53.9323891], [14.4458376, 53.9325455], [14.4461949, 53.932242], [14.4457992, 53.932077], [14.4457719, 53.932066], [14.4454011, 53.9319093], [14.4453556, 53.931888], [14.4453867, 53.931866], [14.4453078, 53.9318338], [14.4449872, 53.9316983], [14.4446108, 53.9320186], [14.4450446, 53.9322675]]]}}, {"type": "Feature", "properties": {"seamark_type": "harbour", "name": "przystań morska Nr 1 w Międzyzdrojach (część morska)", "osm_id": 623813809}, "geometry": {"type": "Polygon", "coordinates": [[[14.458146, 53.938172], [14.4564684, 53.9391732], [14.4580196, 53.9400319], [14.4597191, 53.9391232], [14.458494, 53.9383736], [14.458146, 53.938172]]]}}, {"type": "Feature", "properties": {"seamark_type": "harbour", "name": "Lynettehavnen", "osm_id": 625136903}, "geometry": {"type": "Polygon", "coordinates": [[[12.6083377, 55.697284], [12.6092255, 55.6972054], [12.6092228, 55.6971858], [12.6092416, 55.6971699], [12.6093972, 55.6971903], [12.6099578, 55.6968154], [12.6101857, 55.6967791], [12.6115268, 55.6965826], [12.6115671, 55.6964534], [12.6131617, 55.6961563], [12.6126747, 55.6953079], [12.6104379, 55.695718], [12.6104938, 55.6958321], [12.6083377, 55.697284]]]}}, {"type": "Feature", "properties": {"seamark_type": "harbour", "name": "Næstved Kanalhavn", "osm_id": 627044831}, "geometry": {"type": "Polygon", "coordinates": [[[11.7140577, 55.2085675], [11.7139054, 55.2085082], [11.7140556, 55.2083536], [11.71401, 55.2083169], [11.713837, 55.2083712], [11.7135863, 55.2081126], [11.7136828, 55.2078976], [11.7146578, 55.2076128], [11.7148671, 55.2073985], [11.7154947, 55.2072088], [11.7157629, 55.2071705], [11.7160848, 55.207345], [11.7151292, 55.2083559], [11.7144714, 55.2081451], [11.7140577, 55.2085675]]]}}, {"type": "Feature", "properties": {"seamark_type": "harbour", "name": "Langø Havn", "osm_id": 627448368}, "geometry": {"type": "Polygon", "coordinates": [[[11.0197044, 54.8166951], [11.0196957, 54.8165673], [11.0185508, 54.8151073], [11.0179707, 54.8152418], [11.0175316, 54.814717], [11.0171159, 54.814785], [11.0170099, 54.8148051], [11.0169355, 54.8146372], [11.0165995, 54.8146591], [11.0164091, 54.8149945], [11.0163917, 54.8152301], [11.0164507, 54.8152889], [11.0164547, 54.8153445], [11.0164306, 54.8154025], [11.0161036, 54.8157782], [11.0151511, 54.8169352], [11.0151279, 54.8170274], [11.0152348, 54.8171383], [11.0153931, 54.8172295], [11.0166069, 54.8176033], [11.0168248, 54.8176292], [11.016821, 54.8176496], [11.0170434, 54.8176755], [11.0172911, 54.8177101], [11.0174705, 54.8177187], [11.0175403, 54.8177048], [11.0176114, 54.8176856], [11.0176449, 54.8176689], [11.0176523, 54.8176453], [11.0176449, 54.8176143], [11.0177116, 54.8175934], [11.0177831, 54.817553], [11.0178575, 54.8174927], [11.0180214, 54.8173536], [11.0185325, 54.8166762], [11.0185656, 54.816688], [11.0186506, 54.8166908], [11.0195065, 54.8167086], [11.0197044, 54.8166951]]]}}, {"type": "Feature", "properties": {"seamark_type": "harbour", "name": "Hestehovedets Lystbådehavn", "osm_id": 627448373}, "geometry": {"type": "Polygon", "coordinates": [[[11.0946699, 54.8311855], [11.0942565, 54.8309842], [11.0940818, 54.831304], [11.0938712, 54.83138], [11.0938046, 54.8313867], [11.0933425, 54.8313089], [11.0930715, 54.8314023], [11.0924916, 54.8330882], [11.0925908, 54.8331813], [11.093015, 54.8332647], [11.0932872, 54.8333138], [11.0933047, 54.8333358], [11.0933027, 54.833352], [11.0933885, 54.8333632], [11.0934595, 54.8333491], [11.0936487, 54.8333006], [11.0938289, 54.8327967], [11.0938887, 54.8327078], [11.0944596, 54.832011], [11.0945155, 54.8319373], [11.0945472, 54.8318484], [11.0945626, 54.8317601], [11.0945439, 54.8316655], [11.0944922, 54.831499], [11.0945372, 54.8314928], [11.0945604, 54.8313445], [11.0946699, 54.8311855]]]}}, {"type": "Feature", "properties": {"seamark_type": "harbour", "name": "Klintholm Havn", "osm_id": 634149535}, "geometry": {"type": "Polygon", "coordinates": [[[12.4670598, 54.9536752], [12.4670779, 54.9536703], [12.4672388, 54.9536294], [12.4671536, 54.9535259], [12.4671764, 54.9535185], [12.4670315, 54.953365], [12.4671086, 54.9533441], [12.4671516, 54.953333], [12.4672642, 54.9532975], [12.4670752, 54.9530666], [12.4675627, 54.9529642], [12.4672676, 54.9525044], [12.4668726, 54.9525859], [12.4665883, 54.9527384], [12.4665441, 54.952738], [12.4664032, 54.9526525], [12.4664059, 54.9526267], [12.4667236, 54.952452], [12.4668954, 54.9521739], [12.4665186, 54.9515724], [12.4655771, 54.9516719], [12.4654094, 54.9516982], [12.4648014, 54.951769], [12.4641529, 54.9517403], [12.464098, 54.9519471], [12.4641275, 54.9519663], [12.4641069, 54.9522905], [12.4640389, 54.9524091], [12.4620927, 54.9542903], [12.4620786, 54.9543418], [12.4626039, 54.9552497], [12.4626616, 54.9552227], [12.4630686, 54.9551258], [12.4630592, 54.9550946], [12.4630552, 54.9550684], [12.4631229, 54.955053], [12.4631202, 54.9549925], [12.463139, 54.9549594], [12.4631819, 54.9549363], [12.4632382, 54.9549209], [12.4637854, 54.9548177], [12.4639852, 54.9547834], [12.4640161, 54.9547804], [12.4640711, 54.9547707], [12.4638863, 54.9544448], [12.463866, 54.9544017], [12.4639811, 54.9543763], [12.4640431, 54.9543597], [12.4636758, 54.9537382], [12.4636312, 54.9536656], [12.4638696, 54.9534317], [12.4639366, 54.953365], [12.4643115, 54.9532892], [12.4644768, 54.9532611], [12.4646565, 54.9535789], [12.4645065, 54.9536135], [12.4646706, 54.9538977], [12.4646051, 54.9539346], [12.4647219, 54.9541269], [12.4647822, 54.9541162], [12.4654276, 54.9539928], [12.4653339, 54.95381], [12.4655557, 54.9537688], [12.4653867, 54.9534777], [12.4651694, 54.9534993], [12.4649522, 54.9531319], [12.4651533, 54.9530834], [12.4651261, 54.9530386], [12.4650165, 54.952837], [12.4651742, 54.9527996], [12.4653314, 54.9527623], [12.4651386, 54.9524296], [12.4651266, 54.9523742], [12.4651614, 54.9523071], [12.465219, 54.9522309], [12.4652942, 54.9521493], [12.4653203, 54.9520861], [12.4653056, 54.9520838], [12.4653176, 54.9520595], [12.4653418, 54.9520522], [12.4654651, 54.9520749], [12.4653352, 54.9523754], [12.4656433, 54.9528775], [12.4662475, 54.9527637], [12.4663091, 54.9527807], [12.4663412, 54.9528426], [12.4663168, 54.9528698], [12.4657803, 54.9529737], [12.4660054, 54.9533241], [12.4661582, 54.9533006], [12.4664368, 54.9537049], [12.4666049, 54.9536862], [12.466701, 54.953678], [12.4669276, 54.953688], [12.4670396, 54.9536781], [12.4670598, 54.9536752]]]}}, {"type": "Feature", "properties": {"seamark_type": "harbour", "name": "Fanø Lystbådehavn", "osm_id": 635911683}, "geometry": {"type": "Polygon", "coordinates": [[[8.4084463, 55.4440521], [8.4091061, 55.4441327], [8.409192, 55.4439791], [8.4093234, 55.4436596], [8.4093985, 55.4434892], [8.4094039, 55.443372], [8.4093529, 55.4432625], [8.4092, 55.4431012], [8.4090093, 55.4429595], [8.4088728, 55.4429034], [8.4087038, 55.4428502], [8.4080708, 55.4427559], [8.4073238, 55.4426752], [8.4070917, 55.4426726], [8.407014, 55.4426821], [8.4069403, 55.4427087], [8.4068799, 55.4427619], [8.4068531, 55.4428228], [8.4068155, 55.4430067], [8.4068719, 55.44321], [8.4069379, 55.4433943], [8.4070086, 55.4436286], [8.407016, 55.4436543], [8.4070187, 55.4436843], [8.4070844, 55.443725], [8.4071361, 55.4437501], [8.4071776, 55.4437646], [8.4075022, 55.44383], [8.4079595, 55.4438596], [8.4082974, 55.4438962], [8.4084007, 55.4439441], [8.4084423, 55.4439905], [8.4084463, 55.4440521]]]}}, {"type": "Feature", "properties": {"seamark_type": "harbour", "name": "Munkebo Havn", "osm_id": 656641555}, "geometry": {"type": "Polygon", "coordinates": [[[10.5598173, 55.4563654], [10.5581711, 55.4558087], [10.5583256, 55.4556447], [10.5584768, 55.455626], [10.558791, 55.4556095], [10.5600543, 55.4560034], [10.5598173, 55.4563654]]]}}, {"type": "Feature", "properties": {"seamark_type": "harbour", "name": "Ballebro Jollehavn", "osm_id": 659119595}, "geometry": {"type": "Polygon", "coordinates": [[[9.6709311, 54.9996924], [9.671164, 54.9995747], [9.67112, 54.9995566], [9.6711254, 54.9995346], [9.6712009, 54.9994713], [9.6711911, 54.9994402], [9.6711965, 54.9994327], [9.6708347, 54.9992113], [9.6708743, 54.9991908], [9.6707549, 54.9991224], [9.6707566, 54.999147], [9.6706651, 54.9991828], [9.6706419, 54.9991648], [9.6705715, 54.9991926], [9.6705832, 54.9992341], [9.6704634, 54.9992715], [9.6705257, 54.9994296], [9.6706108, 54.9995949], [9.6706876, 54.9996675], [9.6707865, 54.9996709], [9.6709072, 54.9996544], [9.6709311, 54.9996924]]]}}, {"type": "Feature", "properties": {"seamark_type": "harbour", "name": "Kragenæs Marina Lystcamp", "osm_id": 662505907}, "geometry": {"type": "Polygon", "coordinates": [[[11.3598178, 54.9157912], [11.3574383, 54.9155747], [11.3575346, 54.9152309], [11.3575386, 54.9152179], [11.357542, 54.9152067], [11.3576151, 54.9148832], [11.3576243, 54.9148431], [11.3576233, 54.914804], [11.3576228, 54.9147102], [11.3576261, 54.9146867], [11.3577012, 54.9146898], [11.3577568, 54.914575], [11.3587384, 54.9146618], [11.3588173, 54.9143758], [11.3577894, 54.9142643], [11.3578742, 54.913875], [11.3580056, 54.9134776], [11.3580671, 54.9133008], [11.358083, 54.9132348], [11.3581145, 54.9131959], [11.3581775, 54.91316], [11.3582366, 54.9131546], [11.358435, 54.9131704], [11.3596753, 54.9133115], [11.3597504, 54.9133577], [11.3597879, 54.9134009], [11.3597826, 54.9134687], [11.3595036, 54.9143722], [11.3594446, 54.9144431], [11.3593749, 54.9144801], [11.3593051, 54.9144986], [11.3592666, 54.9145483], [11.3592084, 54.9148395], [11.359112, 54.9151307], [11.3590584, 54.9151461], [11.3590905, 54.915254], [11.3592676, 54.9152602], [11.3592676, 54.9153126], [11.3593956, 54.9153166], [11.3595263, 54.9153206], [11.3596337, 54.9154669], [11.3597598, 54.9156386], [11.3598178, 54.9157912]]]}}, {"type": "Feature", "properties": {"seamark_type": "harbour", "name": "Otterup Lystbådehavn", "osm_id": 664719418}, "geometry": {"type": "Polygon", "coordinates": [[[10.4704508, 55.5271367], [10.4706654, 55.5261529], [10.471413, 55.526227], [10.4715012, 55.5262357], [10.4729761, 55.5263754], [10.4729184, 55.5265605], [10.4728615, 55.5268452], [10.4728454, 55.5269021], [10.4728346, 55.5269397], [10.4728024, 55.5269484], [10.4728112, 55.5269659], [10.4728387, 55.5269856], [10.4726382, 55.5271716], [10.4725966, 55.5271936], [10.4724973, 55.5271951], [10.4723458, 55.5271579], [10.4712582, 55.5271033], [10.4709443, 55.5271154], [10.4704508, 55.5271367]]]}}, {"type": "Feature", "properties": {"seamark_type": "harbour", "name": "Skarø Havn", "osm_id": 667729730}, "geometry": {"type": "Polygon", "coordinates": [[[10.4725315, 55.0111843], [10.4728467, 55.0111632], [10.4728919, 55.0110977], [10.472897, 55.0110854], [10.4728802, 55.0109551], [10.4728749, 55.010899], [10.4728246, 55.0106371], [10.4727501, 55.0103111], [10.4727287, 55.0102346], [10.4727213, 55.0102099], [10.4727066, 55.0101846], [10.4726878, 55.0101792], [10.4726603, 55.0101819], [10.4724015, 55.0102038], [10.4723833, 55.0102019], [10.4723679, 55.0101969], [10.4723579, 55.0101884], [10.4723471, 55.0101738], [10.4723237, 55.0101742], [10.4723009, 55.0101765], [10.4723061, 55.0102034], [10.4722873, 55.0102046], [10.4719986, 55.0102229], [10.4719688, 55.0102245], [10.4719435, 55.0102276], [10.4719441, 55.0102415], [10.4719669, 55.0103495], [10.4720541, 55.0109471], [10.4720709, 55.0109809], [10.472099, 55.0110017], [10.4724346, 55.0111593], [10.4724658, 55.0111543], [10.4724933, 55.0111549], [10.4725168, 55.0111616], [10.4725299, 55.0111703], [10.4725315, 55.0111843]]]}}, {"type": "Feature", "properties": {"seamark_type": "harbour", "name": "Kampeløkke Havn", "osm_id": 669255036}, "geometry": {"type": "Polygon", "coordinates": [[[14.7971262, 55.2812311], [14.7972925, 55.2812311], [14.7973314, 55.2812678], [14.7979765, 55.2811868], [14.7983144, 55.28118], [14.7984311, 55.2809882], [14.7983842, 55.2807224], [14.7981146, 55.2806644], [14.7967735, 55.2809042], [14.7967775, 55.2810043], [14.7966354, 55.2810287], [14.7964476, 55.2809653], [14.7963054, 55.281018], [14.7963863, 55.2811777], [14.7965012, 55.2811586], [14.7966434, 55.2811983], [14.79709, 55.2811242], [14.7971262, 55.2812311]]]}}, {"type": "Feature", "properties": {"seamark_type": "harbour", "name": "Allinge Havn", "osm_id": 669255549}, "geometry": {"type": "Polygon", "coordinates": [[[14.802266, 55.2786616], [14.8021258, 55.2785309], [14.8020749, 55.2785065], [14.8016531, 55.2787215], [14.8016223, 55.2787101], [14.8016021, 55.2786658], [14.8016987, 55.2785852], [14.8017054, 55.2785493], [14.8016437, 55.2784461], [14.8016149, 55.2784343], [14.8015753, 55.2784269], [14.8015961, 55.2783762], [14.8016223, 55.2783277], [14.8016605, 55.2783298], [14.8017138, 55.278327], [14.801757, 55.2783291], [14.8022774, 55.2778732], [14.8020025, 55.2777242], [14.8015237, 55.2780028], [14.8013145, 55.2781599], [14.8014124, 55.2783201], [14.80147, 55.2783308], [14.8014325, 55.2784089], [14.8013993, 55.2784049], [14.8013721, 55.2783881], [14.8008794, 55.2786556], [14.8010809, 55.2789948], [14.8008511, 55.2791133], [14.8008883, 55.2791416], [14.800932, 55.2791747], [14.802266, 55.2786616]]]}}, {"type": "Feature", "properties": {"seamark_type": "harbour", "name": "Aussenhafen Oldersum", "osm_id": 669363998}, "geometry": {"type": "Polygon", "coordinates": [[[7.3350969, 53.3245455], [7.3351541, 53.3229931], [7.3348926, 53.3229897], [7.3348354, 53.3245421], [7.3350969, 53.3245455]]]}}, {"type": "Feature", "properties": {"seamark_type": "harbour", "name": "Binnenhafen Oldersum", "osm_id": 669363999}, "geometry": {"type": "Polygon", "coordinates": [[[7.3339561, 53.3292039], [7.3341205, 53.3278151], [7.3341814, 53.3273008], [7.3347015, 53.32732], [7.3347473, 53.3273217], [7.3347017, 53.3280089], [7.3346132, 53.3287297], [7.3345059, 53.3290581], [7.3343906, 53.3292631], [7.3339561, 53.3292039]]]}}, {"type": "Feature", "properties": {"seamark_type": "harbour", "name": "Nordhammer Bådelaug", "osm_id": 672866702}, "geometry": {"type": "Polygon", "coordinates": [[[11.8510594, 55.7572471], [11.8512851, 55.7572182], [11.8514059, 55.7571934], [11.8513785, 55.7566117], [11.851339, 55.7563094], [11.8512829, 55.7562265], [11.8511912, 55.7561511], [11.8510844, 55.7561087], [11.850666, 55.7560469], [11.850497, 55.756094], [11.8504058, 55.756068], [11.8503763, 55.7560921], [11.8505319, 55.7561529], [11.8503867, 55.7563731], [11.8502311, 55.7563738], [11.8502566, 55.7569421], [11.8502827, 55.7569926], [11.8503505, 55.7570507], [11.8504967, 55.7571115], [11.8506918, 55.7571688], [11.8509327, 55.7572176], [11.8510594, 55.7572471]]]}}, {"type": "Feature", "properties": {"seamark_type": "harbour", "name": "Marina Minde Havn", "osm_id": 673871962}, "geometry": {"type": "Polygon", "coordinates": [[[9.6170638, 54.8980093], [9.6159432, 54.897859], [9.6156942, 54.8974239], [9.6158445, 54.8974208], [9.6160826, 54.8970667], [9.6160428, 54.897058], [9.618047, 54.8952182], [9.6181852, 54.8951984], [9.6182394, 54.8951984], [9.6197997, 54.8957923], [9.6197884, 54.8958122], [9.6206705, 54.8961524], [9.6195773, 54.8970661], [9.6195046, 54.8971277], [9.6192116, 54.8971832], [9.6190942, 54.8971778], [9.6189123, 54.8971138], [9.6188558, 54.8971664], [9.6188126, 54.8972133], [9.6189916, 54.8972769], [9.6190298, 54.8973679], [9.6191619, 54.8974172], [9.6181481, 54.8983233], [9.6181367, 54.8983658], [9.6170638, 54.8980093]]]}}, {"type": "Feature", "properties": {"seamark_type": "harbour", "name": "Anholt havn", "osm_id": 674059701}, "geometry": {"type": "Polygon", "coordinates": [[[11.5109052, 56.7159519], [11.5132239, 56.7156413], [11.5137183, 56.7155747], [11.5137541, 56.7155705], [11.513778, 56.715568], [11.5140159, 56.7155365], [11.5140279, 56.7155258], [11.5140514, 56.7155111], [11.5145215, 56.7152785], [11.5145577, 56.7152229], [11.5145838, 56.7151644], [11.5145838, 56.7150687], [11.5145543, 56.7149775], [11.5144752, 56.7147949], [11.5144484, 56.7147191], [11.5143773, 56.7146485], [11.5142727, 56.7145771], [11.5134507, 56.7143375], [11.5131301, 56.714254], [11.5127103, 56.7141487], [11.511968, 56.7139581], [11.5119278, 56.7139463], [11.5119137, 56.7139562], [11.5118171, 56.7139331], [11.5101381, 56.7153433], [11.5099349, 56.7155361], [11.5099483, 56.7155714], [11.5105699, 56.7157944], [11.5105904, 56.7157946], [11.5107731, 56.7158875], [11.5108703, 56.7158732], [11.5109052, 56.7159519]]]}}, {"type": "Feature", "properties": {"seamark_type": "harbour", "name": "Marina Neustrelitz", "osm_id": 674525926}, "geometry": {"type": "Polygon", "coordinates": [[[13.0534303, 53.3667818], [13.0537198, 53.3668526], [13.0539741, 53.3669147], [13.0541257, 53.3669607], [13.0549022, 53.3671292], [13.0550084, 53.3671515], [13.0550167, 53.3671278], [13.0552115, 53.3665719], [13.0552083, 53.3665517], [13.0551765, 53.3665494], [13.0551755, 53.3665363], [13.0538755, 53.3662616], [13.0537584, 53.3662473], [13.0536874, 53.3662539], [13.0536023, 53.3663219], [13.0534915, 53.3665341], [13.0534459, 53.366526], [13.0535115, 53.3664107], [13.0535704, 53.3662909], [13.0536176, 53.3662561], [13.0536193, 53.3661927], [13.0536159, 53.3661809], [13.0535747, 53.3661819], [13.0535576, 53.3662408], [13.0534858, 53.3662904], [13.0533883, 53.3662953], [13.0532889, 53.3663308], [13.0532471, 53.3663222], [13.0533155, 53.3661971], [13.0529585, 53.3661181], [13.050995, 53.3661264], [13.0507105, 53.3668663], [13.0520997, 53.3669849], [13.0526892, 53.3671081], [13.0527869, 53.3671997], [13.0529088, 53.3672659], [13.053001, 53.3672863], [13.0530855, 53.3671363], [13.0530491, 53.3669061], [13.0529985, 53.3668761], [13.0530129, 53.3667764], [13.0533124, 53.3667815], [13.0534045, 53.3665984], [13.0534532, 53.3666074], [13.0534091, 53.3666886], [13.0533573, 53.3667639], [13.0534303, 53.3667818]]]}}, {"type": "Feature", "properties": {"seamark_type": "harbour", "name": "Endelave Havn", "osm_id": 676727099}, "geometry": {"type": "Polygon", "coordinates": [[[10.2725407, 55.7626636], [10.2725253, 55.7628], [10.2720559, 55.7626576], [10.2720386, 55.762665], [10.2709307, 55.7625914], [10.2710964, 55.761844], [10.2712702, 55.7614609], [10.2713319, 55.7614351], [10.2722149, 55.7614937], [10.2720217, 55.7622764], [10.2721708, 55.762285], [10.2722436, 55.7619741], [10.2725939, 55.7619989], [10.272453, 55.7626558], [10.2725407, 55.7626636]]]}}, {"type": "Feature", "properties": {"seamark_type": "harbour", "name": "Fredensborg Havn", "osm_id": 684198148}, "geometry": {"type": "Polygon", "coordinates": [[[12.3787859, 55.9768496], [12.3780851, 55.9771745], [12.3780825, 55.9771818], [12.3780644, 55.9771942], [12.3780369, 55.9772079], [12.3780335, 55.9772201], [12.3780372, 55.9772296], [12.378643, 55.9778282], [12.3786905, 55.9778503], [12.3790869, 55.977897], [12.3791389, 55.9779059], [12.3791584, 55.9779018], [12.3792033, 55.9779059], [12.3794547, 55.9779318], [12.3794728, 55.9779276], [12.379506, 55.977883], [12.3796335, 55.977859], [12.3796578, 55.9778533], [12.3796648, 55.9778519], [12.3796864, 55.9778476], [12.3797019, 55.9778449], [12.3797897, 55.9778293], [12.3798123, 55.9778252], [12.379831, 55.9778219], [12.3796712, 55.9775162], [12.3796577, 55.9774964], [12.379647, 55.977481], [12.3796393, 55.9774729], [12.379637, 55.9774705], [12.3796324, 55.9774605], [12.3796264, 55.9774446], [12.3796169, 55.9774157], [12.3796044, 55.9774028], [12.3792553, 55.9771192], [12.3792375, 55.9771096], [12.3788573, 55.9768929], [12.3788305, 55.9768787], [12.3787875, 55.9768552], [12.3787859, 55.9768496]]]}}, {"type": "Feature", "properties": {"seamark_type": "harbour", "name": "Vilsund Havn", "osm_id": 690048189}, "geometry": {"type": "Polygon", "coordinates": [[[8.629168, 56.8827505], [8.6291348, 56.8826212], [8.6291056, 56.8826223], [8.6290808, 56.8826153], [8.6286959, 56.8824556], [8.6284719, 56.8824036], [8.6283593, 56.8823882], [8.6282158, 56.8825662], [8.6281246, 56.882712], [8.6279918, 56.8828769], [8.6278953, 56.8830088], [8.6279087, 56.88303], [8.6279744, 56.8830469], [8.6281903, 56.8830975], [8.6288233, 56.8832235], [8.6288609, 56.8832257], [8.6288917, 56.8832205], [8.628948, 56.8831715], [8.6291948, 56.8828029], [8.629168, 56.8827505]]]}}, {"type": "Feature", "properties": {"seamark_type": "harbour", "name": null, "osm_id": 692246115}, "geometry": {"type": "Polygon", "coordinates": [[[10.6222751, 54.1435518], [10.6228384, 54.1435066], [10.6227573, 54.1432296], [10.6221794, 54.1433395], [10.6222751, 54.1435518]]]}}, {"type": "Feature", "properties": {"seamark_type": "harbour", "name": "Ängelholms föreningshamn", "osm_id": 719455724}, "geometry": {"type": "Polygon", "coordinates": [[[12.8367303, 56.2719856], [12.8350872, 56.2720897], [12.8343392, 56.272137], [12.8313017, 56.2723618], [12.831189, 56.2719753], [12.8316651, 56.2719328], [12.8327407, 56.271839], [12.8333804, 56.2717921], [12.8374869, 56.2714741], [12.8377786, 56.271446], [12.8380569, 56.2713991], [12.8383084, 56.2712644], [12.8384155, 56.271095], [12.8385299, 56.2709167], [12.8384054, 56.2706793], [12.8383196, 56.2703295], [12.8382914, 56.2700509], [12.8382621, 56.269704], [12.8384273, 56.2687639], [12.838408, 56.2680674], [12.8383701, 56.2671381], [12.8383999, 56.2669702], [12.839579, 56.2669836], [12.8395937, 56.2669422], [12.8396574, 56.2669419], [12.8396621, 56.2668991], [12.8395837, 56.2668964], [12.8395669, 56.2668823], [12.8395756, 56.2666179], [12.8400879, 56.2662895], [12.8400933, 56.2662351], [12.8401067, 56.2661912], [12.8402341, 56.266069], [12.8404172, 56.2658314], [12.8406358, 56.266072], [12.8416228, 56.2660869], [12.8421593, 56.2660511], [12.8426313, 56.2661077], [12.8436667, 56.2661286], [12.8444338, 56.2662031], [12.8447342, 56.2663014], [12.8450507, 56.2665189], [12.8443372, 56.267496], [12.8433233, 56.2683673], [12.8429425, 56.2687426], [12.8423873, 56.2692714], [12.8417703, 56.269742], [12.8406867, 56.2705091], [12.8400519, 56.270922], [12.8395905, 56.2712206], [12.8391725, 56.2714556], [12.838659, 56.2717735], [12.8384159, 56.2718263], [12.8367303, 56.2719856]]]}}, {"type": "Feature", "properties": {"seamark_type": "harbour", "name": "Gåbense Lystbådehavn", "osm_id": 723790163}, "geometry": {"type": "Polygon", "coordinates": [[[11.8795463, 54.9434424], [11.8814761, 54.943977], [11.8821719, 54.9431482], [11.8802422, 54.9426137], [11.8795463, 54.9434424]]]}}, {"type": "Feature", "properties": {"seamark_type": "harbour", "name": "Lyndby Havn", "osm_id": 725027876}, "geometry": {"type": "Polygon", "coordinates": [[[11.9378278, 55.6684132], [11.9378826, 55.668472], [11.9379717, 55.668495], [11.9381551, 55.6685306], [11.9381742, 55.6685046], [11.9388084, 55.668462], [11.9390827, 55.6684865], [11.9394428, 55.6684769], [11.9395901, 55.6685761], [11.9396174, 55.6686684], [11.9394368, 55.6688428], [11.9390127, 55.6688702], [11.9378092, 55.6689359], [11.9375814, 55.6689475], [11.9370639, 55.6689917], [11.9370317, 55.6688458], [11.9368587, 55.6688564], [11.9368346, 55.6687701], [11.9372074, 55.6687482], [11.9372503, 55.668699], [11.9372693, 55.6684713], [11.9378278, 55.6684132]]]}}, {"type": "Feature", "properties": {"seamark_type": "harbour", "name": "Hafen Stagnieß", "osm_id": 730689540}, "geometry": {"type": "Polygon", "coordinates": [[[14.0476181, 54.0011546], [14.0476081, 54.0011035], [14.0475062, 54.0010639], [14.0472082, 54.0009804], [14.046502, 54.0007671], [14.0464535, 54.0008092], [14.045904, 54.0005859], [14.0456526, 54.0005206], [14.0454666, 54.000481], [14.0452051, 54.0004763], [14.0449087, 54.0004929], [14.0443441, 54.0003269], [14.0443671, 54.0002987], [14.0442706, 54.000283], [14.0442116, 54.0003544], [14.0435571, 54.0001259], [14.0432039, 53.9999847], [14.0430354, 53.9999378], [14.0425518, 53.9997674], [14.0410881, 53.9992675], [14.0408348, 53.9995458], [14.0413546, 53.9997165], [14.0419868, 53.9999242], [14.0429875, 54.0002216], [14.0434822, 54.0004008], [14.0441479, 54.0006077], [14.0447774, 54.0008195], [14.0446159, 54.0012514], [14.0453942, 54.0014369], [14.045409, 54.0014917], [14.0456022, 54.0015674], [14.0456933, 54.0014664], [14.0455994, 54.001423], [14.0459065, 54.0012622], [14.0467286, 54.0015397], [14.0467821, 54.0015853], [14.0469278, 54.0015495], [14.0470082, 54.0015286], [14.0471135, 54.0014841], [14.0472215, 54.001395], [14.047367, 54.0012961], [14.0476181, 54.0011546]]]}}, {"type": "Feature", "properties": {"seamark_type": "harbour", "name": "Seezeichenhafen", "osm_id": 738855717}, "geometry": {"type": "Polygon", "coordinates": [[[8.3809209, 54.6321782], [8.3840105, 54.6317803], [8.3840691, 54.6317401], [8.3842695, 54.6317248], [8.3840056, 54.6310083], [8.3836949, 54.6310973], [8.3832055, 54.6314393], [8.3807609, 54.6318065], [8.3809209, 54.6321782]]]}}, {"type": "Feature", "properties": {"seamark_type": "harbour", "name": "JSG Stadswerf", "osm_id": 755436289}, "geometry": {"type": "Polygon", "coordinates": [[[6.5959591, 53.2157991], [6.5965033, 53.2151642], [6.5955374, 53.214892], [6.5953733, 53.2151066], [6.5954002, 53.2151166], [6.5950696, 53.2154989], [6.5949725, 53.2154588], [6.5949041, 53.2155229], [6.5951908, 53.2156398], [6.5952196, 53.2156161], [6.5955365, 53.2157403], [6.5955865, 53.215685], [6.5959591, 53.2157991]]]}}, {"type": "Feature", "properties": {"seamark_type": "harbour", "name": "Marina Wapnica", "osm_id": 762816377}, "geometry": {"type": "Polygon", "coordinates": [[[14.4296376, 53.8800861], [14.4296561, 53.8800376], [14.4294993, 53.8799205], [14.4276228, 53.8796905], [14.4272722, 53.8796925], [14.4268199, 53.8797239], [14.4263331, 53.87976], [14.4263204, 53.8797057], [14.4251891, 53.8798024], [14.4237767, 53.8797859], [14.4233101, 53.8797416], [14.4234168, 53.8800183], [14.4247071, 53.8800345], [14.4248382, 53.8800291], [14.425191, 53.8800323], [14.4253416, 53.8800337], [14.4253668, 53.8800441], [14.4255077, 53.8800543], [14.4258375, 53.8800596], [14.4259677, 53.8800966], [14.4261741, 53.8801045], [14.4265649, 53.8801085], [14.4267104, 53.8800927], [14.4268306, 53.8800925], [14.4268775, 53.880072], [14.4269883, 53.8800519], [14.427252, 53.8800449], [14.4272641, 53.8800452], [14.4273051, 53.8803414], [14.4288239, 53.8802182], [14.4289222, 53.8801281], [14.4296376, 53.8800861]]]}}, {"type": "Feature", "properties": {"seamark_type": "harbour", "name": null, "osm_id": 764079565}, "geometry": {"type": "Polygon", "coordinates": [[[10.0375267, 53.4711002], [10.0383605, 53.4707989], [10.0376234, 53.4700762], [10.0367897, 53.4703775], [10.0375267, 53.4711002]]]}}, {"type": "Feature", "properties": {"seamark_type": "harbour", "name": null, "osm_id": 764079594}, "geometry": {"type": "Polygon", "coordinates": [[[9.9998438, 53.4703993], [10.0007219, 53.4706391], [10.0029488, 53.470312], [10.0030214, 53.4702495], [10.0030221, 53.4700517], [10.0031365, 53.4700363], [10.0032669, 53.4700883], [10.0033588, 53.4700389], [10.0033665, 53.4699934], [10.0041444, 53.4698323], [10.0041659, 53.4696885], [10.0041846, 53.4696508], [10.0041829, 53.4695939], [10.004222, 53.4695654], [10.0024571, 53.4697068], [10.0020005, 53.4695323], [10.0017827, 53.4695754], [10.0015388, 53.4696245], [10.001277, 53.469677], [10.0009485, 53.4697697], [10.0008837, 53.469788], [10.0006763, 53.4698424], [10.0005662, 53.4698732], [10.0002929, 53.4699067], [10.0002683, 53.4699119], [10.0001982, 53.4699194], [10.0001753, 53.4699326], [10.0001228, 53.4699629], [9.9999583, 53.4699901], [9.9998808, 53.4699813], [9.9997779, 53.4699266], [9.99964, 53.4700608], [9.9998438, 53.4703993]]]}}, {"type": "Feature", "properties": {"seamark_type": "harbour", "name": "Hausboot Hafen Hamburg", "osm_id": 764079595}, "geometry": {"type": "Polygon", "coordinates": [[[9.9954734, 53.471734], [9.9956864, 53.471742], [9.9957079, 53.4718442], [9.9959117, 53.4718506], [9.9959627, 53.4715217], [9.9962416, 53.4709246], [9.9961085, 53.4708292], [9.9964165, 53.4706685], [9.9965658, 53.4706328], [9.9966717, 53.4705983], [9.9965128, 53.470496], [9.9965656, 53.4704855], [9.9966449, 53.4704623], [9.9966462, 53.4704376], [9.9966261, 53.4703934], [9.9965807, 53.4703589], [9.9964662, 53.4703342], [9.9963453, 53.4703162], [9.9960533, 53.4703454], [9.9957474, 53.4703881], [9.9955165, 53.4703948], [9.99552, 53.4704311], [9.9954686, 53.470432], [9.9951985, 53.4704368], [9.9950051, 53.4704757], [9.9949825, 53.4705467], [9.9950565, 53.470707], [9.9952543, 53.4709388], [9.9954172, 53.4711856], [9.9952949, 53.471281], [9.9954755, 53.4713397], [9.9954734, 53.471734]]]}}, {"type": "Feature", "properties": {"seamark_type": "harbour", "name": "Angelverein Tiefwarensee 1976 e.V.", "osm_id": 765138373}, "geometry": {"type": "Polygon", "coordinates": [[[12.6867483, 53.5273293], [12.6868501, 53.5267647], [12.6867168, 53.5267565], [12.6865768, 53.5267494], [12.686502, 53.5270109], [12.6864682, 53.5271863], [12.686458, 53.5272325], [12.6863947, 53.5273181], [12.6866412, 53.5273805], [12.6867493, 53.5273909], [12.6867483, 53.5273293]]]}}, {"type": "Feature", "properties": {"seamark_type": "harbour", "name": "Marina Kamień Pomorski", "osm_id": 768723159}, "geometry": {"type": "Polygon", "coordinates": [[[14.7694694, 53.9760399], [14.7676214, 53.9754591], [14.7669122, 53.9741637], [14.7669281, 53.9741427], [14.7673351, 53.9736783], [14.7673812, 53.973613], [14.7673815, 53.9736248], [14.7673882, 53.9736371], [14.7673951, 53.9736436], [14.76742, 53.9736557], [14.767546, 53.9736913], [14.7675644, 53.9736965], [14.7675812, 53.9737012], [14.7677349, 53.9737446], [14.7677897, 53.9737601], [14.7679362, 53.9738015], [14.7679575, 53.9738075], [14.7679715, 53.9738114], [14.7681086, 53.9738501], [14.7681219, 53.9738539], [14.7682444, 53.9738882], [14.7683505, 53.9739178], [14.7684253, 53.9739388], [14.7684965, 53.973959], [14.7686292, 53.9739962], [14.7687493, 53.9740286], [14.7688305, 53.9740505], [14.7689634, 53.9740925], [14.7690441, 53.9741211], [14.7690976, 53.9741411], [14.7691574, 53.9741628], [14.7692347, 53.9741908], [14.7692879, 53.9742101], [14.769531, 53.9742928], [14.7696201, 53.9743289], [14.7697447, 53.9743743], [14.7697651, 53.9743817], [14.7700195, 53.9744752], [14.7705392, 53.9746835], [14.7705729, 53.9746997], [14.7709607, 53.9747085], [14.7710115, 53.9747097], [14.7711819, 53.9755933], [14.7698497, 53.9756918], [14.7694694, 53.9760399]]]}}, {"type": "Feature", "properties": {"seamark_type": "harbour", "name": "Port morski Wolin", "osm_id": 775053185}, "geometry": {"type": "Polygon", "coordinates": [[[14.6160832, 53.8379848], [14.6163089, 53.838087], [14.6163447, 53.8385188], [14.6162993, 53.8385454], [14.6162809, 53.8388161], [14.6162217, 53.8392059], [14.6162351, 53.8392906], [14.6162433, 53.8393816], [14.61625, 53.8394199], [14.6162638, 53.8395008], [14.6162734, 53.8395633], [14.616392, 53.8396566], [14.6164073, 53.8397236], [14.6164245, 53.8397897], [14.6164658, 53.839921], [14.616001, 53.8400032], [14.6162026, 53.8402753], [14.6164061, 53.8405485], [14.6164319, 53.8406359], [14.6164576, 53.8407239], [14.6165715, 53.8411113], [14.6165979, 53.8411226], [14.616606, 53.8411722], [14.6165965, 53.8411912], [14.6168514, 53.8417792], [14.6172044, 53.8417109], [14.6175385, 53.8422389], [14.617614, 53.8422193], [14.6184902, 53.8437072], [14.618744, 53.8436475], [14.6187999, 53.8437296], [14.618862, 53.8438105], [14.6189151, 53.8439184], [14.6190836, 53.8441505], [14.6190984, 53.8441996], [14.6191794, 53.8443145], [14.6192547, 53.8444194], [14.6192697, 53.8444313], [14.6195774, 53.8448441], [14.6195733, 53.844855], [14.6194983, 53.8448778], [14.6194997, 53.8449312], [14.6195032, 53.8449485], [14.6195012, 53.8451193], [14.6188073, 53.8452962], [14.6186397, 53.8453776], [14.6187786, 53.8455517], [14.6197223, 53.8452863], [14.6207966, 53.8434412], [14.6207615, 53.8434067], [14.6206865, 53.8432848], [14.6205647, 53.8432187], [14.6200199, 53.8427045], [14.6198015, 53.8425171], [14.61975, 53.84247], [14.6195369, 53.8422378], [14.6193331, 53.8420038], [14.6195544, 53.8419476], [14.6194851, 53.8418296], [14.6193157, 53.8413929], [14.6192724, 53.8412816], [14.6193969, 53.840159], [14.6192301, 53.8401182], [14.6194124, 53.8399809], [14.6197013, 53.8394939], [14.6200742, 53.8392039], [14.6202847, 53.8391244], [14.6203646, 53.8391259], [14.6209547, 53.8388701], [14.6213141, 53.8387144], [14.6209713, 53.8385013], [14.6210136, 53.8383497], [14.6205689, 53.8379626], [14.6205406, 53.8377108], [14.6205257, 53.8375448], [14.6204478, 53.8374549], [14.6203972, 53.8367635], [14.6206199, 53.8361772], [14.6206475, 53.83589], [14.618599, 53.8363952], [14.6167896, 53.8361919], [14.6164941, 53.8361407], [14.6164277, 53.8363242], [14.6163054, 53.8368334], [14.6163055, 53.836924], [14.6158039, 53.8369965], [14.6158797, 53.8372307], [14.6158623, 53.8372659], [14.6156462, 53.837296], [14.6156792, 53.8373713], [14.6156231, 53.8373826], [14.615641, 53.8374323], [14.6156638, 53.837486], [14.6157422, 53.8376849], [14.6157735, 53.8377648], [14.61584, 53.8379327], [14.615862, 53.8380061], [14.6160832, 53.8379848]]]}}, {"type": "Feature", "properties": {"seamark_type": "harbour", "name": "port morski Lubin", "osm_id": 775123806}, "geometry": {"type": "Polygon", "coordinates": [[[14.4232669, 53.8732999], [14.4232863, 53.8732955], [14.42348, 53.8732509], [14.4238515, 53.8738066], [14.4240124, 53.8738566], [14.4246194, 53.8736165], [14.424673, 53.8736809], [14.4250128, 53.8740757], [14.4250422, 53.8740683], [14.4251118, 53.8741735], [14.4257459, 53.8740291], [14.4259315, 53.8743262], [14.4252158, 53.8744794], [14.4247766, 53.8745741], [14.4241479, 53.8746624], [14.4241972, 53.8747319], [14.4240951, 53.8747622], [14.4239963, 53.8746938], [14.423936, 53.8746692], [14.4238156, 53.874664], [14.423751, 53.874656], [14.4236348, 53.874633], [14.4235929, 53.8746176], [14.4235682, 53.8745981], [14.4236416, 53.8744602], [14.4236496, 53.8744453], [14.4236636, 53.8744411], [14.4237194, 53.8744225], [14.4237427, 53.8744098], [14.4238319, 53.8743946], [14.4239055, 53.874341], [14.4239042, 53.8743046], [14.4238992, 53.8742952], [14.4232669, 53.8732999]]]}}, {"type": "Feature", "properties": {"seamark_type": "harbour", "name": "port morski Wapnica", "osm_id": 775126132}, "geometry": {"type": "Polygon", "coordinates": [[[14.4235331, 53.8799779], [14.42354, 53.8799931], [14.4235515, 53.8800044], [14.4236014, 53.8800004], [14.4237623, 53.8800246], [14.424008, 53.8800441], [14.424403, 53.8800315], [14.4246455, 53.8800619], [14.4247337, 53.8802126], [14.4247985, 53.8804618], [14.424873, 53.8804577], [14.4272692, 53.8803449], [14.4274816, 53.8803351], [14.4288256, 53.8802216], [14.4289225, 53.8801307], [14.4297199, 53.8800846], [14.4295048, 53.8799168], [14.4294198, 53.879851], [14.4287081, 53.8797655], [14.4276357, 53.8796351], [14.4272333, 53.8796342], [14.4268959, 53.8796581], [14.4263251, 53.8797017], [14.4251945, 53.8797991], [14.4246388, 53.8797937], [14.4235639, 53.8797809], [14.4235479, 53.8797816], [14.4233961, 53.8797705], [14.4233857, 53.8797754], [14.4233834, 53.8797852], [14.4235285, 53.8799747], [14.4235331, 53.8799779]]]}}, {"type": "Feature", "properties": {"seamark_type": "harbour", "name": "Marina Trzebież", "osm_id": 775711247}, "geometry": {"type": "Polygon", "coordinates": [[[14.5133481, 53.6619195], [14.513372, 53.6619879], [14.5136349, 53.6622525], [14.5131937, 53.6624665], [14.5136868, 53.6625976], [14.5138116, 53.6625701], [14.5141146, 53.6623835], [14.5146082, 53.662663], [14.5146701, 53.6626586], [14.5148784, 53.6625364], [14.5149409, 53.6624882], [14.5151758, 53.6624547], [14.5152168, 53.662474], [14.5156239, 53.6622441], [14.5178438, 53.6609287], [14.5177313, 53.6608613], [14.5170784, 53.6612585], [14.5162598, 53.6608145], [14.515552, 53.6613075], [14.5147849, 53.6617582], [14.5147112, 53.6617161], [14.5140674, 53.6617771], [14.5140772, 53.661692], [14.5139185, 53.6616591], [14.5139051, 53.6616693], [14.5134535, 53.6615883], [14.5133421, 53.6618716], [14.5133481, 53.6619195]]]}}, {"type": "Feature", "properties": {"seamark_type": "harbour", "name": "port morski Sierosław", "osm_id": 775785778}, "geometry": {"type": "Polygon", "coordinates": [[[14.6890445, 53.9498583], [14.6896745, 53.9489915], [14.688906, 53.9490214], [14.6881195, 53.9489286], [14.6879814, 53.9490491], [14.6878518, 53.9491611], [14.6876382, 53.9493457], [14.6881354, 53.9495995], [14.688212, 53.9496216], [14.6882333, 53.949626], [14.6882434, 53.9496203], [14.6882512, 53.949614], [14.6883794, 53.9496478], [14.6890445, 53.9498583]]]}}, {"type": "Feature", "properties": {"seamark_type": "harbour", "name": "port morski Nowe Warpno", "osm_id": 776570288}, "geometry": {"type": "Polygon", "coordinates": [[[14.2887337, 53.7256292], [14.2898461, 53.7247654], [14.2898609, 53.7247555], [14.2898132, 53.7246734], [14.2881641, 53.7249461], [14.2877771, 53.7250103], [14.2877241, 53.7249014], [14.287693, 53.7248367], [14.2875653, 53.7245771], [14.2871915, 53.724636], [14.2869882, 53.7246682], [14.2869242, 53.7245765], [14.2869145, 53.724569], [14.2869051, 53.7245556], [14.2866549, 53.724275], [14.2864576, 53.7242402], [14.2851815, 53.7244979], [14.2850913, 53.7245161], [14.2849135, 53.7245456], [14.2848867, 53.7245505], [14.2845256, 53.7246099], [14.2843193, 53.7246439], [14.2840803, 53.7246833], [14.2840084, 53.7247088], [14.283708, 53.7248127], [14.2835149, 53.7248803], [14.2834809, 53.724896], [14.2834331, 53.7250344], [14.2835906, 53.7250959], [14.2834809, 53.7251481], [14.2832046, 53.7252777], [14.283113, 53.7252054], [14.2830412, 53.725236], [14.28313, 53.7253068], [14.2830998, 53.7253596], [14.2830225, 53.7252904], [14.2829543, 53.7253144], [14.2828302, 53.7254101], [14.2827875, 53.7254422], [14.2827609, 53.725447], [14.2826277, 53.7254709], [14.282582, 53.7254897], [14.2825666, 53.7255047], [14.2825052, 53.7255696], [14.2824328, 53.7256458], [14.282395, 53.7256847], [14.2823485, 53.7256953], [14.2820746, 53.7257414], [14.2820307, 53.7257517], [14.2820263, 53.7257603], [14.281917, 53.7257783], [14.2817717, 53.7258023], [14.2816703, 53.7258197], [14.2815545, 53.7258393], [14.2814498, 53.7258563], [14.2812882, 53.7258848], [14.2811847, 53.725902], [14.2814556, 53.7262469], [14.2784228, 53.7267935], [14.2787592, 53.7275232], [14.2887337, 53.7256292]]]}}, {"type": "Feature", "properties": {"seamark_type": "harbour", "name": "Przystań żeglarska", "osm_id": 776580414}, "geometry": {"type": "Polygon", "coordinates": [[[14.7637425, 53.9712688], [14.7637532, 53.9712177], [14.7643792, 53.9711197], [14.7643607, 53.9709177], [14.7647586, 53.9708668], [14.7647122, 53.970532], [14.7642523, 53.9705453], [14.7638459, 53.9705523], [14.7638138, 53.9704495], [14.7637633, 53.9697054], [14.7636024, 53.9697051], [14.7632743, 53.9695513], [14.7629697, 53.9695505], [14.7629284, 53.9696407], [14.7629712, 53.970209], [14.7627906, 53.9702824], [14.7626682, 53.9702657], [14.7626824, 53.9707829], [14.7632362, 53.9708242], [14.7634965, 53.9712506], [14.7637425, 53.9712688]]]}}, {"type": "Feature", "properties": {"seamark_type": "harbour", "name": null, "osm_id": 797119387}, "geometry": {"type": "Polygon", "coordinates": [[[14.5473279, 53.403564], [14.5467543, 53.4036911], [14.5447998, 53.4037089], [14.5447181, 53.4030431], [14.545415, 53.4030134], [14.5459385, 53.4029382], [14.5454711, 53.4019354], [14.545993, 53.4020122], [14.5467259, 53.40208], [14.5470193, 53.4029023], [14.5471113, 53.4035244], [14.5473279, 53.403564]]]}}, {"type": "Feature", "properties": {"seamark_type": "harbour", "name": "Rendbjerg Jollehavn", "osm_id": 799817681}, "geometry": {"type": "Polygon", "coordinates": [[[9.6266476, 54.8946572], [9.626637, 54.894648], [9.6266142, 54.8946397], [9.6265877, 54.8946652], [9.6265582, 54.8946549], [9.6265813, 54.8946342], [9.6265542, 54.8946044], [9.6265313, 54.8945561], [9.6265168, 54.8945031], [9.626517, 54.8944613], [9.6265318, 54.894441], [9.6265389, 54.8944283], [9.6265527, 54.8944012], [9.6266661, 54.8943717], [9.6269021, 54.8943215], [9.6272777, 54.8942477], [9.6273174, 54.8942553], [9.6273587, 54.8942496], [9.6273838, 54.8942308], [9.6273739, 54.8941583], [9.6273591, 54.8941308], [9.6273052, 54.8940855], [9.6274446, 54.894098], [9.627457, 54.8941485], [9.6274842, 54.8942231], [9.6275101, 54.8942425], [9.6275307, 54.8942432], [9.6275553, 54.8942333], [9.6275952, 54.8942252], [9.6276339, 54.8942212], [9.627955, 54.8941928], [9.6281257, 54.894186], [9.6283048, 54.8941843], [9.6283886, 54.8941858], [9.6284652, 54.8942004], [9.6285914, 54.8942843], [9.6287177, 54.8943848], [9.6287087, 54.8944242], [9.6286616, 54.8944895], [9.6285195, 54.8945271], [9.6284528, 54.8945182], [9.6283023, 54.8944939], [9.6281623, 54.8944977], [9.6278354, 54.8945351], [9.6276035, 54.8945754], [9.627533, 54.8945867], [9.6274678, 54.8946074], [9.627361, 54.8946055], [9.6272568, 54.8946128], [9.6271213, 54.894623], [9.6269309, 54.894644], [9.6267567, 54.8946641], [9.6266907, 54.8946625], [9.6266476, 54.8946572]]]}}, {"type": "Feature", "properties": {"seamark_type": "harbour", "name": "JH Molenstreek", "osm_id": 814999568}, "geometry": {"type": "Polygon", "coordinates": [[[6.8820077, 53.103137], [6.8829784, 53.1025186], [6.8828697, 53.1024533], [6.8822967, 53.1028186], [6.8822389, 53.1028552], [6.8818952, 53.1030648], [6.8820077, 53.103137]]]}}, {"type": "Feature", "properties": {"seamark_type": "harbour", "name": "Centrum Żeglarskie", "osm_id": 815887998}, "geometry": {"type": "Polygon", "coordinates": [[[14.6310327, 53.3969005], [14.631445, 53.3977169], [14.6318387, 53.3985104], [14.6369278, 53.3979067], [14.6363248, 53.3966943], [14.6360892, 53.3951694], [14.6360115, 53.3951743], [14.6357993, 53.395184], [14.6354693, 53.3952031], [14.6349408, 53.3952336], [14.6341454, 53.3952862], [14.6331003, 53.3953585], [14.6325143, 53.3954039], [14.6324641, 53.3954092], [14.6321844, 53.3954364], [14.6325296, 53.3964237], [14.632276, 53.3964663], [14.6323075, 53.3967236], [14.6310327, 53.3969005]]]}}, {"type": "Feature", "properties": {"seamark_type": "harbour", "name": "Jachthaven Reiderhaven", "osm_id": 820398187}, "geometry": {"type": "Polygon", "coordinates": [[[7.0734749, 53.1589548], [7.0742241, 53.1586649], [7.074471, 53.1588977], [7.0744835, 53.1589095], [7.0746151, 53.1588607], [7.075022, 53.1592509], [7.0750378, 53.159266], [7.0751609, 53.1592215], [7.0752004, 53.1592547], [7.0750709, 53.1592982], [7.075261, 53.1594863], [7.0756075, 53.1596052], [7.0761064, 53.1597765], [7.0770878, 53.1607185], [7.0766866, 53.1608216], [7.0758283, 53.1602009], [7.0743316, 53.1596895], [7.0734749, 53.1589548]]]}}, {"type": "Feature", "properties": {"seamark_type": "harbour", "name": "Wassersportverein Galwik e.V.", "osm_id": 827563171}, "geometry": {"type": "Polygon", "coordinates": [[[9.4315444, 54.8031731], [9.4316769, 54.8024566], [9.4302018, 54.802396], [9.4301236, 54.8026654], [9.4297596, 54.8028549], [9.4301654, 54.8031319], [9.4302915, 54.8031658], [9.430638, 54.8032229], [9.4310031, 54.803253], [9.4311819, 54.8032648], [9.4315444, 54.8031731]]]}}, {"type": "Feature", "properties": {"seamark_type": "harbour", "name": "Stadthafen Waren", "osm_id": 837872781}, "geometry": {"type": "Polygon", "coordinates": [[[12.6877579, 53.510064], [12.6877848, 53.5100706], [12.6885559, 53.5102621], [12.6885765, 53.5103045], [12.6894999, 53.5101654], [12.6898676, 53.5102], [12.6897736, 53.5105217], [12.6897307, 53.5106995], [12.6899037, 53.5108187], [12.6901748, 53.5110043], [12.6902247, 53.5110371], [12.6905982, 53.5111231], [12.6909549, 53.5112026], [12.6900983, 53.5123622], [12.689865, 53.5123654], [12.6896613, 53.5123149], [12.6891446, 53.512197], [12.6889555, 53.512151], [12.6886108, 53.5120513], [12.6883456, 53.5119615], [12.6877907, 53.5117403], [12.6877825, 53.5117049], [12.6879999, 53.5113495], [12.6877625, 53.5113086], [12.6870251, 53.5111817], [12.6869377, 53.5106795], [12.6877185, 53.5100899], [12.6877445, 53.5100713], [12.6877579, 53.510064]]]}}, {"type": "Feature", "properties": {"seamark_type": "harbour", "name": "Strandbyen havn", "osm_id": 840977593}, "geometry": {"type": "Polygon", "coordinates": [[[10.4912132, 54.8751947], [10.4915109, 54.875058], [10.4920304, 54.8754361], [10.4921083, 54.8754558], [10.4924213, 54.8752548], [10.4925872, 54.8747022], [10.4928259, 54.8744738], [10.4925012, 54.8743624], [10.4922381, 54.874272], [10.49219, 54.8742555], [10.4919861, 54.8741937], [10.4918896, 54.8742061], [10.491278, 54.8744615], [10.4909543, 54.8746047], [10.4913517, 54.8748336], [10.4909779, 54.8750788], [10.4912132, 54.8751947]]]}}, {"type": "Feature", "properties": {"seamark_type": "anchorage", "name": null, "osm_id": 841031639}, "geometry": {"type": "Polygon", "coordinates": [[[6.9226272, 58.0737327], [6.9271228, 58.0739071], [6.9267444, 58.0766359], [6.9222488, 58.0764616], [6.9226272, 58.0737327]]]}}, {"type": "Feature", "properties": {"seamark_type": "harbour", "name": "Marina Łunowo", "osm_id": 856677986}, "geometry": {"type": "Polygon", "coordinates": [[[14.3591143, 53.8871501], [14.3594742, 53.8866276], [14.3618489, 53.8873006], [14.3615076, 53.8877587], [14.3591143, 53.8871501]]]}}, {"type": "Feature", "properties": {"seamark_type": "harbour", "name": "Port Jachtowy Marina Dąbie", "osm_id": 858066109}, "geometry": {"type": "Polygon", "coordinates": [[[14.6615235, 53.4041525], [14.6646134, 53.4063601], [14.6653078, 53.4060448], [14.6642716, 53.4052642], [14.6654497, 53.4046874], [14.6656254, 53.4045811], [14.6658071, 53.4045915], [14.6658615, 53.4045732], [14.6658694, 53.4043416], [14.6657522, 53.4045224], [14.6647948, 53.4043293], [14.6638074, 53.4029841], [14.6637549, 53.4030689], [14.6633699, 53.4032071], [14.6615235, 53.4041525]]]}}, {"type": "Feature", "properties": {"seamark_type": "harbour", "name": null, "osm_id": 858405156}, "geometry": {"type": "Polygon", "coordinates": [[[14.3842098, 53.1304387], [14.3841277, 53.130348], [14.3840754, 53.1303287], [14.3839212, 53.1299843], [14.3838327, 53.1298684], [14.3837683, 53.129866], [14.3837026, 53.1299271], [14.3836442, 53.1299246], [14.3835636, 53.1299341], [14.3834309, 53.1299357], [14.383918, 53.1311775], [14.3843356, 53.1310883], [14.3845231, 53.1310504], [14.3842098, 53.1304387]]]}}, {"type": "Feature", "properties": {"seamark_type": "harbour", "name": "Seglerverein Passee", "osm_id": 867229820}, "geometry": {"type": "Polygon", "coordinates": [[[10.3107924, 54.3512856], [10.3109379, 54.3513087], [10.3109486, 54.3512569], [10.3110261, 54.3512423], [10.3110953, 54.3511353], [10.3111763, 54.3511554], [10.3112015, 54.3512087], [10.3111658, 54.3512636], [10.3112477, 54.351287], [10.3112547, 54.3512778], [10.3111867, 54.3512585], [10.3112164, 54.3512148], [10.3112015, 54.3511249], [10.3112213, 54.3510493], [10.3112181, 54.3509961], [10.3111803, 54.3508532], [10.3109092, 54.3511183], [10.3107418, 54.3510866], [10.3107639, 54.3511736], [10.3107746, 54.3512155], [10.3107924, 54.3512856]]]}}, {"type": "Feature", "properties": {"seamark_type": "harbour", "name": "Brandstorps Båtklubb", "osm_id": 875844821}, "geometry": {"type": "Polygon", "coordinates": [[[14.2120488, 58.103498], [14.2126044, 58.1035693], [14.2127718, 58.1034518], [14.213102, 58.1033824], [14.2132039, 58.1034584], [14.2134138, 58.1034647], [14.2135264, 58.1033478], [14.2136482, 58.1030388], [14.2135816, 58.1027172], [14.2134557, 58.1026316], [14.2133053, 58.1026099], [14.2132579, 58.1026031], [14.2124136, 58.1026144], [14.2123646, 58.1027077], [14.2124526, 58.1028062], [14.2125307, 58.1030214], [14.2123731, 58.1031935], [14.2120488, 58.103498]]]}}, {"type": "Feature", "properties": {"seamark_type": "anchorage", "name": "Wischhafen - Reede", "osm_id": 881935600}, "geometry": {"type": "Polygon", "coordinates": [[[9.372517, 53.787583], [9.3833234, 53.7753906], [9.3873167, 53.7753867], [9.380783, 53.787517], [9.372517, 53.787583]]]}}, {"type": "Feature", "properties": {"seamark_type": "harbour", "name": "Domsand", "osm_id": 885927111}, "geometry": {"type": "Polygon", "coordinates": [[[14.1183068, 57.8779553], [14.1183874, 57.8779168], [14.1184047, 57.8779029], [14.1185141, 57.8778238], [14.1191342, 57.8774211], [14.118824, 57.877262], [14.1184906, 57.8773853], [14.118315, 57.8774304], [14.1182251, 57.8773177], [14.118098, 57.877047], [14.1179247, 57.8768045], [14.1182696, 57.8764879], [14.1172933, 57.8759345], [14.1168483, 57.8754515], [14.1157943, 57.8756885], [14.115247, 57.8763226], [14.1155449, 57.8768856], [14.1158011, 57.8772216], [14.1159763, 57.8774732], [14.1162795, 57.8778418], [14.1163573, 57.8779572], [14.1160171, 57.8782714], [14.1164319, 57.8783479], [14.1165891, 57.87838], [14.1168371, 57.8783414], [14.1169459, 57.8782803], [14.1169036, 57.8782353], [14.1169762, 57.8781871], [14.1169036, 57.8780938], [14.1171879, 57.8780295], [14.1176414, 57.8780102], [14.1177684, 57.8779588], [14.1176414, 57.8778591], [14.1179741, 57.8777176], [14.1181555, 57.8777626], [14.1181373, 57.8778494], [14.1183068, 57.8779553]]]}}, {"type": "Feature", "properties": {"seamark_type": "harbour", "name": "Baza rybacka \"Dąbie\"", "osm_id": 889787383}, "geometry": {"type": "Polygon", "coordinates": [[[14.6572763, 53.3992728], [14.6574036, 53.3993198], [14.6575472, 53.3993645], [14.6577246, 53.3993392], [14.6579513, 53.3994213], [14.6581884, 53.3995022], [14.6586692, 53.3996263], [14.6591751, 53.3998322], [14.6592804, 53.3998724], [14.6593563, 53.3995548], [14.6594636, 53.399329], [14.6595907, 53.3990003], [14.6595195, 53.3989563], [14.6594921, 53.3989337], [14.6596611, 53.3988417], [14.6596255, 53.3988055], [14.6595054, 53.3986795], [14.6592544, 53.3986583], [14.6588683, 53.3986243], [14.658641, 53.3986058], [14.6583395, 53.3986203], [14.6580164, 53.398655], [14.6578937, 53.3986856], [14.657572, 53.398826], [14.6573311, 53.3990614], [14.6573273, 53.3991242], [14.6572621, 53.3992143], [14.6572763, 53.3992728]]]}}, {"type": "Feature", "properties": {"seamark_type": "harbour", "name": "Zachodniopomorskie Stowarzyszenie Przyjaciół Morza", "osm_id": 889787393}, "geometry": {"type": "Polygon", "coordinates": [[[14.6700562, 53.4045566], [14.6706375, 53.4042575], [14.6709426, 53.40349], [14.6695533, 53.4029991], [14.6699089, 53.4026224], [14.6698186, 53.4025744], [14.6700226, 53.4023849], [14.669829, 53.4023128], [14.6697202, 53.4024347], [14.6697579, 53.402455], [14.6688603, 53.403205], [14.6687826, 53.403177], [14.6685728, 53.4033875], [14.668617, 53.4034108], [14.6686103, 53.4034153], [14.6685389, 53.4034637], [14.6679534, 53.4038676], [14.667999, 53.4038948], [14.6677857, 53.4040739], [14.6676637, 53.4040283], [14.6671433, 53.4043502], [14.6677017, 53.40461], [14.6679755, 53.4045414], [14.668107, 53.4044459], [14.6683186, 53.404497], [14.6685016, 53.4046164], [14.6686503, 53.4045993], [14.6687075, 53.4046743], [14.6687933, 53.4048039], [14.6689893, 53.404804], [14.6694096, 53.4046272], [14.6700562, 53.4045566]]]}}, {"type": "Feature", "properties": {"seamark_type": "harbour", "name": "Tregde gjestehavn", "osm_id": 901144164}, "geometry": {"type": "Polygon", "coordinates": [[[7.545748, 58.0094463], [7.5457775, 58.0090412], [7.5446858, 58.0090057], [7.5446722, 58.0094984], [7.5448882, 58.0094387], [7.5449855, 58.0094414], [7.5450704, 58.0094422], [7.5455827, 58.0094453], [7.545748, 58.0094463]]]}}, {"type": "Feature", "properties": {"seamark_type": "harbour", "name": "WSV Parow", "osm_id": 903364427}, "geometry": {"type": "Polygon", "coordinates": [[[13.0776279, 54.3483708], [13.0770934, 54.3484558], [13.0769359, 54.3484883], [13.0767886, 54.3485191], [13.0766853, 54.3485242], [13.0765961, 54.3485141], [13.0765274, 54.3485272], [13.0764156, 54.348583], [13.0763343, 54.3485778], [13.0761999, 54.3486042], [13.0762009, 54.3486589], [13.0750104, 54.3493233], [13.0756079, 54.3497032], [13.0760466, 54.3494603], [13.0761445, 54.3495486], [13.0761719, 54.3495271], [13.0762316, 54.3495072], [13.0762531, 54.3495236], [13.077798, 54.3489358], [13.0778829, 54.3488728], [13.0781544, 54.3486462], [13.0781778, 54.3485941], [13.0781681, 54.3485513], [13.0780349, 54.3483297], [13.0779092, 54.3483194], [13.0776279, 54.3483708]]]}}, {"type": "Feature", "properties": {"seamark_type": "harbour", "name": "Marina The Newport", "osm_id": 904425535}, "geometry": {"type": "Polygon", "coordinates": [[[10.6823249, 53.8729416], [10.6828311, 53.8732155], [10.6831026, 53.873345], [10.6833854, 53.8734739], [10.6835343, 53.8735379], [10.6838307, 53.8736623], [10.6842914, 53.8738381], [10.6849774, 53.8740755], [10.6853682, 53.8742069], [10.6853846, 53.8741892], [10.6855419, 53.87424], [10.6873396, 53.8748203], [10.6874523, 53.8748656], [10.6875854, 53.8747289], [10.6858206, 53.8741359], [10.6858923, 53.8740599], [10.6851689, 53.8738248], [10.684486, 53.87367], [10.6837551, 53.8733763], [10.683204, 53.8731446], [10.6825156, 53.8728208], [10.6823249, 53.8729416]]]}}, {"type": "Feature", "properties": {"seamark_type": "harbour", "name": "Nyord Havn", "osm_id": 911522724}, "geometry": {"type": "Polygon", "coordinates": [[[12.1939177, 55.0389018], [12.193534, 55.0388926], [12.1931773, 55.0393196], [12.1933273, 55.0396053], [12.1935646, 55.0395817], [12.1938251, 55.0395558], [12.1938395, 55.0396039], [12.1939131, 55.0396017], [12.1939006, 55.0395525], [12.1939525, 55.0395481], [12.1939177, 55.0389018]]]}}, {"type": "Feature", "properties": {"seamark_type": "harbour", "name": null, "osm_id": 911777699}, "geometry": {"type": "Polygon", "coordinates": [[[7.2034883, 53.18692], [7.2035385, 53.1869366], [7.2036442, 53.1869513], [7.2041158, 53.1868496], [7.2041837, 53.1867998], [7.2045025, 53.1864494], [7.2051401, 53.1866484], [7.2048647, 53.1870169], [7.2048081, 53.187044], [7.2038894, 53.1872316], [7.2037309, 53.1872429], [7.2037196, 53.1872644], [7.2037517, 53.1873108], [7.2037216, 53.1873266], [7.2036667, 53.1872668], [7.2035142, 53.1869961], [7.2034883, 53.18692]]]}}, {"type": "Feature", "properties": {"seamark_type": "harbour", "name": "Rungsted Havn", "osm_id": 912267193}, "geometry": {"type": "Polygon", "coordinates": [[[12.5425076, 55.8867393], [12.5440446, 55.8870125], [12.5445428, 55.887145], [12.5450864, 55.8872266], [12.5454323, 55.8872543], [12.5456622, 55.887241], [12.5462272, 55.8872131], [12.5467168, 55.8871047], [12.5471633, 55.8869661], [12.5481141, 55.8866114], [12.5483628, 55.8865204], [12.5487082, 55.8863865], [12.5488121, 55.8863455], [12.548849, 55.8863151], [12.5488604, 55.8862891], [12.5494187, 55.8863822], [12.5493335, 55.8864968], [12.549335, 55.8865094], [12.5493647, 55.8865168], [12.5493833, 55.8865122], [12.5494346, 55.8864462], [12.5494839, 55.8864322], [12.5495197, 55.8863882], [12.5496094, 55.8862461], [12.5496914, 55.886064], [12.549726, 55.8859558], [12.5497559, 55.8858059], [12.5498114, 55.8852717], [12.5498389, 55.8847637], [12.5497906, 55.8844757], [12.5497285, 55.884258], [12.549577, 55.8840021], [12.5494283, 55.8838337], [12.5492227, 55.8836675], [12.5489096, 55.8834993], [12.5488425, 55.8834698], [12.548831, 55.8834648], [12.548819, 55.8834595], [12.5486955, 55.8834052], [12.5485806, 55.8833588], [12.5485003, 55.883309], [12.5483909, 55.8831586], [12.5483223, 55.8830862], [12.5482935, 55.8830653], [12.548258, 55.8830487], [12.5479518, 55.8829638], [12.5474373, 55.8828231], [12.5469438, 55.8826958], [12.5456579, 55.8823598], [12.5456179, 55.8823255], [12.5456027, 55.8823005], [12.5454787, 55.8822876], [12.5454376, 55.8822347], [12.54503, 55.882099], [12.5448846, 55.8825288], [12.5447009, 55.8830247], [12.5444931, 55.8834489], [12.5439888, 55.8843185], [12.5437944, 55.8846291], [12.5438198, 55.8846348], [12.5437354, 55.8848691], [12.5433585, 55.8854813], [12.5433303, 55.8854964], [12.5431627, 55.8857702], [12.5431667, 55.885789], [12.5431278, 55.8858063], [12.543152, 55.8858296], [12.5429924, 55.8860831], [12.5427114, 55.886446], [12.5425813, 55.8866058], [12.5425076, 55.8867393]]]}}, {"type": "Feature", "properties": {"seamark_type": "anchorage", "name": "Neufeld Reede Ost", "osm_id": 913467080}, "geometry": {"type": "Polygon", "coordinates": [[[9.0217667, 53.8679667], [9.045933, 53.8743], [9.08021, 53.88459], [9.076833, 53.877917], [9.051, 53.8706667], [9.02545, 53.8634833], [9.0217667, 53.8679667]]]}}, {"type": "Feature", "properties": {"seamark_type": "anchorage", "name": "Neufeld Reede West", "osm_id": 913467081}, "geometry": {"type": "Polygon", "coordinates": [[[8.936107, 53.857141], [8.9654333, 53.8588], [8.99515, 53.8631833], [9.0217667, 53.8679667], [9.02545, 53.8634833], [8.999617, 53.856483], [8.968217, 53.852367], [8.935167, 53.8493], [8.936107, 53.857141]]]}}, {"type": "Feature", "properties": {"seamark_type": "harbour", "name": "Randers Motorbådsklub", "osm_id": 914489934}, "geometry": {"type": "Polygon", "coordinates": [[[10.0392213, 56.4559715], [10.0374518, 56.4554272], [10.0374027, 56.4554205], [10.0373806, 56.4554137], [10.0372952, 56.4553993], [10.0372766, 56.4553932], [10.0366417, 56.4552201], [10.0358793, 56.4553657], [10.0357814, 56.455289], [10.0358309, 56.4552825], [10.0358059, 56.4552455], [10.0358807, 56.4552319], [10.0358914, 56.4552475], [10.0366846, 56.4550982], [10.0364915, 56.4550496], [10.0367437, 56.4548025], [10.0373237, 56.4546139], [10.0375825, 56.4546991], [10.0376379, 56.4547158], [10.0376562, 56.4547057], [10.037882, 56.4547737], [10.0378076, 56.4548491], [10.0379064, 56.4548922], [10.0380211, 56.4549251], [10.0377973, 56.4551731], [10.0386542, 56.4554378], [10.0384931, 56.4556349], [10.039329, 56.4558867], [10.0393139, 56.4559039], [10.0392213, 56.4559715]]]}}, {"type": "Feature", "properties": {"seamark_type": "harbour", "name": "Kongebro Havn", "osm_id": 915765954}, "geometry": {"type": "Polygon", "coordinates": [[[9.7095028, 55.5127133], [9.7096694, 55.5127505], [9.7096727, 55.5127454], [9.7096777, 55.5127409], [9.7096832, 55.5127375], [9.7096918, 55.512734], [9.7096978, 55.5127324], [9.7097042, 55.5127312], [9.7097161, 55.5127306], [9.7097267, 55.5127315], [9.7097326, 55.5127326], [9.7097391, 55.5127345], [9.7097438, 55.5127364], [9.7097477, 55.5127384], [9.7097609, 55.5127406], [9.709824, 55.5127383], [9.7103289, 55.512495], [9.7108678, 55.5122167], [9.7108839, 55.5121849], [9.7108586, 55.5121259], [9.7105931, 55.5120143], [9.7102746, 55.5121498], [9.7099721, 55.5122687], [9.7099315, 55.5122802], [9.7095621, 55.5123815], [9.7092169, 55.5125777], [9.7092057, 55.512588], [9.7092023, 55.512602], [9.7092245, 55.512621], [9.7092935, 55.5126529], [9.7094953, 55.5126935], [9.7095028, 55.5127133]]]}}, {"type": "Feature", "properties": {"seamark_type": "harbour", "name": "Hornbæk Havn", "osm_id": 916129287}, "geometry": {"type": "Polygon", "coordinates": [[[12.4555108, 56.0926252], [12.4555857, 56.0926301], [12.4565275, 56.0926781], [12.457497, 56.0926709], [12.457851, 56.0926993], [12.4579268, 56.0929226], [12.457947, 56.0931208], [12.457947, 56.093147], [12.4579453, 56.0931581], [12.4579474, 56.0934005], [12.4579315, 56.0934938], [12.4578494, 56.0934926], [12.4578237, 56.0943978], [12.4578441, 56.0944074], [12.457886, 56.0944062], [12.4579159, 56.0943953], [12.4579388, 56.094371], [12.4579365, 56.0943572], [12.4579426, 56.0941516], [12.4579737, 56.0941386], [12.4592093, 56.0944557], [12.4594221, 56.0944993], [12.4596371, 56.095355], [12.4596267, 56.0953552], [12.4596118, 56.0953568], [12.4595686, 56.0953588], [12.4584322, 56.0954476], [12.4583987, 56.0954428], [12.4582968, 56.0954487], [12.4582548, 56.095457], [12.4582318, 56.0954751], [12.4582347, 56.0955094], [12.4582643, 56.0955287], [12.4583131, 56.0955393], [12.458351, 56.0955355], [12.4583988, 56.0955139], [12.4594657, 56.0954428], [12.4595569, 56.0954668], [12.4596199, 56.0955057], [12.4596682, 56.095558], [12.4596542, 56.0956725], [12.4595662, 56.0958412], [12.4592446, 56.0960562], [12.4591356, 56.0961138], [12.4591271, 56.0961396], [12.4591395, 56.0961563], [12.4585866, 56.0961843], [12.458589, 56.0961718], [12.4585853, 56.09616], [12.4585725, 56.0961514], [12.4585517, 56.0961413], [12.4585142, 56.0961331], [12.4584324, 56.0961125], [12.4582005, 56.096032], [12.4578, 56.0958602], [12.4580086, 56.0957436], [12.458006, 56.0957344], [12.4580598, 56.0957343], [12.4580915, 56.0957229], [12.4581045, 56.0956897], [12.4580915, 56.0956585], [12.4580336, 56.0956449], [12.4579841, 56.0956469], [12.4579571, 56.0956685], [12.4579392, 56.095691], [12.4576468, 56.0957839], [12.4573234, 56.0956206], [12.4571504, 56.0955084], [12.4570995, 56.0954665], [12.4569935, 56.0953707], [12.4568179, 56.0952114], [12.4566703, 56.0950274], [12.4565925, 56.0948411], [12.456618, 56.0947483], [12.4566958, 56.094657], [12.4568179, 56.0945553], [12.4570061, 56.0944847], [12.4579136, 56.0947222], [12.4577446, 56.094909], [12.4577823, 56.09492], [12.4579921, 56.094681], [12.4580245, 56.0946508], [12.4580419, 56.0946315], [12.4580347, 56.0946146], [12.4580105, 56.0945893], [12.4579996, 56.0945721], [12.457983, 56.0945936], [12.4579719, 56.094608], [12.4568994, 56.0943298], [12.4568103, 56.0942745], [12.4566916, 56.0934363], [12.4566118, 56.0934407], [12.4566212, 56.0935469], [12.4564683, 56.0935484], [12.455492, 56.0934774], [12.4553043, 56.0932825], [12.4555108, 56.0926252]]]}}, {"type": "Feature", "properties": {"seamark_type": "harbour", "name": "Gilleleje Havn", "osm_id": 916133338}, "geometry": {"type": "Polygon", "coordinates": [[[12.3109419, 56.1297571], [12.3114583, 56.1295907], [12.3114422, 56.129571], [12.3114375, 56.1295495], [12.3114427, 56.1295318], [12.3114557, 56.1295154], [12.3114757, 56.1295013], [12.3114987, 56.1294914], [12.3115251, 56.1294846], [12.3117501, 56.1293977], [12.3120022, 56.1292946], [12.3123536, 56.1291242], [12.3125835, 56.1289593], [12.3127878, 56.1287502], [12.312933, 56.128453], [12.3129789, 56.1283136], [12.3130154, 56.1280609], [12.3124139, 56.1281533], [12.3114151, 56.1282701], [12.3112527, 56.1282843], [12.3112368, 56.1282845], [12.3112214, 56.1282823], [12.3112077, 56.1282778], [12.3111962, 56.1282711], [12.3111886, 56.1282629], [12.3111854, 56.1282538], [12.3111868, 56.1282452], [12.3111921, 56.1282371], [12.3112011, 56.12823], [12.3112117, 56.1282251], [12.311224, 56.1282217], [12.3113266, 56.1282135], [12.3115476, 56.1281648], [12.3122031, 56.1280929], [12.3125894, 56.1280362], [12.3127181, 56.1280199], [12.3128326, 56.1279908], [12.3129177, 56.1279626], [12.3129872, 56.1279371], [12.3130886, 56.1279049], [12.313094, 56.1278972], [12.3130981, 56.127889], [12.3131023, 56.1278765], [12.313181, 56.1274293], [12.3135587, 56.1251897], [12.3133598, 56.1251723], [12.3131613, 56.1251873], [12.3124304, 56.1252949], [12.3123523, 56.1253323], [12.3122395, 56.1255039], [12.3121401, 56.1254992], [12.3120702, 56.1254959], [12.3120457, 56.1254947], [12.3116159, 56.1255142], [12.3115459, 56.1256175], [12.3114568, 56.125749], [12.3111201, 56.1265456], [12.3109971, 56.1265314], [12.310948, 56.1265257], [12.3109941, 56.1264139], [12.3108372, 56.1263955], [12.3108123, 56.1263925], [12.3106927, 56.1263782], [12.310627, 56.1263703], [12.3105542, 56.126558], [12.3104112, 56.126562], [12.31029, 56.1268785], [12.3102848, 56.1268941], [12.3102688, 56.1269421], [12.3101344, 56.1269325], [12.3101089, 56.1269], [12.3105441, 56.1258176], [12.3102496, 56.1256418], [12.3102173, 56.1256225], [12.3099453, 56.1254601], [12.30931, 56.1255801], [12.3093484, 56.1256405], [12.3093703, 56.1256534], [12.3092919, 56.1256938], [12.3092013, 56.1257447], [12.3091809, 56.1257561], [12.3089601, 56.125926], [12.3089414, 56.1259404], [12.3085854, 56.1262143], [12.3086139, 56.1262279], [12.3086916, 56.1262627], [12.3093732, 56.1263266], [12.3093065, 56.1264637], [12.3084587, 56.1263844], [12.3084452, 56.1264114], [12.3084393, 56.1264451], [12.3086975, 56.1265543], [12.3090939, 56.1271051], [12.3091881, 56.1271227], [12.3101404, 56.1270911], [12.310347, 56.1271221], [12.3104167, 56.1272074], [12.3102437, 56.127691], [12.3101096, 56.1277261], [12.3100486, 56.1276976], [12.3099579, 56.127395], [12.3089374, 56.1275595], [12.3088062, 56.1276976], [12.3085936, 56.1280508], [12.3087323, 56.1282867], [12.3089813, 56.1282158], [12.3090154, 56.128264], [12.310469, 56.1278576], [12.3105213, 56.1278741], [12.3105227, 56.1279473], [12.3104311, 56.127975], [12.3104419, 56.1279966], [12.3103564, 56.128046], [12.3099299, 56.1281701], [12.309841, 56.1282355], [12.3097807, 56.1282739], [12.3096815, 56.1283031], [12.3092647, 56.1284187], [12.3091642, 56.1284456], [12.3089803, 56.128499], [12.3089414, 56.1285326], [12.3089347, 56.1285752], [12.3090072, 56.128653], [12.3089307, 56.1286821], [12.3089813, 56.1287688], [12.3090605, 56.1287641], [12.3091707, 56.1289501], [12.3092334, 56.1289545], [12.3092837, 56.1289755], [12.3093234, 56.1289976], [12.3093542, 56.1290295], [12.3093592, 56.1290656], [12.3093288, 56.1291007], [12.3092931, 56.1291308], [12.309229, 56.129161], [12.3092365, 56.1292382], [12.3094024, 56.1294101], [12.3095108, 56.1294891], [12.3096651, 56.1295611], [12.3098261, 56.1296095], [12.3100041, 56.1296484], [12.3101979, 56.129664], [12.3104049, 56.1296809], [12.3105417, 56.1296698], [12.3107674, 56.1297272], [12.3108204, 56.1297155], [12.3108476, 56.1297141], [12.3108765, 56.1297168], [12.3109027, 56.129724], [12.3109205, 56.1297329], [12.3109339, 56.1297443], [12.3109419, 56.1297571]]]}}, {"type": "Feature", "properties": {"seamark_type": "harbour", "name": "Charterbasis MYM", "osm_id": 923201838}, "geometry": {"type": "Polygon", "coordinates": [[[12.7607362, 53.289147], [12.7616213, 53.2884708], [12.7613803, 53.2882865], [12.7601586, 53.2874554], [12.758823, 53.2883145], [12.7581166, 53.2887174], [12.7588769, 53.2890866], [12.7588295, 53.2891241], [12.7586981, 53.2892278], [12.75827, 53.2895401], [12.7593541, 53.2900329], [12.7595379, 53.2901164], [12.7600403, 53.2896973], [12.7604363, 53.2893875], [12.7605568, 53.2892924], [12.7607362, 53.289147]]]}}, {"type": "Feature", "properties": {"seamark_type": "harbour", "name": "MCS Terminal Westerbroek", "osm_id": 923762701}, "geometry": {"type": "Polygon", "coordinates": [[[6.6888547, 53.1742153], [6.6900827, 53.1756962], [6.691245, 53.1759563], [6.6923372, 53.1757], [6.690585, 53.1736011], [6.6887979, 53.1741359], [6.6888547, 53.1742153]]]}}, {"type": "Feature", "properties": {"seamark_type": "anchorage", "name": "Sondergebiet Warnow", "osm_id": 931110610}, "geometry": {"type": "Polygon", "coordinates": [[[12.0900833, 54.1266667], [12.0939167, 54.1266667], [12.0939167, 54.1180833], [12.0900833, 54.1180833], [12.0900833, 54.1266667]]]}}, {"type": "Feature", "properties": {"seamark_type": "anchorage", "name": null, "osm_id": 934276977}, "geometry": {"type": "Polygon", "coordinates": [[[10.4892833, 56.9193667], [10.4886167, 56.9350833], [10.4425, 56.94655], [10.4892833, 56.9193667]]]}}, {"type": "Feature", "properties": {"seamark_type": "anchorage", "name": null, "osm_id": 934493045}, "geometry": {"type": "Polygon", "coordinates": [[[12.6682167, 55.7662333], [12.6465833, 55.7425333], [12.6324833, 55.7425833], [12.6544, 55.7662667], [12.6682167, 55.7662333]]]}}, {"type": "Feature", "properties": {"seamark_type": "anchorage", "name": null, "osm_id": 934493046}, "geometry": {"type": "Polygon", "coordinates": [[[12.6641833, 55.7508], [12.6641, 55.7378167], [12.6552, 55.7316667], [12.6501, 55.7316667], [12.6471333, 55.7341833], [12.6641833, 55.7508]]]}}, {"type": "Feature", "properties": {"seamark_type": "anchorage", "name": null, "osm_id": 934493047}, "geometry": {"type": "Polygon", "coordinates": [[[12.7065333, 55.7658333], [12.7375333, 55.7497167], [12.7, 55.74185], [12.7065333, 55.7658333]]]}}, {"type": "Feature", "properties": {"seamark_type": "harbour", "name": "Kramnitse Havn", "osm_id": 943490048}, "geometry": {"type": "Polygon", "coordinates": [[[11.2494638, 54.7065854], [11.2498425, 54.7064353], [11.2504036, 54.7073185], [11.2513068, 54.7078047], [11.2513736, 54.7078878], [11.2512355, 54.7079806], [11.2510864, 54.7080808], [11.25064, 54.7078081], [11.2505174, 54.7078694], [11.2504298, 54.7078295], [11.2504813, 54.7077646], [11.2499742, 54.7073542], [11.2499015, 54.7072443], [11.2497381, 54.7072819], [11.2496494, 54.7071842], [11.2498221, 54.7071237], [11.2494638, 54.7065854]]]}}, {"type": "Feature", "properties": {"seamark_type": "harbour", "name": "Alster-Jugend-Segelclub e.V.", "osm_id": 943560476}, "geometry": {"type": "Polygon", "coordinates": [[[10.0020397, 53.5745012], [10.0021516, 53.57427], [10.002314, 53.5742989], [10.0025709, 53.5743404], [10.0024204, 53.5746187], [10.0021672, 53.5745579], [10.0020703, 53.5745346], [10.0020397, 53.5745012]]]}}, {"type": "Feature", "properties": {"seamark_type": "harbour", "name": "CityPort Bremerhaven", "osm_id": 960157306}, "geometry": {"type": "Polygon", "coordinates": [[[8.5858074, 53.5428735], [8.585591, 53.5430243], [8.5853796, 53.5431469], [8.5857108, 53.5433955], [8.58566, 53.5434458], [8.5856199, 53.5434646], [8.5851981, 53.543663], [8.5847792, 53.5438794], [8.5846963, 53.5439182], [8.5846269, 53.5439487], [8.5851505, 53.5443872], [8.5853274, 53.5442745], [8.5857619, 53.5440019], [8.5862098, 53.5436513], [8.5865061, 53.5433134], [8.5865833, 53.5433203], [8.5866308, 53.5433246], [8.5866221, 53.5433386], [8.5865055, 53.5435211], [8.5864029, 53.5436594], [8.5856256, 53.5442783], [8.585735, 53.5443334], [8.5865423, 53.5437087], [8.5867649, 53.5433238], [8.5868052, 53.5431787], [8.5869071, 53.542542], [8.5867983, 53.5425559], [8.5867697, 53.5428057], [8.5867344, 53.5430263], [8.5866758, 53.5430166], [8.5862128, 53.5429403], [8.5858074, 53.5428735]]]}}, {"type": "Feature", "properties": {"seamark_type": "anchorage", "name": null, "osm_id": 961408930}, "geometry": {"type": "Polygon", "coordinates": [[[9.9551717, 54.5001041], [9.9553267, 54.4999841], [9.953992, 54.4995954], [9.9536144, 54.4999135], [9.9538953, 54.5000483], [9.9542106, 54.5001139], [9.9545448, 54.5001376], [9.9548044, 54.500131], [9.955084, 54.500122], [9.9551717, 54.5001041]]]}}, {"type": "Feature", "properties": {"seamark_type": "harbour", "name": "Fährhafen", "osm_id": 961715280}, "geometry": {"type": "Polygon", "coordinates": [[[8.5769331, 54.6933799], [8.576152, 54.6932303], [8.5761113, 54.6933129], [8.5758958, 54.6932689], [8.5759022, 54.6932544], [8.5756291, 54.693185], [8.575661, 54.6931178], [8.5754685, 54.6930824], [8.5755359, 54.6929518], [8.5754867, 54.6929471], [8.5754844, 54.6928222], [8.5757263, 54.6928179], [8.5757258, 54.6927755], [8.576508, 54.6927647], [8.5764957, 54.6926218], [8.5767325, 54.6926121], [8.5767299, 54.6925691], [8.5779343, 54.692542], [8.5781368, 54.6925374], [8.5769331, 54.6933799]]]}}, {"type": "Feature", "properties": {"seamark_type": "harbour", "name": "Fischereihafen", "osm_id": 961715282}, "geometry": {"type": "Polygon", "coordinates": [[[8.5735434, 54.6934189], [8.5741153, 54.6932412], [8.5756014, 54.6936974], [8.574179, 54.6941279], [8.5735434, 54.6934189]]]}}, {"type": "Feature", "properties": {"seamark_type": "harbour", "name": "Binnenhafen", "osm_id": 961715283}, "geometry": {"type": "Polygon", "coordinates": [[[8.5727431, 54.6924505], [8.572458, 54.6918533], [8.5723726, 54.6918652], [8.5720034, 54.6919194], [8.5719363, 54.6920147], [8.5715565, 54.6920749], [8.571702, 54.6923775], [8.5725074, 54.6926247], [8.573478, 54.6929349], [8.5735408, 54.6929165], [8.5735744, 54.6928802], [8.573699, 54.6927451], [8.5727431, 54.6924505]]]}}, {"type": "Feature", "properties": {"seamark_type": "harbour", "name": "Yachthafen Klemens", "osm_id": 962849248}, "geometry": {"type": "Polygon", "coordinates": [[[11.0774322, 54.3542799], [11.0772797, 54.3537038], [11.0769775, 54.3532452], [11.0781799, 54.352425], [11.080644, 54.3518317], [11.0806959, 54.3519965], [11.0807594, 54.3521134], [11.0808108, 54.3520999], [11.0816427, 54.3530783], [11.0813654, 54.3531617], [11.0798587, 54.3535997], [11.0796365, 54.3537076], [11.0791713, 54.3539336], [11.078563, 54.3542142], [11.0785383, 54.3542412], [11.0785324, 54.3542106], [11.0774322, 54.3542799]]]}}, {"type": "Feature", "properties": {"seamark_type": "harbour", "name": "Dagebüll Hafen", "osm_id": 963464850}, "geometry": {"type": "Polygon", "coordinates": [[[8.6871794, 54.730861], [8.6875775, 54.7307792], [8.6891633, 54.7304649], [8.6893865, 54.7304205], [8.6894667, 54.730405], [8.6904503, 54.7302111], [8.6905254, 54.7301963], [8.6905475, 54.730236], [8.6906743, 54.7302125], [8.6907193, 54.7303007], [8.6910403, 54.7306411], [8.6909639, 54.730673], [8.6908894, 54.7307042], [8.6908312, 54.7307285], [8.6908727, 54.7307616], [8.6907201, 54.7308254], [8.6907304, 54.7308336], [8.6906808, 54.7308543], [8.6906705, 54.7308461], [8.6905906, 54.7308795], [8.6906009, 54.7308877], [8.6905458, 54.7309108], [8.6905354, 54.7309025], [8.6904558, 54.7309358], [8.6904661, 54.730944], [8.6904209, 54.7309629], [8.6904105, 54.7309547], [8.6903244, 54.7309907], [8.6903347, 54.7309989], [8.6902874, 54.7310187], [8.6902771, 54.7310104], [8.6901897, 54.7310469], [8.6902251, 54.7310752], [8.6902635, 54.7310591], [8.6903211, 54.731105], [8.6901057, 54.7311961], [8.6901482, 54.7312287], [8.6899281, 54.7313204], [8.6899361, 54.7313266], [8.6898816, 54.73135], [8.6898736, 54.7313438], [8.6898061, 54.7313728], [8.6898141, 54.731379], [8.6897659, 54.7313997], [8.6897579, 54.7313935], [8.6896901, 54.7314226], [8.6896981, 54.7314289], [8.689653, 54.7314482], [8.689645, 54.731442], [8.6895721, 54.7314734], [8.6895801, 54.7314796], [8.6895341, 54.7314993], [8.6895261, 54.7314931], [8.6894637, 54.7315199], [8.6894717, 54.7315261], [8.6894145, 54.7315507], [8.6894065, 54.7315445], [8.689361, 54.7315926], [8.6892092, 54.7316342], [8.6887854, 54.7316675], [8.6871794, 54.730861]]]}}, {"type": "Feature", "properties": {"seamark_type": "harbour", "name": null, "osm_id": 963567346}, "geometry": {"type": "Polygon", "coordinates": [[[11.1171448, 54.3919659], [11.1172752, 54.3922121], [11.1169434, 54.3939044], [11.1174125, 54.3941001], [11.1173389, 54.3945692], [11.1173619, 54.3946837], [11.1174387, 54.3947675], [11.1176031, 54.3948659], [11.1176915, 54.3948921], [11.1179691, 54.3949101], [11.1180281, 54.3949309], [11.11832, 54.3949505], [11.1185527, 54.3949223], [11.1185608, 54.3950599], [11.1186515, 54.3950573], [11.1186588, 54.394442], [11.1187895, 54.3943098], [11.1186481, 54.3938583], [11.1186247, 54.3934234], [11.1186482, 54.3922963], [11.1182454, 54.3923002], [11.1175643, 54.392114], [11.11733, 54.3920499], [11.1171448, 54.3919659]]]}}, {"type": "Feature", "properties": {"seamark_type": "harbour", "name": "Stedum", "osm_id": 963996193}, "geometry": {"type": "Polygon", "coordinates": [[[6.6949922, 53.3195884], [6.6947441, 53.3196516], [6.6947505, 53.3196565], [6.6950331, 53.3198725], [6.6951145, 53.3199348], [6.6951316, 53.3199593], [6.6951251, 53.3200144], [6.6950883, 53.3200536], [6.6948438, 53.3201876], [6.6948118, 53.3202088], [6.6948238, 53.3202412], [6.6948598, 53.3202655], [6.6949064, 53.3202796], [6.6949659, 53.3202706], [6.6953576, 53.3201132], [6.6954391, 53.3200821], [6.6954948, 53.3200567], [6.6955122, 53.3200351], [6.6955202, 53.3200174], [6.6955162, 53.3200018], [6.6954783, 53.3199688], [6.6953878, 53.3198917], [6.6949922, 53.3195884]]]}}, {"type": "Feature", "properties": {"seamark_type": "anchorage", "name": null, "osm_id": 965040897}, "geometry": {"type": "Polygon", "coordinates": [[[8.393721, 54.7168338], [8.3931214, 54.7152284], [8.3938953, 54.7151319], [8.3944949, 54.7167373], [8.393721, 54.7168338]]]}}, {"type": "Feature", "properties": {"seamark_type": "harbour", "name": "Jernevik Båtklubb", "osm_id": 965255941}, "geometry": {"type": "Polygon", "coordinates": [[[14.7829844, 58.4553051], [14.783065, 58.4552398], [14.7831869, 58.4552171], [14.7833034, 58.455201], [14.7834434, 58.4552119], [14.7835497, 58.4552307], [14.7836658, 58.4552611], [14.7837199, 58.455263], [14.7837496, 58.455264], [14.7837738, 58.4552567], [14.7837838, 58.455241], [14.783778, 58.4552272], [14.7837551, 58.4552115], [14.7837091, 58.4551953], [14.7836235, 58.4551628], [14.7836211, 58.4550319], [14.7836371, 58.4548865], [14.7836754, 58.4547098], [14.7837481, 58.4546964], [14.7836392, 58.4546733], [14.7835557, 58.4545483], [14.7822758, 58.4542068], [14.7823041, 58.4541108], [14.7818932, 58.4540116], [14.7816681, 58.4541208], [14.7815616, 58.4541978], [14.7814631, 58.4542908], [14.7814512, 58.4544427], [14.7814528, 58.4544524], [14.7814984, 58.4545479], [14.7818383, 58.4546413], [14.7819437, 58.4547745], [14.7829844, 58.4553051]]]}}, {"type": "Feature", "properties": {"seamark_type": "harbour", "name": null, "osm_id": 965652336}, "geometry": {"type": "Polygon", "coordinates": [[[14.7348279, 53.9517223], [14.7348043, 53.9518991], [14.7350064, 53.9519084], [14.7350285, 53.9517427], [14.7349763, 53.9517403], [14.7349659, 53.9518181], [14.7348628, 53.9518133], [14.7348746, 53.9517245], [14.7348279, 53.9517223]]]}}, {"type": "Feature", "properties": {"seamark_type": "harbour", "name": "Hafengemeinschaft 2", "osm_id": 969126671}, "geometry": {"type": "Polygon", "coordinates": [[[12.8720518, 53.7939652], [12.8717342, 53.7936189], [12.8714415, 53.7937114], [12.8717329, 53.7940377], [12.8717712, 53.7940493], [12.8720518, 53.7939652]]]}}, {"type": "Feature", "properties": {"seamark_type": "harbour", "name": "Christian Sørens Havn", "osm_id": 975592132}, "geometry": {"type": "Polygon", "coordinates": [[[11.6542202, 55.1818117], [11.6550297, 55.1817332], [11.6556613, 55.1817194], [11.655772, 55.1815674], [11.6557811, 55.1815406], [11.6564955, 55.1814621], [11.6558464, 55.180789], [11.6554333, 55.1808993], [11.6553582, 55.1809115], [11.6552603, 55.1809506], [11.6549841, 55.1810317], [11.6539903, 55.1810532], [11.6542202, 55.1818117]]]}}, {"type": "Feature", "properties": {"seamark_type": "harbour", "name": "Segelverein Harlebucht", "osm_id": 977804173}, "geometry": {"type": "Polygon", "coordinates": [[[7.570438, 53.6784905], [7.5713893, 53.6786864], [7.571573, 53.6784059], [7.5717608, 53.6782729], [7.5718506, 53.6780698], [7.5719159, 53.6778014], [7.5718832, 53.677649], [7.5718832, 53.6775934], [7.5718302, 53.6775233], [7.5716628, 53.6774145], [7.5703319, 53.6772259], [7.570238, 53.6774217], [7.570385, 53.6774773], [7.5703156, 53.6777119], [7.5705034, 53.677857], [7.5704462, 53.6780553], [7.5705197, 53.6781858], [7.570438, 53.6784905]]]}}, {"type": "Feature", "properties": {"seamark_type": "harbour", "name": null, "osm_id": 978391164}, "geometry": {"type": "Polygon", "coordinates": [[[9.5265631, 55.1059019], [9.526681, 55.1052973], [9.5252368, 55.1053388], [9.5251787, 55.1054602], [9.5248246, 55.1054548], [9.5248917, 55.1058848], [9.5265631, 55.1059019]]]}}, {"type": "Feature", "properties": {"seamark_type": "harbour", "name": "Ry Marina", "osm_id": 986346450}, "geometry": {"type": "Polygon", "coordinates": [[[9.7506706, 56.0955892], [9.7505982, 56.0954501], [9.7505929, 56.0954418], [9.7504809, 56.0954546], [9.7504178, 56.0954555], [9.7503613, 56.0954597], [9.7503271, 56.0954632], [9.7503029, 56.0954661], [9.7502787, 56.0954688], [9.7502754, 56.0954598], [9.7500805, 56.0954806], [9.7500444, 56.0954847], [9.7499315, 56.095496], [9.7499147, 56.0954913], [9.7498828, 56.095407], [9.749862, 56.0953529], [9.7500561, 56.0951379], [9.750261, 56.0949949], [9.7502185, 56.0948722], [9.7504445, 56.094715], [9.7505599, 56.0946353], [9.7507818, 56.0944768], [9.7510107, 56.0944551], [9.7512632, 56.094285], [9.7512765, 56.0942913], [9.7516369, 56.0943607], [9.7518683, 56.0942058], [9.7518839, 56.0942124], [9.7521982, 56.0943657], [9.7521553, 56.0944738], [9.7521409, 56.0944923], [9.7519694, 56.0947539], [9.7519543, 56.0947748], [9.7518173, 56.0949668], [9.7518897, 56.0950102], [9.751934, 56.0951236], [9.7520985, 56.0952863], [9.7517757, 56.0953723], [9.7515505, 56.0954471], [9.7510301, 56.0955429], [9.7506706, 56.0955892]]]}}, {"type": "Feature", "properties": {"seamark_type": "harbour", "name": null, "osm_id": 987415239}, "geometry": {"type": "Polygon", "coordinates": [[[12.8481297, 56.65852], [12.8496909, 56.658031], [12.8513227, 56.6594482], [12.8513014, 56.6594749], [12.8513402, 56.659725], [12.851188, 56.6598623], [12.8510523, 56.6599603], [12.8510106, 56.6599945], [12.8508071, 56.660145], [12.8507794, 56.6601612], [12.8507513, 56.6601785], [12.8507011, 56.6602261], [12.8506399, 56.660268], [12.8505717, 56.6602938], [12.8505353, 56.6603001], [12.8505052, 56.6603057], [12.8501965, 56.6603381], [12.8500772, 56.6603226], [12.8494281, 56.6596821], [12.8489854, 56.6592832], [12.8488231, 56.6591108], [12.8487797, 56.6590676], [12.8487327, 56.659048], [12.8483707, 56.6587367], [12.8482316, 56.6586147], [12.8481297, 56.65852]]]}}, {"type": "Feature", "properties": {"seamark_type": "harbour", "name": null, "osm_id": 987415240}, "geometry": {"type": "Polygon", "coordinates": [[[12.8581843, 56.670432], [12.8582807, 56.6704199], [12.8579789, 56.6695482], [12.8578448, 56.668686], [12.8577276, 56.6686874], [12.8577971, 56.669117], [12.8578654, 56.6695377], [12.8579671, 56.6697992], [12.8581843, 56.670432]]]}}, {"type": "Feature", "properties": {"seamark_type": "harbour", "name": "Gästhamn", "osm_id": 987415241}, "geometry": {"type": "Polygon", "coordinates": [[[12.8600228, 56.6720281], [12.8599289, 56.6720347], [12.8597935, 56.6715901], [12.8592946, 56.6694914], [12.8592034, 56.6692976], [12.8583732, 56.6647249], [12.8585491, 56.6647239], [12.8586089, 56.6651106], [12.8588051, 56.6661207], [12.858844, 56.6663245], [12.8590639, 56.6675025], [12.8591261, 56.6677793], [12.8593774, 56.6690117], [12.8594596, 56.6694236], [12.8594699, 56.6694753], [12.8595228, 56.6697406], [12.8595561, 56.6699277], [12.8597546, 56.6708164], [12.859882, 56.6714029], [12.8600228, 56.6720281]]]}}, {"type": "Feature", "properties": {"seamark_type": "anchorage", "name": "Nordreede", "osm_id": 991335687}, "geometry": {"type": "Polygon", "coordinates": [[[7.8858929, 54.1963048], [7.8787315, 54.1943009], [7.861733, 54.203467], [7.8664724, 54.2070815], [7.8858929, 54.1963048]]]}}, {"type": "Feature", "properties": {"seamark_type": "anchorage", "name": "Südreede", "osm_id": 991335688}, "geometry": {"type": "Polygon", "coordinates": [[[7.9006184, 54.1847591], [7.9027713, 54.1826773], [7.907067, 54.17485], [7.907267, 54.169417], [7.8997815, 54.171937], [7.9003233, 54.1727628], [7.901233, 54.17485], [7.8957152, 54.1776044], [7.8916758, 54.1810391], [7.8913476, 54.181359], [7.8908517, 54.1833289], [7.9006184, 54.1847591]]]}}, {"type": "Feature", "properties": {"seamark_type": "anchorage", "name": "Elbe Approach Reede", "osm_id": 991881631}, "geometry": {"type": "Polygon", "coordinates": [[[7.7265643, 54.0934295], [7.833166, 54.0600428], [7.7265643, 54.0599925], [7.7265643, 54.0934295]]]}}, {"type": "Feature", "properties": {"seamark_type": "anchorage", "name": "Außenelbe Reede", "osm_id": 991881633}, "geometry": {"type": "Polygon", "coordinates": [[[8.165411, 54.057639], [8.2249142, 54.0264716], [8.115411, 54.029971], [8.11541, 54.057638], [8.165411, 54.057639]]]}}, {"type": "Feature", "properties": {"seamark_type": "harbour", "name": null, "osm_id": 1009142088}, "geometry": {"type": "Polygon", "coordinates": [[[14.5429498, 53.3933375], [14.5428192, 53.3933624], [14.5425394, 53.3934158], [14.542421, 53.3934384], [14.541996, 53.3935194], [14.5417437, 53.3935675], [14.5413948, 53.3936341], [14.5409303, 53.3937226], [14.5406491, 53.3937763], [14.540072, 53.3938863], [14.5397565, 53.3939465], [14.5396543, 53.3939126], [14.5396507, 53.3938568], [14.539511, 53.3937169], [14.5404435, 53.3935319], [14.5406955, 53.3934609], [14.5408638, 53.393295], [14.5394343, 53.3913107], [14.5398612, 53.3911472], [14.5409708, 53.3911151], [14.5415906, 53.3913391], [14.5419641, 53.3913378], [14.542265, 53.3919301], [14.5429498, 53.3933375]]]}}, {"type": "Feature", "properties": {"seamark_type": "harbour", "name": "Przystań Wędkarska \"Sumik\"", "osm_id": 1022332244}, "geometry": {"type": "Polygon", "coordinates": [[[14.5548794, 53.3447436], [14.5553043, 53.3446682], [14.5561942, 53.3444012], [14.5565047, 53.3442998], [14.556474, 53.3442805], [14.5562518, 53.3441486], [14.5554837, 53.3443532], [14.5551545, 53.3444417], [14.5551031, 53.3443694], [14.554911, 53.3444222], [14.5547351, 53.344462], [14.5548794, 53.3447436]]]}}, {"type": "Feature", "properties": {"seamark_type": "harbour", "name": "Remmerstrand Jollehavn", "osm_id": 1025798932}, "geometry": {"type": "Polygon", "coordinates": [[[8.4966306, 56.5485327], [8.4951816, 56.5480914], [8.4951554, 56.5480049], [8.4947665, 56.5478711], [8.4953633, 56.5476256], [8.4955014, 56.5475827], [8.4952359, 56.5473565], [8.4965904, 56.546774], [8.4969807, 56.5469987], [8.4973039, 56.5472796], [8.4974527, 56.5474977], [8.4966306, 56.5485327]]]}}, {"type": "Feature", "properties": {"seamark_type": "harbour", "name": "Langør Havn", "osm_id": 1034860591}, "geometry": {"type": "Polygon", "coordinates": [[[10.6435895, 55.9106784], [10.6426147, 55.9104569], [10.6414243, 55.909752], [10.6412471, 55.9098465], [10.6412015, 55.9098472], [10.6411254, 55.9098983], [10.6405467, 55.9101908], [10.6405385, 55.9102649], [10.6406525, 55.9104333], [10.6406814, 55.9104614], [10.6411111, 55.9110238], [10.6410988, 55.9110266], [10.6414719, 55.9115418], [10.6415021, 55.9115537], [10.6415703, 55.9115457], [10.6417058, 55.9115153], [10.6418513, 55.9114702], [10.6420801, 55.9113974], [10.6421873, 55.9113549], [10.6421708, 55.9112536], [10.6421544, 55.9112523], [10.642102, 55.9111307], [10.6420686, 55.9110187], [10.641987, 55.910759], [10.6419986, 55.9107432], [10.6424733, 55.9107127], [10.642476, 55.9107257], [10.6424892, 55.9107906], [10.6428349, 55.9107722], [10.6428489, 55.9108756], [10.6428524, 55.9108964], [10.6428718, 55.9110362], [10.6429953, 55.9110483], [10.6431207, 55.9110536], [10.6432219, 55.9110447], [10.6433389, 55.9110232], [10.6434568, 55.9109937], [10.6434662, 55.9109913], [10.643485, 55.9109866], [10.6435501, 55.9109673], [10.6435746, 55.9109575], [10.6435886, 55.9109346], [10.6435743, 55.9108174], [10.643557, 55.9107382], [10.6435529, 55.9107023], [10.64356, 55.910688], [10.6435895, 55.9106784]]]}}, {"type": "Feature", "properties": {"seamark_type": "harbour", "name": "Norsminde Havn", "osm_id": 1034860592}, "geometry": {"type": "Polygon", "coordinates": [[[10.2612398, 56.0223188], [10.2612036, 56.0224736], [10.2611862, 56.0225329], [10.2611096, 56.0225318], [10.2611157, 56.0225911], [10.2611631, 56.0226198], [10.2614309, 56.022693], [10.2615276, 56.0227536], [10.2615606, 56.0228191], [10.2615999, 56.0228151], [10.2616109, 56.0228489], [10.2616373, 56.0228678], [10.2615883, 56.0229098], [10.2616483, 56.02296], [10.2617713, 56.0229193], [10.2618446, 56.0229887], [10.2618144, 56.023017], [10.2619619, 56.0231084], [10.2619055, 56.0233409], [10.2619633, 56.0234075], [10.2620202, 56.0234402], [10.2620176, 56.0234756], [10.2620157, 56.0236006], [10.2620283, 56.0237478], [10.2621013, 56.0239894], [10.26228, 56.0241685], [10.2623817, 56.0242474], [10.2625203, 56.0243152], [10.2626875, 56.0243493], [10.2628487, 56.0243602], [10.2629929, 56.0243552], [10.2631247, 56.0243298], [10.2632621, 56.0242758], [10.2633753, 56.0242111], [10.2634131, 56.024147], [10.2634318, 56.0240798], [10.263429, 56.0239987], [10.2632909, 56.0238172], [10.2631261, 56.0236966], [10.2631542, 56.0236861], [10.2637738, 56.0237715], [10.2640769, 56.0238055], [10.2643988, 56.0238105], [10.2652785, 56.0237865], [10.2663976, 56.0239207], [10.266743, 56.0239913], [10.2671411, 56.0241126], [10.2673232, 56.0239341], [10.2671689, 56.0238644], [10.2669919, 56.0237369], [10.2667921, 56.023659], [10.266548, 56.0235893], [10.2664286, 56.0234919], [10.2662892, 56.0234401], [10.2659485, 56.0233592], [10.265636, 56.0232565], [10.2654094, 56.0232258], [10.2648688, 56.023194], [10.2647367, 56.0231884], [10.2646054, 56.0231708], [10.2644784, 56.0231304], [10.2643462, 56.0231144], [10.2638175, 56.0230705], [10.2637116, 56.023047], [10.2635686, 56.0231045], [10.2635316, 56.0231033], [10.2635509, 56.0230068], [10.2634745, 56.0229998], [10.263442, 56.0230944], [10.2634315, 56.0230913], [10.2634194, 56.0231116], [10.2633, 56.0230846], [10.2632995, 56.0230572], [10.2631582, 56.0230275], [10.2625467, 56.0228848], [10.2619083, 56.0225761], [10.2618654, 56.0224989], [10.2612714, 56.0221491], [10.2612398, 56.0223188]]]}}, {"type": "Feature", "properties": {"seamark_type": "harbour", "name": "Bønnerup Havn", "osm_id": 1034860593}, "geometry": {"type": "Polygon", "coordinates": [[[10.71228, 56.5346467], [10.7123495, 56.5349048], [10.7124524, 56.534908], [10.7125882, 56.5349258], [10.7127089, 56.5349517], [10.7128204, 56.5349866], [10.7130251, 56.5350823], [10.7137199, 56.534672], [10.7144456, 56.5342701], [10.7144812, 56.5339992], [10.7145113, 56.5332291], [10.7144564, 56.5331647], [10.7144006, 56.5331424], [10.7143091, 56.533133], [10.714168, 56.5331544], [10.7140936, 56.533157], [10.7140488, 56.5331558], [10.7138818, 56.5331327], [10.7128253, 56.5331287], [10.7127907, 56.5345153], [10.71228, 56.5346467]]]}}, {"type": "Feature", "properties": {"seamark_type": "harbour", "name": "Knebelbro Jolle- og Bådehavn", "osm_id": 1034860594}, "geometry": {"type": "Polygon", "coordinates": [[[10.4726404, 56.2043005], [10.4725969, 56.2043066], [10.4725542, 56.2043042], [10.4725214, 56.2042861], [10.4725106, 56.2042645], [10.472574, 56.2041015], [10.4725759, 56.2040695], [10.472571, 56.2040571], [10.4725624, 56.2040452], [10.4725067, 56.2040266], [10.4722666, 56.2039503], [10.4721962, 56.203927], [10.4717264, 56.203771], [10.4717164, 56.2037809], [10.4711594, 56.2043312], [10.471222, 56.204354], [10.4712209, 56.2043603], [10.4712044, 56.204374], [10.4711816, 56.2043929], [10.4711883, 56.2044175], [10.4712009, 56.2044364], [10.4721589, 56.2047733], [10.4721854, 56.2047715], [10.4722287, 56.2047321], [10.4722476, 56.2047144], [10.4723062, 56.2046617], [10.4724341, 56.2045377], [10.4724621, 56.2045377], [10.4724929, 56.2045432], [10.4726404, 56.2043005]]]}}, {"type": "Feature", "properties": {"seamark_type": "harbour", "name": "Skødshoved Bro og Jollehavn", "osm_id": 1034860595}, "geometry": {"type": "Polygon", "coordinates": [[[10.3728999, 56.1811526], [10.3730046, 56.1812139], [10.3730595, 56.1812168], [10.3730971, 56.1812512], [10.3735557, 56.1814811], [10.3736456, 56.1815132], [10.3737355, 56.1815251], [10.3748311, 56.1815348], [10.3749272, 56.1815088], [10.3749344, 56.1814736], [10.3748795, 56.1814738], [10.37488, 56.1814566], [10.374882, 56.1814408], [10.3748855, 56.1814123], [10.3749092, 56.1812223], [10.3749125, 56.1811953], [10.3749433, 56.1809478], [10.3749134, 56.1809464], [10.3748904, 56.1809453], [10.3744666, 56.1809396], [10.3744402, 56.1809384], [10.3738577, 56.1809292], [10.3738343, 56.1809288], [10.3734136, 56.1809213], [10.3728999, 56.1811526]]]}}, {"type": "Feature", "properties": {"seamark_type": "harbour", "name": "Kongsgårde Bro", "osm_id": 1034860596}, "geometry": {"type": "Polygon", "coordinates": [[[10.5141688, 56.1458331], [10.5140372, 56.1457402], [10.5142921, 56.1453852], [10.5144533, 56.1454244], [10.5141688, 56.1458331]]]}}, {"type": "Feature", "properties": {"seamark_type": "harbour", "name": "Nykøbing Sjælland Lystbådehavn", "osm_id": 1035013990}, "geometry": {"type": "Polygon", "coordinates": [[[11.6748295, 55.9132713], [11.6737515, 55.9131987], [11.673717, 55.9130503], [11.6709829, 55.9125102], [11.6709212, 55.9125068], [11.6708366, 55.9125021], [11.6707075, 55.9124801], [11.6701582, 55.9123762], [11.6693656, 55.9122627], [11.6691979, 55.9122559], [11.6691349, 55.9122852], [11.6688305, 55.9129346], [11.6687505, 55.9131862], [11.6687474, 55.9131958], [11.6687081, 55.913326], [11.6687067, 55.9134184], [11.6687696, 55.913527], [11.6688509, 55.9136024], [11.6691022, 55.9136591], [11.6696844, 55.9137683], [11.6701173, 55.9138538], [11.6706322, 55.9139528], [11.6713827, 55.914098], [11.6721455, 55.914247], [11.6722897, 55.9142831], [11.6723041, 55.9142953], [11.6723125, 55.9143143], [11.6722955, 55.9143767], [11.6722228, 55.9144659], [11.6722262, 55.9144867], [11.6722541, 55.9145169], [11.6722791, 55.9145292], [11.6727262, 55.9146418], [11.6728419, 55.9146728], [11.6729182, 55.9146909], [11.6732037, 55.9147354], [11.6732556, 55.9147346], [11.6732952, 55.9147279], [11.6733436, 55.9146989], [11.6734619, 55.9146426], [11.673779, 55.9143197], [11.673749, 55.9143116], [11.6737369, 55.9143084], [11.6738428, 55.9141986], [11.673911, 55.9142193], [11.6740951, 55.9140278], [11.6740704, 55.9140195], [11.6745369, 55.9135467], [11.6745557, 55.913551], [11.6748295, 55.9132713]]]}}, {"type": "Feature", "properties": {"seamark_type": "harbour", "name": "Nykøbing Sjælland Lystbådehavn", "osm_id": 1035013991}, "geometry": {"type": "Polygon", "coordinates": [[[11.6771989, 55.914307], [11.6769488, 55.9143006], [11.6767221, 55.9143531], [11.6766807, 55.9143907], [11.6762074, 55.9144265], [11.6758079, 55.9148814], [11.6759402, 55.9149207], [11.6759713, 55.9149286], [11.6762685, 55.915011], [11.6762774, 55.9150227], [11.676263, 55.9150268], [11.6762427, 55.9150414], [11.676254, 55.915056], [11.6761653, 55.915166], [11.6760665, 55.915286], [11.6759999, 55.9153642], [11.6759624, 55.9153713], [11.6755742, 55.9152618], [11.6755423, 55.9152987], [11.6761054, 55.9154534], [11.6759937, 55.9155921], [11.6754214, 55.9154359], [11.6753737, 55.9154925], [11.6759353, 55.9156451], [11.6758184, 55.9157829], [11.675247, 55.9156278], [11.6752002, 55.9156856], [11.6757616, 55.9158388], [11.6756457, 55.9159749], [11.6750771, 55.915821], [11.675025, 55.9158783], [11.6757125, 55.91607], [11.6756023, 55.9162106], [11.6749073, 55.916014], [11.6748547, 55.9160722], [11.6755406, 55.9162619], [11.675431, 55.9164031], [11.6747286, 55.9162117], [11.674684, 55.9162624], [11.675372, 55.9164544], [11.6752538, 55.9165975], [11.6752833, 55.9166018], [11.6753738, 55.9166175], [11.6754066, 55.916625], [11.6757941, 55.9165116], [11.6762835, 55.9159513], [11.6764015, 55.9157799], [11.6764458, 55.9157506], [11.6770117, 55.9155777], [11.6770519, 55.9155484], [11.6775387, 55.9150689], [11.6775495, 55.9149998], [11.677425, 55.9147133], [11.6771989, 55.914307]]]}}, {"type": "Feature", "properties": {"seamark_type": "harbour", "name": "Borgmesterbroen", "osm_id": 1036638267}, "geometry": {"type": "Polygon", "coordinates": [[[9.554586, 56.1653822], [9.5546618, 56.165171], [9.5547495, 56.165101], [9.5549907, 56.1651194], [9.5548624, 56.1654101], [9.554586, 56.1653822]]]}}, {"type": "Feature", "properties": {"seamark_type": "harbour", "name": "Silkeborg Motorbaadklub", "osm_id": 1036638268}, "geometry": {"type": "Polygon", "coordinates": [[[9.5609472, 56.1612895], [9.5609347, 56.1612709], [9.5607398, 56.1612563], [9.5607498, 56.1611912], [9.5607595, 56.1611104], [9.5607905, 56.1610169], [9.5608235, 56.1609433], [9.5608657, 56.1608766], [9.5609224, 56.1608119], [9.5610453, 56.1607145], [9.5611432, 56.1606532], [9.5614006, 56.1605389], [9.5615109, 56.1606142], [9.5615395, 56.1606071], [9.5616821, 56.1605713], [9.5618257, 56.1603412], [9.5617906, 56.1603148], [9.5618029, 56.160302], [9.5617821, 56.1602954], [9.5618044, 56.1602734], [9.5618324, 56.1602814], [9.5621663, 56.1600009], [9.5621389, 56.1599918], [9.5621429, 56.159989], [9.5621557, 56.15998], [9.5621697, 56.15997], [9.5621714, 56.1599687], [9.5621957, 56.1599777], [9.5623435, 56.1598541], [9.5625133, 56.1597157], [9.5625382, 56.1596908], [9.5625374, 56.1596686], [9.562387, 56.1596133], [9.5623613, 56.1595969], [9.5623102, 56.1595596], [9.5622859, 56.1595289], [9.5622584, 56.1594877], [9.56221, 56.1594034], [9.562199, 56.1593841], [9.5621387, 56.1592788], [9.5621129, 56.159237], [9.5620652, 56.1591314], [9.5620597, 56.159065], [9.5620909, 56.1589432], [9.5621182, 56.1588578], [9.5621432, 56.1588262], [9.562177, 56.158795], [9.5622885, 56.1587139], [9.5624555, 56.1586039], [9.5626083, 56.1585183], [9.562753, 56.1584498], [9.5628319, 56.1584268], [9.5629288, 56.1584146], [9.5630841, 56.1584192], [9.5631437, 56.1584222], [9.5632726, 56.1584425], [9.5634841, 56.1584808], [9.5637876, 56.1585583], [9.5640451, 56.1586197], [9.5640934, 56.1586307], [9.5642293, 56.1586522], [9.5641241, 56.1587465], [9.5642411, 56.1587985], [9.5638133, 56.1590829], [9.5635483, 56.1591732], [9.5634203, 56.1593273], [9.5633648, 56.1593705], [9.5628767, 56.1596427], [9.5626881, 56.1597064], [9.5623611, 56.1599985], [9.561959, 56.1603149], [9.5618735, 56.1605365], [9.5617898, 56.1608118], [9.5616415, 56.1609924], [9.5613753, 56.161205], [9.5611818, 56.1613297], [9.560906, 56.1614896], [9.5607772, 56.1615876], [9.5606806, 56.1616558], [9.5605334, 56.1617093], [9.5603932, 56.1618106], [9.5603152, 56.1617419], [9.5605121, 56.1616374], [9.5606953, 56.1615493], [9.5607669, 56.1614527], [9.5609707, 56.1613524], [9.5609793, 56.1613372], [9.5609472, 56.1612895]]]}}, {"type": "Feature", "properties": {"seamark_type": "harbour", "name": "Silkeborg Sejlklub", "osm_id": 1036638269}, "geometry": {"type": "Polygon", "coordinates": [[[9.5741439, 56.1483902], [9.5749434, 56.1481849], [9.57534, 56.148572], [9.5764533, 56.1481105], [9.5767166, 56.1482646], [9.5768273, 56.1483182], [9.5768612, 56.1483768], [9.5768481, 56.1483934], [9.5769556, 56.1484282], [9.5768922, 56.1484711], [9.5766607, 56.1485653], [9.5766524, 56.148569], [9.576638, 56.1485753], [9.5764476, 56.1486597], [9.5757406, 56.1489686], [9.575727, 56.1489745], [9.5756968, 56.1489877], [9.5756325, 56.1490062], [9.5754888, 56.1490444], [9.575478, 56.149052], [9.575468, 56.1490591], [9.5754321, 56.1490739], [9.5753293, 56.1490876], [9.5752162, 56.1490875], [9.5751215, 56.1490775], [9.5750296, 56.1490667], [9.5749171, 56.1490458], [9.5749084, 56.149044], [9.5748973, 56.1490417], [9.5748342, 56.1490119], [9.574683, 56.1489312], [9.5745613, 56.1488121], [9.5743415, 56.1485383], [9.5741439, 56.1483902]]]}}, {"type": "Feature", "properties": {"seamark_type": "harbour", "name": "Randers Lystbådehavn", "osm_id": 1036638270}, "geometry": {"type": "Polygon", "coordinates": [[[10.0510371, 56.4613525], [10.0541954, 56.4621059], [10.0550021, 56.4621848], [10.0550018, 56.4622167], [10.054983, 56.4622804], [10.0542411, 56.4627358], [10.0541003, 56.4626991], [10.0540456, 56.4628457], [10.0542775, 56.4629224], [10.0538879, 56.4632707], [10.0535776, 56.4631623], [10.0539692, 56.4628216], [10.0540061, 56.4626777], [10.0529726, 56.4624238], [10.0529324, 56.462414], [10.05113, 56.4619714], [10.0505576, 56.4618523], [10.0506341, 56.4612383], [10.0510371, 56.4613525]]]}}, {"type": "Feature", "properties": {"seamark_type": "harbour", "name": "Stinesminde Havn", "osm_id": 1036638895}, "geometry": {"type": "Polygon", "coordinates": [[[9.9708157, 56.6711845], [9.9705806, 56.671282], [9.9704723, 56.6713273], [9.9704221, 56.6713523], [9.9701493, 56.6714163], [9.9701199, 56.6714105], [9.9701005, 56.6714395], [9.9700726, 56.6714356], [9.9700489, 56.6714277], [9.9700268, 56.6714118], [9.9700257, 56.6714082], [9.9700632, 56.6713999], [9.9700592, 56.671363], [9.9701678, 56.6712987], [9.9702617, 56.6712358], [9.9703081, 56.6712024], [9.9704505, 56.6711743], [9.9706103, 56.6711477], [9.9707763, 56.6711256], [9.9708157, 56.6711845]]]}}, {"type": "Feature", "properties": {"seamark_type": "harbour", "name": "Als Odde Bro", "osm_id": 1036638896}, "geometry": {"type": "Polygon", "coordinates": [[[10.3292318, 56.7052842], [10.3290731, 56.70527], [10.3290339, 56.7052739], [10.3290078, 56.7052897], [10.3289683, 56.7053021], [10.3288203, 56.7052992], [10.3286201, 56.7052728], [10.3285452, 56.7052497], [10.3284732, 56.7052164], [10.3283627, 56.7051759], [10.3283255, 56.7051718], [10.3282772, 56.7051776], [10.3281967, 56.7051753], [10.3280091, 56.7051498], [10.3278296, 56.7051118], [10.3275404, 56.7050318], [10.3278073, 56.7046322], [10.3288023, 56.7049208], [10.3292623, 56.70513], [10.3292117, 56.7051939], [10.3292833, 56.7052125], [10.3292318, 56.7052842]]]}}, {"type": "Feature", "properties": {"seamark_type": "harbour", "name": "Grønlandshavnen", "osm_id": 1036639243}, "geometry": {"type": "Polygon", "coordinates": [[[10.0609833, 57.0494782], [10.0626514, 57.0500333], [10.0593663, 57.0510488], [10.0565912, 57.0501268], [10.0549626, 57.0495876], [10.0538621, 57.0492226], [10.0520398, 57.0486263], [10.0537457, 57.0470856], [10.0573146, 57.0482636], [10.0609833, 57.0494782]]]}}, {"type": "Feature", "properties": {"seamark_type": "harbour", "name": "Hals Jollehavn", "osm_id": 1036639244}, "geometry": {"type": "Polygon", "coordinates": [[[10.3103814, 56.99025], [10.3112311, 56.9901388], [10.3117758, 56.9907702], [10.3117501, 56.9907746], [10.3117882, 56.9908449], [10.3117892, 56.9908679], [10.3117784, 56.990894], [10.3117519, 56.9909123], [10.3117171, 56.9909242], [10.3110871, 56.9910188], [10.3110724, 56.9910227], [10.3110679, 56.9910285], [10.3110751, 56.991081], [10.3109981, 56.9910952], [10.3109611, 56.9910409], [10.3109509, 56.9910392], [10.3109451, 56.9910383], [10.3108508, 56.9910525], [10.3107319, 56.9910705], [10.3106128, 56.9910851], [10.3105466, 56.9910809], [10.3105142, 56.9910756], [10.3104841, 56.9910621], [10.3104653, 56.991042], [10.3104075, 56.9909352], [10.310257, 56.9906283], [10.3100833, 56.9902742], [10.3103814, 56.99025]]]}}, {"type": "Feature", "properties": {"seamark_type": "harbour", "name": "Skagen Baadelaug", "osm_id": 1036639877}, "geometry": {"type": "Polygon", "coordinates": [[[10.5887183, 57.7155901], [10.5884931, 57.715675], [10.5883362, 57.7156691], [10.5882876, 57.7156912], [10.5883254, 57.7157115], [10.5882545, 57.7157427], [10.588282, 57.7157623], [10.5881149, 57.7158291], [10.5880989, 57.7158406], [10.5878985, 57.7159244], [10.5878848, 57.7159275], [10.5878671, 57.7159291], [10.5878613, 57.7159312], [10.5878556, 57.7159384], [10.5878525, 57.7159446], [10.587379, 57.716145], [10.5873003, 57.7161774], [10.5872517, 57.7161571], [10.5872175, 57.7161427], [10.5859677, 57.7156141], [10.5861932, 57.7154605], [10.5865275, 57.7152315], [10.5865532, 57.715214], [10.5865566, 57.7152117], [10.5865339, 57.7152021], [10.5865743, 57.7151752], [10.5887183, 57.7155901]]]}}, {"type": "Feature", "properties": {"seamark_type": "harbour", "name": "Voerså Fiskerleje", "osm_id": 1036639878}, "geometry": {"type": "Polygon", "coordinates": [[[10.4956052, 57.2025416], [10.4969887, 57.2035001], [10.496522, 57.2036411], [10.4962518, 57.2038116], [10.4957075, 57.2038607], [10.4947237, 57.2040751], [10.4945651, 57.2041097], [10.4938866, 57.2043159], [10.4933891, 57.2044749], [10.4924516, 57.2039291], [10.4956052, 57.2025416]]]}}, {"type": "Feature", "properties": {"seamark_type": "harbour", "name": "Løver Odde Anløbs- og Bådebro", "osm_id": 1036640454}, "geometry": {"type": "Polygon", "coordinates": [[[9.622548, 55.4981241], [9.6218125, 55.4989604], [9.6214791, 55.4988399], [9.6222887, 55.4980402], [9.6223177, 55.4980515], [9.6223418, 55.4980636], [9.6223592, 55.4980744], [9.6224028, 55.498089], [9.6224227, 55.4980972], [9.6224601, 55.498111], [9.6224729, 55.4981156], [9.6224994, 55.498119], [9.622548, 55.4981241]]]}}, {"type": "Feature", "properties": {"seamark_type": "harbour", "name": "Marina Kopice", "osm_id": 1037703305}, "geometry": {"type": "Polygon", "coordinates": [[[14.5423025, 53.6976918], [14.5423113, 53.6972849], [14.5428302, 53.6971629], [14.5431903, 53.69726], [14.5434975, 53.6973492], [14.5432431, 53.6977352], [14.5423025, 53.6976918]]]}}, {"type": "Feature", "properties": {"seamark_type": "harbour", "name": "Muslingehavn", "osm_id": 1038326479}, "geometry": {"type": "Polygon", "coordinates": [[[9.2611379, 56.9711835], [9.2612149, 56.9709073], [9.2616274, 56.970906], [9.2616286, 56.9711436], [9.2611379, 56.9711835]]]}}, {"type": "Feature", "properties": {"seamark_type": "harbour", "name": "Kanalhavn", "osm_id": 1038326480}, "geometry": {"type": "Polygon", "coordinates": [[[9.2465682, 56.9683985], [9.2456882, 56.968257], [9.245722, 56.9682493], [9.2457426, 56.9682396], [9.2457577, 56.968228], [9.2457699, 56.9682092], [9.2457727, 56.9681895], [9.2457577, 56.9681672], [9.2457011, 56.9681272], [9.2454346, 56.9680211], [9.2454143, 56.9680129], [9.2453622, 56.9679922], [9.2451687, 56.967918], [9.2451485, 56.9679103], [9.2449012, 56.9678156], [9.2448796, 56.9678074], [9.2448244, 56.9677862], [9.2447899, 56.967773], [9.2447225, 56.9677471], [9.2446845, 56.9677326], [9.2446314, 56.9677124], [9.2446085, 56.9677035], [9.2445742, 56.9676904], [9.2445442, 56.9676781], [9.2444791, 56.9676517], [9.2443668, 56.9676061], [9.2443463, 56.9675978], [9.2443213, 56.9675876], [9.2442606, 56.9675384], [9.2442144, 56.9675009], [9.2441556, 56.967453], [9.2441395, 56.9674399], [9.2440727, 56.9673858], [9.2440292, 56.9673504], [9.2440089, 56.9673339], [9.2439682, 56.9673019], [9.2439544, 56.967291], [9.2438857, 56.9672371], [9.2438403, 56.9672014], [9.2437852, 56.967158], [9.2437723, 56.9671479], [9.2435554, 56.9669774], [9.2434609, 56.9668996], [9.2434308, 56.9668754], [9.2433957, 56.966847], [9.2432016, 56.9666906], [9.2431773, 56.9666709], [9.2431426, 56.9666428], [9.2430487, 56.9665667], [9.2432554, 56.9664881], [9.2434075, 56.9664298], [9.243428, 56.9664221], [9.2434959, 56.9663962], [9.2435018, 56.9664009], [9.243795, 56.966636], [9.2439901, 56.9667887], [9.2440722, 56.9668044], [9.2441338, 56.9668366], [9.2441733, 56.966863], [9.2442625, 56.9669294], [9.2443661, 56.9670052], [9.2443983, 56.9670244], [9.2444634, 56.9670597], [9.2445409, 56.9670946], [9.2449386, 56.9672488], [9.2449943, 56.967272], [9.2449814, 56.9672821], [9.2449544, 56.967304], [9.2449032, 56.9673405], [9.2449879, 56.9673744], [9.2449929, 56.9673762], [9.2451596, 56.9674422], [9.2456358, 56.96763], [9.2461716, 56.9678376], [9.2465736, 56.9679924], [9.2465985, 56.9680332], [9.2465954, 56.9680395], [9.2466522, 56.968145], [9.2466575, 56.9681675], [9.2465735, 56.9683515], [9.2465707, 56.9683568], [9.2465574, 56.9683801], [9.2465682, 56.9683985]]]}}, {"type": "Feature", "properties": {"seamark_type": "harbour", "name": "Sundby Mors Havn", "osm_id": 1038326481}, "geometry": {"type": "Polygon", "coordinates": [[[8.6371212, 56.8840514], [8.6371628, 56.884036], [8.6372246, 56.8840436], [8.6373637, 56.8840672], [8.637594, 56.8840805], [8.637691, 56.8840749], [8.6377296, 56.8840726], [8.6378718, 56.8840676], [8.6379653, 56.8840835], [8.6380359, 56.8840895], [8.6382184, 56.8841305], [8.6381809, 56.8841746], [8.6380868, 56.8842707], [8.6380483, 56.8843333], [8.6379273, 56.8844883], [8.6378323, 56.8845722], [8.6377217, 56.8846429], [8.6375508, 56.8847108], [8.6373754, 56.8847633], [8.6369725, 56.8848649], [8.6366016, 56.8849114], [8.6361489, 56.8849391], [8.6358929, 56.8849533], [8.6357035, 56.8849367], [8.635599, 56.8848743], [8.6354639, 56.8846514], [8.6371212, 56.8840514]]]}}, {"type": "Feature", "properties": {"seamark_type": "harbour", "name": "Nykøbing Mors Havn", "osm_id": 1038326482}, "geometry": {"type": "Polygon", "coordinates": [[[8.8671522, 56.7916719], [8.8674476, 56.7915641], [8.8675077, 56.7915531], [8.8675473, 56.7915503], [8.8675826, 56.7915544], [8.8676227, 56.7915636], [8.8681359, 56.7917638], [8.8683174, 56.7918292], [8.8683687, 56.7918599], [8.8684037, 56.7918919], [8.8687411, 56.7921237], [8.8687804, 56.7921425], [8.8688013, 56.7921488], [8.868803, 56.7921745], [8.8688206, 56.792194], [8.8648462, 56.793621], [8.8648146, 56.7936132], [8.8647704, 56.7936061], [8.8646935, 56.7935932], [8.8645629, 56.7935771], [8.8644975, 56.7935715], [8.8644166, 56.7935668], [8.8642347, 56.7935658], [8.862856, 56.7935642], [8.8628586, 56.7935336], [8.8628213, 56.7935115], [8.8628219, 56.7934732], [8.8628577, 56.7934532], [8.8628606, 56.7930592], [8.8628612, 56.7930354], [8.8633174, 56.7930349], [8.8633551, 56.7930349], [8.8636928, 56.7930345], [8.8639883, 56.7930361], [8.8640284, 56.7930363], [8.8644732, 56.7930387], [8.8645077, 56.7930377], [8.86451, 56.793043], [8.864566, 56.7931699], [8.8645757, 56.7931781], [8.8645976, 56.7931867], [8.8646079, 56.7931875], [8.8646221, 56.7931876], [8.8646405, 56.7931836], [8.8646506, 56.7931781], [8.8646612, 56.7931711], [8.8646676, 56.7931621], [8.8646627, 56.7931455], [8.8645794, 56.7929661], [8.8645664, 56.792938], [8.8646762, 56.792954], [8.8646934, 56.7929406], [8.8646619, 56.7928787], [8.8646179, 56.7928141], [8.8646205, 56.792809], [8.8646248, 56.7928033], [8.8646455, 56.7927963], [8.8647062, 56.7927946], [8.8647106, 56.7927932], [8.8647418, 56.7927838], [8.864747, 56.7927822], [8.8647839, 56.7927754], [8.8647719, 56.7927315], [8.8647678, 56.7927304], [8.8647287, 56.7927202], [8.8647047, 56.792714], [8.8646671, 56.7927095], [8.864628, 56.7926906], [8.8646166, 56.7926769], [8.8646055, 56.792613], [8.8645969, 56.7925648], [8.8647016, 56.7925644], [8.8650485, 56.7924358], [8.8652103, 56.7923772], [8.8651964, 56.7923606], [8.8651862, 56.7923484], [8.8653041, 56.7923193], [8.8653561, 56.7923034], [8.8654021, 56.7922891], [8.865528, 56.7922505], [8.8655959, 56.7922298], [8.8656378, 56.7922169], [8.8658871, 56.7921281], [8.8659168, 56.7921193], [8.8659653, 56.7921051], [8.8660138, 56.7920909], [8.8661356, 56.7920449], [8.8661526, 56.7920387], [8.8662154, 56.7920152], [8.8663259, 56.791974], [8.8664672, 56.7919264], [8.8665116, 56.7919115], [8.8665468, 56.7918997], [8.8667893, 56.7918102], [8.8668998, 56.7917633], [8.8670663, 56.7917003], [8.8671522, 56.7916719]]]}}, {"type": "Feature", "properties": {"seamark_type": "harbour", "name": "Agger Havn", "osm_id": 1038326483}, "geometry": {"type": "Polygon", "coordinates": [[[8.2549776, 56.7779298], [8.2548979, 56.7778057], [8.2547459, 56.7775565], [8.2546323, 56.7773614], [8.2550736, 56.7771992], [8.2556462, 56.7769891], [8.2556247, 56.7769676], [8.2562912, 56.7767023], [8.256343, 56.7767487], [8.2563797, 56.7767897], [8.2563962, 56.7768216], [8.2564115, 56.7768618], [8.256407, 56.776889], [8.2564133, 56.7769447], [8.2564352, 56.7769795], [8.2564774, 56.777029], [8.2565155, 56.7771045], [8.2565459, 56.7771623], [8.2566798, 56.7774118], [8.2568731, 56.7777255], [8.2569141, 56.77781], [8.2569237, 56.777853], [8.2569226, 56.7778773], [8.256917, 56.7779017], [8.2569088, 56.7779214], [8.2568876, 56.7779401], [8.2568599, 56.7779614], [8.2568325, 56.7779804], [8.256805, 56.7779952], [8.2566867, 56.7780376], [8.256482, 56.7781187], [8.2563881, 56.7781772], [8.2563477, 56.7782009], [8.2563119, 56.7782145], [8.2561005, 56.7782691], [8.2560208, 56.7782871], [8.2559463, 56.7783128], [8.2558923, 56.7783403], [8.2558279, 56.7783703], [8.2557725, 56.7783898], [8.2557214, 56.7783998], [8.2556585, 56.7784093], [8.2556011, 56.7784144], [8.2555469, 56.7784159], [8.2554933, 56.7784137], [8.25543, 56.7784107], [8.2553995, 56.7784072], [8.2553607, 56.7783981], [8.2553323, 56.7783881], [8.2552931, 56.77837], [8.2552571, 56.7783446], [8.2552275, 56.7783108], [8.2551216, 56.7781716], [8.2550456, 56.7780488], [8.2550199, 56.7780176], [8.2549805, 56.7779897], [8.2549796, 56.7779756], [8.2549776, 56.7779298]]]}}, {"type": "Feature", "properties": {"seamark_type": "harbour", "name": "Agger Havn", "osm_id": 1038326484}, "geometry": {"type": "Polygon", "coordinates": [[[8.2562912, 56.7767023], [8.2556247, 56.7769676], [8.2556462, 56.7769891], [8.2550736, 56.7771992], [8.255032, 56.7771637], [8.2548381, 56.7769984], [8.2547971, 56.7770131], [8.2546257, 56.7770744], [8.2546024, 56.7770827], [8.2545906, 56.7770866], [8.2545605, 56.7770753], [8.2545317, 56.7770597], [8.2545134, 56.7770451], [8.2544292, 56.7769246], [8.2543998, 56.7768735], [8.2542943, 56.7767043], [8.2543434, 56.7766952], [8.2543257, 56.7766646], [8.2542389, 56.7766822], [8.2542076, 56.7766363], [8.2542909, 56.7766176], [8.2542661, 56.7765745], [8.2542044, 56.7765849], [8.2541786, 56.776553], [8.2541744, 56.7765381], [8.254176, 56.7765302], [8.2541747, 56.7765145], [8.2541807, 56.7765077], [8.2541935, 56.7764947], [8.2542101, 56.7764831], [8.2542326, 56.7764711], [8.2544133, 56.7764228], [8.2544817, 56.7764043], [8.2545682, 56.7763857], [8.2546615, 56.7763659], [8.2547771, 56.7763387], [8.2548295, 56.7763249], [8.2548574, 56.776306], [8.2548704, 56.776284], [8.2548702, 56.7762574], [8.2548594, 56.7762299], [8.2548417, 56.7761997], [8.2548183, 56.7761736], [8.2547906, 56.7761524], [8.254775, 56.7761462], [8.2547581, 56.7761394], [8.2547185, 56.7761303], [8.2554076, 56.7759158], [8.2554605, 56.7759575], [8.2555174, 56.7759975], [8.2555991, 56.7760359], [8.2557265, 56.7761007], [8.255802, 56.7761482], [8.2558451, 56.7761748], [8.2559468, 56.7762604], [8.2559773, 56.7762947], [8.2560172, 56.7763369], [8.2560835, 56.7764342], [8.2561439, 56.776516], [8.2561912, 56.7765992], [8.2562437, 56.776656], [8.2562912, 56.7767023]]]}}, {"type": "Feature", "properties": {"seamark_type": "harbour", "name": "Nordre Inderhavn", "osm_id": 1038326485}, "geometry": {"type": "Polygon", "coordinates": [[[8.2228705, 56.7059551], [8.223227, 56.7060041], [8.2230045, 56.7062057], [8.2229667, 56.7062345], [8.2226306, 56.7064365], [8.2223006, 56.7065655], [8.2219259, 56.7066518], [8.221218, 56.7063194], [8.2211745, 56.7062842], [8.2211714, 56.7062757], [8.2211603, 56.7062435], [8.2212857, 56.7056913], [8.2228412, 56.7059502], [8.2228705, 56.7059551]]]}}, {"type": "Feature", "properties": {"seamark_type": "harbour", "name": "Thyborøn-Harboøre Lystbådehavn", "osm_id": 1038326486}, "geometry": {"type": "Polygon", "coordinates": [[[8.2225642, 56.6888384], [8.2225583, 56.6888558], [8.2223644, 56.6888364], [8.2222513, 56.688821], [8.2221873, 56.6888336], [8.222152, 56.6888366], [8.2221287, 56.6888829], [8.2220541, 56.6888798], [8.2220118, 56.6888659], [8.2219593, 56.6888324], [8.221941, 56.6888103], [8.221929, 56.6887863], [8.2219482, 56.6887596], [8.2220033, 56.6886779], [8.2220732, 56.68855], [8.2222257, 56.6882941], [8.2223537, 56.6880478], [8.222499, 56.6878133], [8.2225535, 56.6877039], [8.2225582, 56.6876627], [8.2225294, 56.6876096], [8.2225056, 56.687554], [8.2224891, 56.687533], [8.2224971, 56.6875064], [8.2225196, 56.6874844], [8.2225514, 56.6874698], [8.2226838, 56.6874552], [8.2227889, 56.6874558], [8.2230718, 56.6874889], [8.223443, 56.687538], [8.2233591, 56.687963], [8.223236, 56.6881237], [8.2228347, 56.6884642], [8.2225642, 56.6888384]]]}}, {"type": "Feature", "properties": {"seamark_type": "harbour", "name": "Agersø Havn", "osm_id": 1038329051}, "geometry": {"type": "Polygon", "coordinates": [[[11.1971811, 55.2115867], [11.1967836, 55.2116355], [11.1964537, 55.2113684], [11.1966509, 55.2107838], [11.1967219, 55.2107509], [11.1968802, 55.2105688], [11.1969955, 55.2103293], [11.1970197, 55.21006], [11.1985767, 55.2100538], [11.1987564, 55.2101549], [11.1987453, 55.2109874], [11.1989249, 55.21102], [11.1986563, 55.2112011], [11.1986314, 55.2112084], [11.1985168, 55.2114303], [11.1973037, 55.2115603], [11.1972763, 55.2115768], [11.1971811, 55.2115867]]]}}, {"type": "Feature", "properties": {"seamark_type": "harbour", "name": "Sandvig Fiskerihavn", "osm_id": 1038330522}, "geometry": {"type": "Polygon", "coordinates": [[[12.1239552, 55.0603045], [12.1238023, 55.0603709], [12.1237732, 55.0603621], [12.1237139, 55.0603757], [12.1237007, 55.0603966], [12.1238736, 55.0606354], [12.1238368, 55.0606461], [12.1235725, 55.0607083], [12.1235287, 55.0606541], [12.1233485, 55.0604121], [12.1233784, 55.0603297], [12.1234412, 55.0602447], [12.1237097, 55.0603198], [12.123763, 55.0603145], [12.1237077, 55.06022], [12.1236143, 55.0601785], [12.123547, 55.0601638], [12.1235669, 55.0601209], [12.1236558, 55.0601402], [12.1236672, 55.0601217], [12.1238042, 55.0599384], [12.1238578, 55.0598659], [12.1238678, 55.0598643], [12.1241007, 55.059922], [12.1238836, 55.0602035], [12.1239552, 55.0603045]]]}}, {"type": "Feature", "properties": {"seamark_type": "harbour", "name": "Gammel Kalvehave Havn", "osm_id": 1038330523}, "geometry": {"type": "Polygon", "coordinates": [[[12.1355914, 54.9944038], [12.1360962, 54.9942803], [12.1362128, 54.9943514], [12.1362256, 54.9943592], [12.1362367, 54.9944527], [12.1362487, 54.994561], [12.1362493, 54.9945679], [12.1362827, 54.9949735], [12.1361447, 54.9949777], [12.1361106, 54.9946884], [12.1360129, 54.9946916], [12.136003, 54.994692], [12.1359956, 54.9946922], [12.1359821, 54.9946927], [12.1356568, 54.9947036], [12.1356452, 54.9944268], [12.1356426, 54.9944257], [12.1355914, 54.9944038]]]}}, {"type": "Feature", "properties": {"seamark_type": "harbour", "name": "Masnedø Marinecenter", "osm_id": 1038330524}, "geometry": {"type": "Polygon", "coordinates": [[[11.8916373, 54.994768], [11.8912837, 54.994977], [11.8907227, 54.9947273], [11.8907957, 54.9946753], [11.8908218, 54.9946569], [11.8908512, 54.9946358], [11.8910004, 54.9945299], [11.8913566, 54.9946424], [11.8915407, 54.9946967], [11.8915789, 54.9947105], [11.8915972, 54.9947299], [11.8916127, 54.9947561], [11.8916373, 54.994768]]]}}, {"type": "Feature", "properties": {"seamark_type": "harbour", "name": "Holbæk Gammel Havn", "osm_id": 1038334508}, "geometry": {"type": "Polygon", "coordinates": [[[11.7094129, 55.7209658], [11.7086071, 55.7208452], [11.7085685, 55.7207931], [11.7084716, 55.720618], [11.7084618, 55.7206003], [11.7083926, 55.7205758], [11.7082043, 55.7204565], [11.7082346, 55.7203762], [11.7082505, 55.7203758], [11.7082674, 55.7203716], [11.708281, 55.7203634], [11.7082877, 55.7203569], [11.7082874, 55.7203481], [11.7082857, 55.7203394], [11.7082723, 55.7203297], [11.7080951, 55.7202266], [11.7080106, 55.7201272], [11.7085401, 55.7200643], [11.708916, 55.7200194], [11.7092922, 55.7199733], [11.7093974, 55.7203699], [11.7087795, 55.7205815], [11.7087723, 55.7206004], [11.7089101, 55.7207081], [11.7089459, 55.7207125], [11.7090647, 55.7206729], [11.7091491, 55.7206712], [11.7095919, 55.7205267], [11.7095724, 55.7205055], [11.7094611, 55.7205421], [11.7094201, 55.7205043], [11.7094694, 55.7204855], [11.709543, 55.7204599], [11.7095997, 55.7204465], [11.7096791, 55.7204342], [11.7098103, 55.7204227], [11.7098553, 55.7204197], [11.7098718, 55.7204049], [11.7098616, 55.720376], [11.7098174, 55.7203686], [11.7096235, 55.7203998], [11.709613, 55.7203606], [11.7095693, 55.7201962], [11.7095595, 55.7201932], [11.709489, 55.7199366], [11.7099244, 55.7199263], [11.7101157, 55.7199235], [11.7105913, 55.7199121], [11.7106169, 55.7201583], [11.7100732, 55.7202015], [11.7100787, 55.7202183], [11.7106202, 55.7201773], [11.7106209, 55.7201809], [11.7107323, 55.7201721], [11.7107451, 55.7202266], [11.7106164, 55.7202373], [11.7106413, 55.7202846], [11.7102221, 55.7203295], [11.7102072, 55.7203371], [11.7100225, 55.7203573], [11.7100005, 55.7203681], [11.7100065, 55.7203904], [11.7100319, 55.7204001], [11.7100901, 55.7203929], [11.7100912, 55.7203995], [11.7101096, 55.720398], [11.7102033, 55.7203851], [11.7102369, 55.7203821], [11.710384, 55.7203651], [11.7105579, 55.720347], [11.7106673, 55.7203351], [11.7106926, 55.7203324], [11.7106975, 55.7203413], [11.7107466, 55.7203453], [11.7108284, 55.7203417], [11.7108776, 55.7203398], [11.7109248, 55.7203378], [11.7109465, 55.7203365], [11.7109669, 55.7203361], [11.7109712, 55.7203505], [11.7109927, 55.7204394], [11.7109997, 55.7204687], [11.7112648, 55.7204428], [11.7113159, 55.7204376], [11.7113426, 55.7205231], [11.7113251, 55.7205246], [11.7110162, 55.7205505], [11.7110225, 55.7205737], [11.7110273, 55.7205912], [11.7110283, 55.7205951], [11.7108423, 55.7206162], [11.7108465, 55.7206347], [11.7110258, 55.7206144], [11.7110248, 55.7206222], [11.7110208, 55.7206962], [11.7110242, 55.7207264], [11.7110275, 55.7207505], [11.7110533, 55.7209391], [11.7110584, 55.7209527], [11.7110632, 55.7209608], [11.7110516, 55.7209704], [11.7110316, 55.7209796], [11.7110137, 55.7209831], [11.7108971, 55.7209973], [11.7105972, 55.7210271], [11.7103804, 55.7210534], [11.7103278, 55.7210628], [11.7101951, 55.7210757], [11.710134, 55.7210803], [11.7100744, 55.7210849], [11.7099804, 55.7210896], [11.7099576, 55.7210889], [11.7098723, 55.7210866], [11.7097885, 55.7210796], [11.7097589, 55.721074], [11.7096612, 55.7210399], [11.7095725, 55.7210079], [11.7095023, 55.7209807], [11.7094469, 55.7209645], [11.7094297, 55.7209634], [11.7094129, 55.7209658]]]}}, {"type": "Feature", "properties": {"seamark_type": "harbour", "name": "Orø Havn", "osm_id": 1038334510}, "geometry": {"type": "Polygon", "coordinates": [[[11.800182, 55.7554436], [11.8003418, 55.7554241], [11.800612, 55.755391], [11.8006436, 55.7553871], [11.8006519, 55.755386], [11.800896, 55.7554726], [11.8012693, 55.7556034], [11.8014123, 55.7556589], [11.8015692, 55.7558028], [11.8016365, 55.7558978], [11.8016443, 55.7559091], [11.80167, 55.7559518], [11.8016526, 55.7559533], [11.8017005, 55.7560682], [11.8017262, 55.7561137], [11.8017539, 55.7561658], [11.8016849, 55.7561835], [11.8016292, 55.7561321], [11.8015676, 55.7561555], [11.8015606, 55.7561581], [11.8015732, 55.7561693], [11.8015881, 55.7561833], [11.8014066, 55.7562361], [11.8012802, 55.7562672], [11.8012595, 55.7562686], [11.8012501, 55.7562689], [11.8012372, 55.7562674], [11.80101, 55.756178], [11.8009882, 55.7561694], [11.8009769, 55.7561658], [11.8009548, 55.7561615], [11.8009371, 55.7561598], [11.8009139, 55.7561631], [11.8008916, 55.7561755], [11.8006098, 55.7560699], [11.8005787, 55.7560584], [11.8001505, 55.7558981], [11.8001144, 55.7558257], [11.8003739, 55.7557917], [11.8003149, 55.7556409], [11.7998398, 55.7554487], [11.800182, 55.7554436]]]}}, {"type": "Feature", "properties": {"seamark_type": "harbour", "name": "Stenværkshavn", "osm_id": 1038334511}, "geometry": {"type": "Polygon", "coordinates": [[[12.0550139, 55.8334284], [12.0550012, 55.833442], [12.0550042, 55.8334645], [12.0550246, 55.8334862], [12.0550037, 55.8335082], [12.0549589, 55.8335218], [12.0549369, 55.8335264], [12.0549074, 55.8335315], [12.0548759, 55.8335388], [12.0548393, 55.8335424], [12.0547959, 55.8335415], [12.0547564, 55.8335385], [12.0547009, 55.8335299], [12.0546516, 55.833524], [12.054612, 55.8335163], [12.0545802, 55.8335127], [12.0545434, 55.8335112], [12.0544851, 55.8335051], [12.0544552, 55.8334992], [12.0544182, 55.8334958], [12.0544381, 55.8334358], [12.0543363, 55.8334248], [12.0543057, 55.833517], [12.0543213, 55.8335193], [12.0543143, 55.8335397], [12.0537831, 55.8334812], [12.0537498, 55.8334768], [12.0531645, 55.8334131], [12.0530181, 55.8333978], [12.0529672, 55.8334439], [12.052946, 55.8334365], [12.0530092, 55.8333778], [12.0529422, 55.8333569], [12.0529382, 55.8333509], [12.0529379, 55.833345], [12.0529425, 55.833318], [12.052949, 55.8332863], [12.052961, 55.8332482], [12.0529686, 55.8332406], [12.0529762, 55.8332358], [12.0529809, 55.8332313], [12.0529848, 55.8332181], [12.0550139, 55.8334284]]]}}, {"type": "Feature", "properties": {"seamark_type": "harbour", "name": "Jyllinge Nordhavn", "osm_id": 1038334512}, "geometry": {"type": "Polygon", "coordinates": [[[12.0932737, 55.7609158], [12.0944532, 55.7611424], [12.094968, 55.7612526], [12.0949922, 55.7613245], [12.0949697, 55.7613289], [12.0949378, 55.7613508], [12.0949207, 55.7613719], [12.0949166, 55.7613909], [12.0949342, 55.7614072], [12.0949506, 55.7614234], [12.0949498, 55.7614355], [12.0949368, 55.7614439], [12.0949065, 55.761456], [12.0948869, 55.7614704], [12.0948762, 55.761489], [12.0948736, 55.7615123], [12.0948723, 55.7615364], [12.0948615, 55.7615522], [12.0948364, 55.7615771], [12.0947968, 55.7616157], [12.0947776, 55.7616361], [12.0947549, 55.7616534], [12.0947219, 55.7616738], [12.0946689, 55.7616817], [12.0945764, 55.7616807], [12.0944563, 55.7616701], [12.0944479, 55.7616647], [12.0944226, 55.7616633], [12.09413, 55.7616428], [12.0939869, 55.76163], [12.0939867, 55.7615551], [12.0939599, 55.7615529], [12.0933301, 55.7615134], [12.093307, 55.7612399], [12.0932887, 55.7609677], [12.0932737, 55.7609158]]]}}, {"type": "Feature", "properties": {"seamark_type": "harbour", "name": "Holte Havn", "osm_id": 1038334513}, "geometry": {"type": "Polygon", "coordinates": [[[12.4681145, 55.810555], [12.4680796, 55.8105719], [12.4680417, 55.8105903], [12.4679269, 55.8105377], [12.4678777, 55.8105546], [12.4677831, 55.810512], [12.4677028, 55.8105357], [12.4674791, 55.8104195], [12.4678065, 55.8102295], [12.4681628, 55.8104033], [12.4681077, 55.8104474], [12.4681593, 55.8104912], [12.4680669, 55.8105329], [12.4681145, 55.810555]]]}}, {"type": "Feature", "properties": {"seamark_type": "harbour", "name": "Ribe Havn", "osm_id": 1038336907}, "geometry": {"type": "Polygon", "coordinates": [[[8.763295, 55.3295025], [8.7635387, 55.3295754], [8.7634593, 55.32972], [8.7633949, 55.3298255], [8.7632391, 55.3297871], [8.763106, 55.3297926], [8.7630743, 55.3297955], [8.7629637, 55.3298312], [8.7624711, 55.3300537], [8.7620495, 55.3302821], [8.76158, 55.3301334], [8.762028, 55.3298707], [8.7624023, 55.3296657], [8.7627943, 55.3294631], [8.7632066, 55.329256], [8.7635029, 55.3291054], [8.763592, 55.3291085], [8.7636055, 55.3290996], [8.7636332, 55.3291097], [8.7636672, 55.3291223], [8.7636711, 55.3291237], [8.7635165, 55.3292245], [8.763295, 55.3295025]]]}}, {"type": "Feature", "properties": {"seamark_type": "harbour", "name": "Højer Havn", "osm_id": 1038336908}, "geometry": {"type": "Polygon", "coordinates": [[[8.6919787, 54.9544972], [8.6921387, 54.9548557], [8.6907573, 54.9549459], [8.6906689, 54.9549229], [8.6905697, 54.9549369], [8.6905114, 54.9549823], [8.6900588, 54.9550104], [8.68971, 54.9550578], [8.6895981, 54.9550285], [8.6892904, 54.955069], [8.6888005, 54.9551321], [8.6882496, 54.9552332], [8.6880208, 54.9552765], [8.6878576, 54.9553146], [8.6866345, 54.9556483], [8.6852486, 54.9560413], [8.6847892, 54.9561573], [8.6845228, 54.956226], [8.6840456, 54.9563921], [8.6828564, 54.9567314], [8.682749, 54.9566109], [8.6827055, 54.9565453], [8.6826327, 54.9564649], [8.6826962, 54.956391], [8.6839361, 54.9560118], [8.6851696, 54.9556502], [8.6872682, 54.9550305], [8.6872991, 54.9550243], [8.6873677, 54.9550069], [8.6876871, 54.9549356], [8.6882369, 54.9548297], [8.688738, 54.9547549], [8.689428, 54.9546786], [8.6919787, 54.9544972]]]}}, {"type": "Feature", "properties": {"seamark_type": "harbour", "name": "Marina Fiskenæs", "osm_id": 1038336909}, "geometry": {"type": "Polygon", "coordinates": [[[9.6037976, 54.918243], [9.6032604, 54.91804], [9.6023369, 54.9178699], [9.6027475, 54.91739], [9.6033668, 54.9169991], [9.6039018, 54.9171883], [9.6042656, 54.9172648], [9.6045867, 54.917347], [9.6051858, 54.9175077], [9.6050717, 54.9176862], [9.6049185, 54.9179884], [9.6049025, 54.9179955], [9.6048896, 54.9179957], [9.6048583, 54.918032], [9.6048738, 54.9180761], [9.6048931, 54.9181075], [9.6048498, 54.9182667], [9.6048329, 54.9183478], [9.6048078, 54.9184388], [9.6047489, 54.9185186], [9.6041287, 54.9183521], [9.6037976, 54.918243]]]}}, {"type": "Feature", "properties": {"seamark_type": "harbour", "name": "Egernsund Havn", "osm_id": 1038336910}, "geometry": {"type": "Polygon", "coordinates": [[[9.6047802, 54.9097025], [9.6043862, 54.9098735], [9.6036778, 54.909374], [9.6031993, 54.9088853], [9.6008005, 54.9082239], [9.6004656, 54.9074755], [9.6005697, 54.907463], [9.6005715, 54.9074474], [9.6007568, 54.9074387], [9.6007567, 54.9074485], [9.6007263, 54.9076588], [9.6007408, 54.9076586], [9.6007565, 54.9076591], [9.6007674, 54.9076891], [9.6007754, 54.9077126], [9.6007821, 54.9077324], [9.6008283, 54.9078632], [9.6008854, 54.9080189], [9.6009153, 54.9080677], [9.6010484, 54.9081311], [9.601158, 54.9081595], [9.6011978, 54.908162], [9.6012092, 54.9081636], [9.6012187, 54.9081537], [9.6012281, 54.9081555], [9.6013516, 54.9081859], [9.6013613, 54.9081886], [9.601359, 54.908192], [9.6013492, 54.9082019], [9.6018344, 54.9083359], [9.601845, 54.9083238], [9.601865, 54.9083045], [9.6019139, 54.908309], [9.601898, 54.9083354], [9.6019821, 54.9083489], [9.601998, 54.9083272], [9.6020955, 54.9083445], [9.6022293, 54.9083855], [9.6022982, 54.9084241], [9.6023113, 54.9084349], [9.6023628, 54.9084895], [9.6023853, 54.9085144], [9.6025092, 54.9085779], [9.6025499, 54.90859], [9.6025387, 54.9086524], [9.6027678, 54.9086947], [9.6028197, 54.9086369], [9.6028643, 54.9086389], [9.6029077, 54.908643], [9.6031378, 54.9086863], [9.6032427, 54.9087136], [9.6035397, 54.9088068], [9.6036589, 54.9088623], [9.6037234, 54.9089084], [9.6037751, 54.9089754], [9.6037932, 54.9090191], [9.6038045, 54.9090451], [9.6038917, 54.909137], [9.603921, 54.9091876], [9.6039465, 54.9092131], [9.6039557, 54.9092222], [9.603965, 54.9092316], [9.6040658, 54.9093048], [9.6040725, 54.9093089], [9.6040831, 54.9093154], [9.604189, 54.9093808], [9.6043381, 54.909459], [9.6043521, 54.9094663], [9.6043604, 54.9094707], [9.6044345, 54.9094784], [9.6045477, 54.9094982], [9.6045829, 54.9095082], [9.6047802, 54.9097025]]]}}, {"type": "Feature", "properties": {"seamark_type": "harbour", "name": "Marina Toft", "osm_id": 1038336911}, "geometry": {"type": "Polygon", "coordinates": [[[9.6012949, 54.9093969], [9.6016616, 54.9095085], [9.6016273, 54.9095067], [9.6015556, 54.9095118], [9.6014455, 54.909525], [9.6013636, 54.9095362], [9.6012518, 54.9095507], [9.6011694, 54.9095659], [9.6010813, 54.909588], [9.6009615, 54.9096207], [9.6008668, 54.9096492], [9.6007665, 54.9096781], [9.600671, 54.9097064], [9.6005975, 54.9097193], [9.6005577, 54.9097228], [9.6004919, 54.9097184], [9.600431, 54.9097128], [9.6004071, 54.9097026], [9.6002259, 54.909682], [9.6003548, 54.9093195], [9.6003239, 54.9093158], [9.6001942, 54.9096784], [9.6000584, 54.909663], [9.5994367, 54.9095904], [9.5994027, 54.909647], [9.5993489, 54.9096341], [9.5993679, 54.9096032], [9.5992422, 54.9095675], [9.5992348, 54.9095655], [9.5992035, 54.9095506], [9.5990367, 54.909468], [9.598977, 54.9095143], [9.598686, 54.9093854], [9.5988656, 54.9092525], [9.5989081, 54.9092124], [9.5988551, 54.9091841], [9.59884, 54.9091761], [9.5986458, 54.9091026], [9.5985167, 54.909201], [9.5985007, 54.9092133], [9.5984293, 54.9092677], [9.5983936, 54.909306], [9.5983705, 54.909304], [9.5983446, 54.9093009], [9.5983193, 54.9093077], [9.5982934, 54.90932], [9.5982656, 54.9093307], [9.5982361, 54.9093356], [9.5982033, 54.9093347], [9.5981546, 54.9093294], [9.5981116, 54.9093233], [9.5980912, 54.9093089], [9.5980901, 54.9092969], [9.5980959, 54.9092862], [9.5981151, 54.9092644], [9.5981458, 54.90923], [9.5981572, 54.9092115], [9.5981598, 54.9092063], [9.5981515, 54.9091978], [9.5981296, 54.9091908], [9.5981101, 54.9091912], [9.598099, 54.9091973], [9.5980888, 54.9092043], [9.5980801, 54.9092091], [9.5980507, 54.9092391], [9.5980143, 54.9092738], [9.597989, 54.909296], [9.5979667, 54.9092962], [9.5979457, 54.9092884], [9.5978133, 54.9092376], [9.5977512, 54.9092227], [9.5977265, 54.9092167], [9.5976598, 54.9091948], [9.5976282, 54.9091789], [9.5976315, 54.9091696], [9.5980067, 54.9083101], [9.5986178, 54.9080117], [9.599534, 54.9087058], [9.5996244, 54.909237], [9.6012949, 54.9093969]]]}}, {"type": "Feature", "properties": {"seamark_type": "harbour", "name": "Gråsten Sejlklubs Havn", "osm_id": 1038336912}, "geometry": {"type": "Polygon", "coordinates": [[[9.6016717, 54.9122456], [9.6005859, 54.9133778], [9.6004133, 54.9132885], [9.5999572, 54.9130524], [9.6003659, 54.912568], [9.6001208, 54.9125067], [9.6000958, 54.9124988], [9.6001126, 54.912479], [9.6001735, 54.9124076], [9.5999923, 54.9123421], [9.5998668, 54.9122949], [9.5998925, 54.9122688], [9.5999039, 54.9122721], [9.6000029, 54.9122954], [9.600215, 54.9123671], [9.6003971, 54.9121535], [9.6005116, 54.9120229], [9.6005217, 54.9120111], [9.6005405, 54.9120162], [9.6012752, 54.9122491], [9.6013901, 54.9121176], [9.6016717, 54.9122456]]]}}, {"type": "Feature", "properties": {"seamark_type": "harbour", "name": "Varnæs Vig Bro", "osm_id": 1038336913}, "geometry": {"type": "Polygon", "coordinates": [[[9.5682199, 55.0333795], [9.5684341, 55.0334126], [9.5685037, 55.0334169], [9.5685237, 55.0334182], [9.568688, 55.0334285], [9.568984, 55.0345973], [9.5698023, 55.0346231], [9.5697857, 55.0349074], [9.568706, 55.0348671], [9.5682199, 55.0333795]]]}}, {"type": "Feature", "properties": {"seamark_type": "harbour", "name": "Aabenraa Lystbådehavn", "osm_id": 1038336914}, "geometry": {"type": "Polygon", "coordinates": [[[9.4257217, 55.0371031], [9.4257396, 55.037139], [9.4225824, 55.0369072], [9.4225625, 55.0367412], [9.4225551, 55.0366327], [9.4225099, 55.036252], [9.4224638, 55.035904], [9.4224257, 55.0355968], [9.4224023, 55.0354666], [9.4223921, 55.0354485], [9.4224661, 55.035447], [9.4224334, 55.0352107], [9.4226709, 55.0352156], [9.423058, 55.0352293], [9.4230633, 55.0351788], [9.4231222, 55.0351722], [9.423225, 55.0351581], [9.4235469, 55.035166], [9.4244512, 55.0351843], [9.4246582, 55.035189], [9.4247478, 55.035199], [9.4248868, 55.035201], [9.4249376, 55.0352071], [9.4249961, 55.0352128], [9.425396, 55.0362284], [9.4257217, 55.0371031]]]}}, {"type": "Feature", "properties": {"seamark_type": "harbour", "name": "Kalvø Havn", "osm_id": 1038336915}, "geometry": {"type": "Polygon", "coordinates": [[[9.4666689, 55.1226243], [9.4666616, 55.1226393], [9.4665404, 55.1226192], [9.4650856, 55.1223625], [9.464995, 55.1223262], [9.4656204, 55.1217664], [9.4663363, 55.122054], [9.4664471, 55.1222687], [9.4663902, 55.1223397], [9.4666932, 55.1224231], [9.4667143, 55.1224289], [9.4666087, 55.1226148], [9.4666689, 55.1226243]]]}}, {"type": "Feature", "properties": {"seamark_type": "harbour", "name": "Haderslev Havn", "osm_id": 1038336916}, "geometry": {"type": "Polygon", "coordinates": [[[9.4969153, 55.247525], [9.4969527, 55.2475345], [9.4969639, 55.2475373], [9.496981, 55.2475168], [9.497077, 55.2475364], [9.4972341, 55.247573], [9.4972693, 55.247592], [9.497396, 55.2476216], [9.4974136, 55.2476257], [9.4978607, 55.2477301], [9.4978837, 55.2477355], [9.4982157, 55.2478131], [9.4982974, 55.2478321], [9.4983712, 55.2478494], [9.4983932, 55.2478545], [9.4985466, 55.2478884], [9.4985537, 55.24789], [9.4984962, 55.2480062], [9.4984335, 55.2481369], [9.4984353, 55.2481426], [9.4984394, 55.2481534], [9.4984484, 55.2481714], [9.4984616, 55.24818], [9.498483, 55.2481832], [9.4985021, 55.2481897], [9.4985197, 55.2482027], [9.49854, 55.2482221], [9.4985633, 55.2482366], [9.498594, 55.2482443], [9.4986366, 55.2482496], [9.4986665, 55.2482545], [9.4986994, 55.2482686], [9.4987313, 55.248279], [9.4987568, 55.2482802], [9.49878, 55.2482744], [9.498825, 55.2482596], [9.4989359, 55.2482593], [9.4989665, 55.248264], [9.4989927, 55.2482727], [9.4990182, 55.2482862], [9.4990433, 55.2482925], [9.4990721, 55.2482964], [9.4991094, 55.2482947], [9.4991243, 55.2482911], [9.4991359, 55.2482821], [9.4991461, 55.2482669], [9.4991371, 55.2482477], [9.4991389, 55.2482404], [9.49915, 55.2482348], [9.4991613, 55.2482333], [9.4992068, 55.2482399], [9.4992634, 55.2482601], [9.4994176, 55.2483145], [9.4994389, 55.2483217], [9.4994766, 55.2483244], [9.4995179, 55.2483251], [9.4995828, 55.2483167], [9.4996407, 55.2483046], [9.4996888, 55.2483034], [9.4997263, 55.2483056], [9.49977, 55.2483084], [9.499806, 55.2483143], [9.4998241, 55.2483182], [9.4998616, 55.2483195], [9.4998858, 55.2483205], [9.4999118, 55.2483227], [9.499951, 55.2483288], [9.4999923, 55.2483335], [9.5000434, 55.2483543], [9.5000617, 55.2483618], [9.5000928, 55.2483713], [9.5001275, 55.2483753], [9.5001548, 55.2483692], [9.5001967, 55.248354], [9.5002641, 55.2483448], [9.500294, 55.2483355], [9.5003352, 55.2483038], [9.500365, 55.2482506], [9.5004401, 55.2482574], [9.500434, 55.2482816], [9.5007348, 55.2482333], [9.5008632, 55.2482393], [9.5008644, 55.2482251], [9.500902, 55.2482237], [9.5014362, 55.2483219], [9.5014411, 55.2483148], [9.5015649, 55.2483396], [9.5015707, 55.2483574], [9.5025001, 55.2485518], [9.502495, 55.248559], [9.5025592, 55.2485744], [9.5025651, 55.2485648], [9.502838, 55.2486313], [9.5029112, 55.2486333], [9.5029579, 55.2486405], [9.5029606, 55.248642], [9.5029457, 55.2486624], [9.5031475, 55.2487971], [9.5031653, 55.2487882], [9.5031889, 55.2487761], [9.5032846, 55.2488393], [9.5032781, 55.2488524], [9.5033632, 55.2489095], [9.5033691, 55.2489078], [9.5035245, 55.2489929], [9.5035405, 55.2490017], [9.503614, 55.2490418], [9.5039456, 55.2492673], [9.5039761, 55.2493044], [9.5039861, 55.2493165], [9.5039885, 55.2493194], [9.5036905, 55.2494812], [9.503573, 55.2495268], [9.5030654, 55.2492201], [9.502178, 55.2491207], [9.5002276, 55.2486201], [9.4987582, 55.2485013], [9.496807, 55.2480517], [9.4965792, 55.2479434], [9.4964727, 55.2478568], [9.4965977, 55.247712], [9.496663, 55.2476356], [9.496635, 55.2476276], [9.496634, 55.2476205], [9.4966839, 55.2475742], [9.4966974, 55.2475695], [9.4967054, 55.2475692], [9.4967515, 55.2475799], [9.496828, 55.2475017], [9.4969153, 55.247525]]]}}, {"type": "Feature", "properties": {"seamark_type": "harbour", "name": "Sejl- og Motorbådsklubben Frem", "osm_id": 1038337763}, "geometry": {"type": "Polygon", "coordinates": [[[10.3755575, 55.4106654], [10.3754406, 55.4105074], [10.3754025, 55.410428], [10.3753834, 55.4103557], [10.3753958, 55.4103447], [10.3754619, 55.4103022], [10.3757585, 55.4101194], [10.3760211, 55.4099645], [10.3760807, 55.4099444], [10.3761087, 55.4099147], [10.3761957, 55.4098489], [10.3761963, 55.4098205], [10.3762952, 55.4098182], [10.3762938, 55.4098033], [10.3763222, 55.4098026], [10.37637, 55.4098014], [10.3763703, 55.4098161], [10.3763931, 55.4098168], [10.3764146, 55.4098123], [10.3764312, 55.4098134], [10.3762037, 55.4103671], [10.3762337, 55.4104301], [10.3762356, 55.4104339], [10.3763902, 55.4107584], [10.3770672, 55.410914], [10.3773692, 55.4110523], [10.3771886, 55.4112421], [10.3769065, 55.4112037], [10.3766234, 55.4111606], [10.376425, 55.4111212], [10.3762155, 55.4110607], [10.3760309, 55.4109828], [10.3758275, 55.4108866], [10.3757021, 55.4107951], [10.3756483, 55.410747], [10.3755575, 55.4106654]]]}}, {"type": "Feature", "properties": {"seamark_type": "harbour", "name": "Boelsbro Bådehavn", "osm_id": 1038337764}, "geometry": {"type": "Polygon", "coordinates": [[[10.5587303, 55.4749601], [10.5588161, 55.4749527], [10.5588338, 55.4749587], [10.5588793, 55.474953], [10.5589222, 55.4749496], [10.5589179, 55.4749186], [10.5591778, 55.4748972], [10.5593282, 55.4748865], [10.5593982, 55.474885], [10.5594603, 55.4748809], [10.5594745, 55.4748897], [10.5595656, 55.4748892], [10.5595882, 55.4750081], [10.5593995, 55.4750176], [10.559402, 55.4750325], [10.5595292, 55.4750275], [10.559536, 55.4750712], [10.5594749, 55.4750743], [10.559476, 55.4750921], [10.5596022, 55.4750848], [10.5596137, 55.4751609], [10.5594447, 55.4751803], [10.5588259, 55.4752572], [10.5588144, 55.4752525], [10.5587317, 55.4750258], [10.5587262, 55.4749869], [10.558724, 55.4749708], [10.5587303, 55.4749601]]]}}, {"type": "Feature", "properties": {"seamark_type": "harbour", "name": "Vindebyøre Bro", "osm_id": 1038340041}, "geometry": {"type": "Polygon", "coordinates": [[[10.6307907, 55.0553512], [10.6309348, 55.0554062], [10.6309834, 55.0554053], [10.6313144, 55.0560487], [10.6311198, 55.0561014], [10.6308025, 55.0561083], [10.6307907, 55.0553512]]]}}, {"type": "Feature", "properties": {"seamark_type": "harbour", "name": "Christiansminde Bro", "osm_id": 1038340042}, "geometry": {"type": "Polygon", "coordinates": [[[10.6348219, 55.0598763], [10.6348084, 55.0590035], [10.6352261, 55.0589712], [10.63525, 55.059861], [10.6350579, 55.0598624], [10.6348219, 55.0598763]]]}}, {"type": "Feature", "properties": {"seamark_type": "harbour", "name": "Svendborg Sund Marina", "osm_id": 1038340043}, "geometry": {"type": "Polygon", "coordinates": [[[10.6422416, 55.0550487], [10.6421145, 55.0549695], [10.6426387, 55.0547484], [10.6460713, 55.0546516], [10.6460412, 55.0549212], [10.6452794, 55.0549837], [10.6452832, 55.0549949], [10.6451609, 55.0550067], [10.6451584, 55.0549944], [10.6448169, 55.0550208], [10.6443973, 55.0550539], [10.6443572, 55.0549144], [10.643991, 55.0549469], [10.6440107, 55.0550349], [10.6435969, 55.0550653], [10.6432374, 55.0550924], [10.6430254, 55.0551093], [10.6426549, 55.0550775], [10.6424901, 55.0550633], [10.642444, 55.0550461], [10.6423981, 55.0550316], [10.6423306, 55.055027], [10.6422754, 55.0550356], [10.6422416, 55.0550487]]]}}, {"type": "Feature", "properties": {"seamark_type": "harbour", "name": "Vesterøn Havn", "osm_id": 1038340044}, "geometry": {"type": "Polygon", "coordinates": [[[10.531942, 55.0325159], [10.5321059, 55.0321705], [10.5324178, 55.0321185], [10.5324363, 55.032077], [10.5325256, 55.0320267], [10.5325854, 55.032016], [10.5326641, 55.0321058], [10.5326534, 55.0321075], [10.5325296, 55.0322825], [10.5322624, 55.0326547], [10.5322279, 55.0327002], [10.5320611, 55.0329269], [10.5318826, 55.0328903], [10.5318974, 55.0327253], [10.5319657, 55.0326046], [10.5319715, 55.0325911], [10.5320431, 55.0326024], [10.5320533, 55.0326004], [10.5321061, 55.0325109], [10.531942, 55.0325159]]]}}, {"type": "Feature", "properties": {"seamark_type": "harbour", "name": "Bjørnø Landingsbro", "osm_id": 1038340045}, "geometry": {"type": "Polygon", "coordinates": [[[10.2517963, 55.0676503], [10.2513183, 55.0675042], [10.2513695, 55.0672815], [10.2514122, 55.0672606], [10.2514467, 55.067278], [10.2514606, 55.0672729], [10.2517056, 55.0674133], [10.2517088, 55.0674469], [10.2517463, 55.0674688], [10.2517473, 55.06751], [10.2517748, 55.0675111], [10.2518167, 55.0675127], [10.2517963, 55.0676503]]]}}, {"type": "Feature", "properties": {"seamark_type": "harbour", "name": "Hjortø Havn", "osm_id": 1038340046}, "geometry": {"type": "Polygon", "coordinates": [[[10.491766, 54.9668688], [10.4916628, 54.9668735], [10.4915437, 54.9668509], [10.4915269, 54.9668378], [10.491498, 54.9668266], [10.4911814, 54.9667322], [10.491176, 54.9667158], [10.4911964, 54.9666808], [10.4913667, 54.9664983], [10.4913794, 54.9664887], [10.4913976, 54.9664833], [10.4914132, 54.9664852], [10.491436, 54.9664933], [10.4916187, 54.9665584], [10.4916719, 54.9665775], [10.4918268, 54.9666329], [10.4918625, 54.9666457], [10.4918993, 54.9666589], [10.4920257, 54.9667041], [10.4920526, 54.9667138], [10.4920717, 54.9667206], [10.4919861, 54.9668124], [10.4919628, 54.9668282], [10.4919266, 54.9668452], [10.4918852, 54.9668565], [10.491766, 54.9668688]]]}}, {"type": "Feature", "properties": {"seamark_type": "harbour", "name": "Skovballe Havn", "osm_id": 1038340047}, "geometry": {"type": "Polygon", "coordinates": [[[10.5423768, 54.9660252], [10.5422878, 54.9660083], [10.5422934, 54.9659987], [10.5422985, 54.9659545], [10.5422915, 54.9659401], [10.5423912, 54.9657159], [10.5424444, 54.9656943], [10.5428274, 54.9657386], [10.5428971, 54.9657562], [10.5429186, 54.9658205], [10.5429122, 54.9658754], [10.5427677, 54.966024], [10.5427301, 54.9660175], [10.5424502, 54.9659733], [10.5424101, 54.9660264], [10.5424046, 54.966032], [10.5423768, 54.9660252]]]}}, {"type": "Feature", "properties": {"seamark_type": "harbour", "name": "Birkholm Havn", "osm_id": 1038340048}, "geometry": {"type": "Polygon", "coordinates": [[[10.4988719, 54.9272461], [10.4988757, 54.9272147], [10.4988977, 54.9272089], [10.4989137, 54.9272047], [10.498905, 54.9271939], [10.4991049, 54.9270783], [10.4992039, 54.9270234], [10.4992305, 54.9270093], [10.4993362, 54.9269554], [10.4993577, 54.9269847], [10.4993691, 54.9269818], [10.4993816, 54.9269785], [10.4994209, 54.9269683], [10.4994319, 54.9269655], [10.4994573, 54.9269712], [10.4996376, 54.9271805], [10.4996446, 54.9272166], [10.499602, 54.9272516], [10.4995858, 54.9272531], [10.499569, 54.9272549], [10.4994739, 54.9272805], [10.4995085, 54.9273241], [10.499597, 54.9274437], [10.4995364, 54.9274672], [10.4995108, 54.9274771], [10.4995656, 54.9275312], [10.4995378, 54.927542], [10.4995038, 54.9275541], [10.499469, 54.92752], [10.4994546, 54.9275058], [10.4993751, 54.9275372], [10.4993849, 54.9275453], [10.4993902, 54.9275497], [10.4993328, 54.927583], [10.4992795, 54.9276105], [10.4992481, 54.9276215], [10.4992283, 54.9276266], [10.4992021, 54.9276351], [10.4991786, 54.9276281], [10.4991704, 54.9276179], [10.4988719, 54.9272461]]]}}, {"type": "Feature", "properties": {"seamark_type": "harbour", "name": "Søby Lystbådehavn", "osm_id": 1038340049}, "geometry": {"type": "Polygon", "coordinates": [[[10.2588697, 54.9432805], [10.2588261, 54.9432709], [10.2592448, 54.9426503], [10.2593701, 54.9425161], [10.2600471, 54.9417898], [10.2619029, 54.9416862], [10.2619464, 54.9419453], [10.2619496, 54.9419654], [10.2619949, 54.9419809], [10.262046, 54.9420035], [10.2620642, 54.9420354], [10.2621394, 54.9425359], [10.2621298, 54.9425685], [10.2618021, 54.9428543], [10.2617599, 54.9428706], [10.2591227, 54.9433413], [10.2588531, 54.9433106], [10.2588697, 54.9432805]]]}}, {"type": "Feature", "properties": {"seamark_type": "harbour", "name": "Vemmenæs Anløbsbro", "osm_id": 1038340050}, "geometry": {"type": "Polygon", "coordinates": [[[10.6777604, 54.9720529], [10.6777307, 54.9720355], [10.6778165, 54.9719806], [10.6778229, 54.9719802], [10.6781595, 54.972072], [10.6783127, 54.9721121], [10.6783276, 54.9720967], [10.6778588, 54.9719689], [10.6778683, 54.9719605], [10.6778524, 54.9719511], [10.6779288, 54.9718986], [10.6779179, 54.9718752], [10.6778913, 54.9718749], [10.6778878, 54.971896], [10.6776869, 54.9720399], [10.6776711, 54.9720449], [10.6776125, 54.9720131], [10.6776056, 54.9719778], [10.6775952, 54.9719452], [10.6775817, 54.9719136], [10.6775683, 54.9718811], [10.6775639, 54.9718392], [10.677568, 54.9717912], [10.6775745, 54.9717107], [10.6775863, 54.9716394], [10.6775944, 54.971605], [10.6776154, 54.9715825], [10.6776741, 54.9715646], [10.6777542, 54.9715619], [10.6779151, 54.9715643], [10.6780116, 54.9715666], [10.6781451, 54.9715646], [10.6782432, 54.9715646], [10.6783389, 54.9715628], [10.6783814, 54.9715602], [10.6784028, 54.9715454], [10.6784417, 54.971485], [10.678474, 54.9714265], [10.678494, 54.9713752], [10.6784896, 54.9713489], [10.6788236, 54.9712832], [10.6787785, 54.9717879], [10.6787265, 54.9723758], [10.6774306, 54.9733606], [10.6774375, 54.9733056], [10.6774406, 54.9732291], [10.6774398, 54.9731618], [10.6774403, 54.973117], [10.6774182, 54.9730881], [10.6774264, 54.9730415], [10.6774384, 54.9730123], [10.6774395, 54.9729661], [10.6774422, 54.9729119], [10.6774407, 54.972854], [10.6774475, 54.9727811], [10.6774555, 54.9727068], [10.6774627, 54.9726654], [10.6774746, 54.9726612], [10.6777984, 54.9726683], [10.6777905, 54.9728861], [10.677821, 54.9728863], [10.6778364, 54.9726489], [10.6778617, 54.9723447], [10.6778307, 54.9723444], [10.6777975, 54.9726453], [10.6774747, 54.9726391], [10.6774631, 54.9726144], [10.6774671, 54.9725869], [10.67747, 54.9725394], [10.6774774, 54.9724858], [10.677486, 54.9724557], [10.6774911, 54.9724165], [10.6774975, 54.9723916], [10.6775136, 54.9723408], [10.6775273, 54.9723156], [10.6775515, 54.972254], [10.6775689, 54.9722248], [10.6776012, 54.9721915], [10.6776443, 54.9721527], [10.6776798, 54.97212], [10.6777048, 54.9721051], [10.6777496, 54.9720731], [10.6777604, 54.9720529]]]}}, {"type": "Feature", "properties": {"seamark_type": "harbour", "name": "Skåningebro", "osm_id": 1038341973}, "geometry": {"type": "Polygon", "coordinates": [[[12.0278435, 54.93692], [12.027988, 54.9367532], [12.0280667, 54.9367798], [12.0285239, 54.9366898], [12.0285919, 54.9367682], [12.0286221, 54.9368188], [12.0286259, 54.9368252], [12.0286887, 54.9369302], [12.0284863, 54.937117], [12.0284742, 54.9371338], [12.028484, 54.9371483], [12.0284643, 54.937168], [12.0284431, 54.9371709], [12.0284182, 54.9371645], [12.0281963, 54.9371187], [12.0281774, 54.9371022], [12.0282446, 54.9369958], [12.027897, 54.9369304], [12.0278764, 54.9369266], [12.0278435, 54.93692]]]}}, {"type": "Feature", "properties": {"seamark_type": "harbour", "name": "Bogø Havn", "osm_id": 1038341974}, "geometry": {"type": "Polygon", "coordinates": [[[12.0515007, 54.912383], [12.051728, 54.9124089], [12.0517225, 54.9124228], [12.0517284, 54.9124372], [12.0517897, 54.9124505], [12.0520467, 54.912509], [12.0520734, 54.9125872], [12.0520971, 54.912659], [12.0521212, 54.9127241], [12.0521465, 54.912784], [12.0521682, 54.9128376], [12.0521371, 54.9128412], [12.0521497, 54.9128731], [12.0520344, 54.9128901], [12.0520274, 54.9128691], [12.0520198, 54.912846], [12.0517376, 54.9128778], [12.0515007, 54.912383]]]}}, {"type": "Feature", "properties": {"seamark_type": "harbour", "name": "Lergravsbroen", "osm_id": 1038341975}, "geometry": {"type": "Polygon", "coordinates": [[[11.8749119, 54.7544972], [11.8744505, 54.754324], [11.8739567, 54.7547869], [11.8736149, 54.7546932], [11.8736185, 54.7545502], [11.8740963, 54.754181], [11.8746825, 54.7534644], [11.874922, 54.7534908], [11.8757082, 54.7534659], [11.8760797, 54.7537977], [11.8759981, 54.7538319], [11.8758462, 54.7538888], [11.8758095, 54.7539035], [11.8757555, 54.7539098], [11.8756963, 54.7539121], [11.8756806, 54.7539086], [11.8756686, 54.7539027], [11.8756566, 54.7538959], [11.8756435, 54.7538843], [11.875627, 54.7538761], [11.8756154, 54.7538768], [11.8756069, 54.7538835], [11.875604, 54.7538891], [11.8756067, 54.7538934], [11.8756257, 54.7539136], [11.8756294, 54.7539355], [11.8756234, 54.7539671], [11.8756163, 54.7539747], [11.8756013, 54.7539842], [11.8755761, 54.7539927], [11.8755475, 54.7539988], [11.8754733, 54.7539987], [11.8754312, 54.7539947], [11.8754031, 54.7539933], [11.8753785, 54.7539994], [11.8753398, 54.7540102], [11.8753011, 54.7540257], [11.8752675, 54.7540475], [11.8750916, 54.754226], [11.8750342, 54.7542924], [11.8749257, 54.7544127], [11.8749031, 54.7544502], [11.8749098, 54.7544848], [11.8749119, 54.7544972]]]}}, {"type": "Feature", "properties": {"seamark_type": "harbour", "name": "Nykøbing Falster Lystbådehavn", "osm_id": 1038341977}, "geometry": {"type": "Polygon", "coordinates": [[[11.8596734, 54.7717365], [11.8612669, 54.7696156], [11.8613576, 54.7696396], [11.8613551, 54.7696515], [11.8613596, 54.7696685], [11.8613721, 54.7696855], [11.8615339, 54.769792], [11.8624263, 54.7703851], [11.8624425, 54.7703953], [11.8625367, 54.7704554], [11.8629809, 54.770608], [11.8633068, 54.7707182], [11.8630022, 54.7710418], [11.8628712, 54.7711716], [11.8628549, 54.7711916], [11.8628329, 54.7711857], [11.8626814, 54.7713595], [11.8626892, 54.7713621], [11.862713, 54.7713532], [11.8627296, 54.7713596], [11.8626825, 54.7714238], [11.862643, 54.7714139], [11.8625823, 54.7714727], [11.8625731, 54.7714667], [11.8625052, 54.7715224], [11.8624618, 54.7715675], [11.8624734, 54.7715734], [11.8624586, 54.7715847], [11.8624033, 54.771579], [11.8623629, 54.7715773], [11.8623419, 54.7715882], [11.8623109, 54.7716041], [11.8622525, 54.7716272], [11.8621989, 54.7716418], [11.8619834, 54.7716692], [11.8617389, 54.7717005], [11.8616571, 54.7716477], [11.8615889, 54.7716078], [11.8616091, 54.7715632], [11.8615648, 54.7715305], [11.8615066, 54.7715359], [11.8615096, 54.7715841], [11.8614849, 54.7715881], [11.861468, 54.771542], [11.8614262, 54.7715471], [11.8611631, 54.7716858], [11.8609072, 54.7715271], [11.8605671, 54.7713159], [11.860391, 54.7712071], [11.8605177, 54.7711422], [11.8605086, 54.7711368], [11.8604971, 54.7711298], [11.8603677, 54.7710523], [11.8605337, 54.7708427], [11.8608494, 54.770433], [11.8610724, 54.7701445], [11.8610885, 54.7701473], [11.8611053, 54.7701499], [11.8611271, 54.7701478], [11.8611439, 54.770144], [11.8611588, 54.7701376], [11.8611705, 54.7701291], [11.8611787, 54.7701196], [11.86118, 54.7701137], [11.861178, 54.7701051], [11.8611729, 54.7700922], [11.8611593, 54.7700778], [11.8611415, 54.7700706], [11.8611266, 54.7700663], [11.8611048, 54.7700652], [11.8610915, 54.7700668], [11.8610715, 54.7700716], [11.861063, 54.7700758], [11.8610537, 54.770082], [11.8610466, 54.7700891], [11.8610396, 54.770098], [11.8610315, 54.770112], [11.860783, 54.7704345], [11.8605279, 54.7707598], [11.8602935, 54.7710545], [11.8602778, 54.7710452], [11.8601706, 54.7712062], [11.8601476, 54.7712368], [11.8601872, 54.771247], [11.8602837, 54.7712721], [11.8603542, 54.7712365], [11.8605711, 54.7713717], [11.8607133, 54.771459], [11.8607237, 54.7714654], [11.8608123, 54.7715198], [11.8611153, 54.7717081], [11.8611028, 54.771714], [11.8610928, 54.7717192], [11.8610879, 54.7717163], [11.860997, 54.7717634], [11.8610088, 54.7717693], [11.8609876, 54.7717988], [11.8611068, 54.771876], [11.8611594, 54.7718504], [11.8611777, 54.7718629], [11.8611879, 54.7718697], [11.8611482, 54.7718936], [11.8610437, 54.7719577], [11.8609214, 54.772127], [11.860858, 54.7722199], [11.8607829, 54.77233], [11.8607701, 54.772351], [11.8607311, 54.7724153], [11.8600308, 54.7723077], [11.8595264, 54.772049], [11.8596734, 54.7717365]]]}}, {"type": "Feature", "properties": {"seamark_type": "harbour", "name": "Guldborg Bro og Bådehavn", "osm_id": 1038341978}, "geometry": {"type": "Polygon", "coordinates": [[[11.749697, 54.8704282], [11.7494733, 54.8697462], [11.7505372, 54.8695851], [11.750732, 54.8694607], [11.7509369, 54.8694557], [11.751101, 54.8700421], [11.7510475, 54.8700576], [11.750995, 54.8700856], [11.7509742, 54.8701015], [11.7509573, 54.8701143], [11.7509284, 54.8701363], [11.7508479, 54.8701987], [11.7507704, 54.8702464], [11.7507251, 54.8702684], [11.7507032, 54.8702741], [11.7506606, 54.8702762], [11.7506374, 54.8702811], [11.7505827, 54.8703103], [11.7505127, 54.8703397], [11.7504764, 54.8703517], [11.7504215, 54.8703651], [11.7503734, 54.8703861], [11.7503426, 54.870411], [11.7501504, 54.8704539], [11.7501413, 54.870451], [11.7500968, 54.8704768], [11.7500356, 54.8705306], [11.7501009, 54.8705585], [11.7500878, 54.8706151], [11.7500534, 54.8706211], [11.7499706, 54.8706362], [11.749915, 54.8706572], [11.7498999, 54.8706536], [11.7497983, 54.8705369], [11.749697, 54.8704282]]]}}, {"type": "Feature", "properties": {"seamark_type": "harbour", "name": "Oreby Bro", "osm_id": 1038341979}, "geometry": {"type": "Polygon", "coordinates": [[[11.5930007, 54.8268832], [11.5935762, 54.8265333], [11.5936512, 54.8265785], [11.5936428, 54.8265909], [11.5935749, 54.8266431], [11.5937024, 54.8267008], [11.593671, 54.8267225], [11.5937401, 54.8267559], [11.5936931, 54.8267882], [11.593625, 54.8267553], [11.5935986, 54.8267741], [11.593411, 54.8266805], [11.5930965, 54.8268749], [11.5930007, 54.8268832]]]}}, {"type": "Feature", "properties": {"seamark_type": "harbour", "name": "Sakskøbing Havn", "osm_id": 1038341980}, "geometry": {"type": "Polygon", "coordinates": [[[11.6332084, 54.8032991], [11.6332182, 54.8032701], [11.6332174, 54.8032434], [11.6331799, 54.8031754], [11.6331002, 54.8030276], [11.6330989, 54.8030099], [11.6331027, 54.8029988], [11.6331145, 54.802987], [11.633142, 54.8029665], [11.6333194, 54.8028758], [11.6336084, 54.8027319], [11.6336268, 54.8027228], [11.6336729, 54.8026999], [11.6339807, 54.802544], [11.6341118, 54.8024784], [11.6343908, 54.8023396], [11.6346428, 54.8022156], [11.6347436, 54.8021657], [11.6349249, 54.8022869], [11.6350657, 54.8023817], [11.6355391, 54.8021414], [11.6359855, 54.8019178], [11.6363919, 54.801716], [11.6367542, 54.8015342], [11.636859, 54.8014828], [11.6369017, 54.8015207], [11.6369602, 54.8014912], [11.6371032, 54.8014215], [11.6371342, 54.8014105], [11.6371639, 54.8013999], [11.6371876, 54.8013914], [11.6372231, 54.801414], [11.6372538, 54.8014385], [11.6372382, 54.8014444], [11.6372286, 54.8014508], [11.6372042, 54.8014671], [11.6372006, 54.8014696], [11.6371454, 54.8015196], [11.6370274, 54.80163], [11.6371, 54.8016906], [11.6371169, 54.8016972], [11.6371302, 54.8017022], [11.6369612, 54.8018606], [11.636816, 54.8019986], [11.6366917, 54.8021165], [11.6364173, 54.8023765], [11.636294, 54.8024938], [11.6356641, 54.8030876], [11.6356352, 54.8030768], [11.6355976, 54.8031117], [11.6356732, 54.8031385], [11.6357081, 54.8031471], [11.6357138, 54.8031635], [11.6357147, 54.8031786], [11.6357106, 54.8031895], [11.6356901, 54.8032098], [11.6355408, 54.8033403], [11.6355447, 54.8033476], [11.6355484, 54.8033549], [11.6355102, 54.8033818], [11.6353546, 54.8034917], [11.6352068, 54.8035849], [11.6351811, 54.8035923], [11.6351601, 54.8035914], [11.635121, 54.8035806], [11.6350517, 54.8035587], [11.6349781, 54.8035276], [11.6349151, 54.8034938], [11.6348435, 54.8034697], [11.6347061, 54.8034438], [11.6346373, 54.8034291], [11.6345928, 54.8034327], [11.6345435, 54.8034475], [11.6345235, 54.8034617], [11.6345145, 54.8034681], [11.634486, 54.8034674], [11.6344301, 54.8034613], [11.6344001, 54.8034632], [11.634378, 54.8034704], [11.6343662, 54.8034657], [11.6343524, 54.8034548], [11.6343409, 54.8034426], [11.6343176, 54.8034256], [11.6343016, 54.803417], [11.6332084, 54.8032991]]]}}, {"type": "Feature", "properties": {"seamark_type": "harbour", "name": "Dybvig Havn", "osm_id": 1038341981}, "geometry": {"type": "Polygon", "coordinates": [[[11.4347883, 54.9445293], [11.4346277, 54.9442533], [11.4354476, 54.9440298], [11.4358787, 54.9443608], [11.4358574, 54.9443704], [11.435829, 54.944392], [11.4358207, 54.9444172], [11.4358244, 54.9444453], [11.4358852, 54.944446], [11.4359925, 54.9450087], [11.4355252, 54.9450716], [11.4354991, 54.944728], [11.4355531, 54.9446246], [11.4356105, 54.9445104], [11.4356213, 54.944474], [11.4356127, 54.9444586], [11.4355947, 54.9444422], [11.4355626, 54.9444308], [11.4355322, 54.9444256], [11.4354943, 54.9444267], [11.4354841, 54.9444178], [11.4350834, 54.9445028], [11.4351007, 54.9446034], [11.4350336, 54.9446074], [11.4350193, 54.9445288], [11.434867, 54.9445636], [11.4348372, 54.94457], [11.434821, 54.9445693], [11.4347883, 54.9445293]]]}}, {"type": "Feature", "properties": {"seamark_type": "harbour", "name": "Nysted Havn", "osm_id": 1038341983}, "geometry": {"type": "Polygon", "coordinates": [[[11.7280764, 54.6648665], [11.7279426, 54.6647768], [11.7286195, 54.66435], [11.7288026, 54.6638745], [11.7293236, 54.6635452], [11.7296349, 54.6631474], [11.7296674, 54.6631611], [11.730154, 54.6635108], [11.7301822, 54.6635221], [11.7302403, 54.6635701], [11.730351, 54.6636423], [11.7304539, 54.663707], [11.7304714, 54.6637179], [11.7304866, 54.6637275], [11.7304573, 54.6639148], [11.729889, 54.6641837], [11.7298735, 54.6641677], [11.7299259, 54.6641429], [11.7298525, 54.6640866], [11.7297745, 54.6641181], [11.7298979, 54.6642165], [11.7297843, 54.6642691], [11.7297479, 54.664247], [11.7295127, 54.6643567], [11.7294879, 54.6643682], [11.7292151, 54.6644956], [11.7291125, 54.6645434], [11.7289801, 54.6646021], [11.7289662, 54.664609], [11.7289573, 54.6646132], [11.7288072, 54.6646811], [11.7283396, 54.6648932], [11.7283311, 54.66489], [11.7283727, 54.6648684], [11.7282081, 54.6647805], [11.7280961, 54.6648536], [11.7280764, 54.6648665]]]}}, {"type": "Feature", "properties": {"seamark_type": "harbour", "name": "Lundehøje Havn", "osm_id": 1038341984}, "geometry": {"type": "Polygon", "coordinates": [[[11.51151, 54.6363373], [11.5116189, 54.6363487], [11.5116058, 54.6363783], [11.5116285, 54.6363828], [11.5115594, 54.6365557], [11.5118759, 54.6366779], [11.5119454, 54.6369695], [11.5119276, 54.6371438], [11.5118664, 54.6371563], [11.5113199, 54.636965], [11.5112174, 54.6369808], [11.5111973, 54.6369348], [11.5112347, 54.6369331], [11.5112423, 54.6369143], [11.5112763, 54.636473], [11.5114376, 54.6364808], [11.5114691, 54.6363609], [11.5115005, 54.636364], [11.51151, 54.6363373]]]}}, {"type": "Feature", "properties": {"seamark_type": "harbour", "name": "Bakkerne Bådehavn", "osm_id": 1038343414}, "geometry": {"type": "Polygon", "coordinates": [[[14.9897112, 54.9994762], [14.989466, 54.9995233], [14.9893412, 54.9994645], [14.9894051, 54.999378], [14.9895853, 54.9993211], [14.9899522, 54.9992935], [14.989726, 54.9993553], [14.9896804, 54.9993579], [14.9897112, 54.9994762]]]}}, {"type": "Feature", "properties": {"seamark_type": "harbour", "name": "Haralds Havn", "osm_id": 1038343415}, "geometry": {"type": "Polygon", "coordinates": [[[15.0512619, 55.1660809], [15.0512557, 55.1659421], [15.0513185, 55.1659389], [15.0513146, 55.1660335], [15.0513613, 55.166034], [15.0513652, 55.1660052], [15.0514258, 55.1660098], [15.0513969, 55.1660932], [15.0512619, 55.1660809]]]}}, {"type": "Feature", "properties": {"seamark_type": "harbour", "name": "Christiansø Havn", "osm_id": 1038343416}, "geometry": {"type": "Polygon", "coordinates": [[[15.1858136, 55.3188924], [15.1862101, 55.3189902], [15.1864424, 55.3190526], [15.1865295, 55.3190727], [15.1865174, 55.3191427], [15.1864981, 55.3191536], [15.1864816, 55.3191652], [15.1864695, 55.3191756], [15.1864571, 55.3191872], [15.1864462, 55.3192055], [15.1864393, 55.31922], [15.1864299, 55.3192358], [15.1864158, 55.3192526], [15.1864002, 55.3192612], [15.1863782, 55.3192676], [15.1863501, 55.3192738], [15.1863299, 55.3192825], [15.1863118, 55.3192929], [15.1862948, 55.3193046], [15.1862817, 55.3193145], [15.1862748, 55.3193282], [15.1862692, 55.3193477], [15.186263, 55.3193727], [15.1862597, 55.3193948], [15.1861574, 55.3193892], [15.1861488, 55.3194189], [15.1862828, 55.3194262], [15.186284, 55.3194346], [15.1862819, 55.3194918], [15.1862658, 55.3194908], [15.1862535, 55.319618], [15.1862222, 55.3198658], [15.186195, 55.3201191], [15.1861721, 55.3203035], [15.1861307, 55.3203503], [15.186128, 55.320432], [15.1861275, 55.3204404], [15.1861282, 55.320536], [15.18561, 55.3205272], [15.1856177, 55.3205088], [15.1856218, 55.3204919], [15.1856228, 55.3204688], [15.1856222, 55.320441], [15.1856219, 55.3204257], [15.1856212, 55.3203856], [15.1855999, 55.3203859], [15.1855797, 55.3200192], [15.1853973, 55.3200145], [15.1853715, 55.319941], [15.1853871, 55.3199401], [15.1853173, 55.3197772], [15.1852388, 55.3196011], [15.1852302, 55.3195956], [15.1852105, 55.319592], [15.185065, 55.3195675], [15.185063, 55.3195515], [15.1850618, 55.3195385], [15.185059, 55.3195277], [15.1850453, 55.3195162], [15.1850113, 55.3195015], [15.1851626, 55.3192935], [15.1852859, 55.3193057], [15.1853488, 55.3193027], [15.1853848, 55.3192999], [15.1854134, 55.3192946], [15.1854355, 55.3192885], [15.1854472, 55.3192829], [15.1854517, 55.3192761], [15.1854577, 55.3192631], [15.1854577, 55.319248], [15.1854543, 55.3192343], [15.1854464, 55.319214], [15.1854351, 55.3192003], [15.1854217, 55.319189], [15.1854019, 55.3191766], [15.1853832, 55.3191705], [15.1852815, 55.319126], [15.1853169, 55.3190763], [15.1853885, 55.3190921], [15.1855045, 55.3189059], [15.1858136, 55.3188924]]]}}, {"type": "Feature", "properties": {"seamark_type": "harbour", "name": "Hasle Havn", "osm_id": 1038343417}, "geometry": {"type": "Polygon", "coordinates": [[[14.7020284, 55.1886652], [14.7021275, 55.1886569], [14.7022397, 55.1886493], [14.7023376, 55.1886334], [14.7023971, 55.1886246], [14.7024459, 55.1886129], [14.7024663, 55.1886081], [14.7024855, 55.1886007], [14.7025213, 55.1885791], [14.7026095, 55.1885103], [14.7026797, 55.1884471], [14.7027569, 55.1883855], [14.7028335, 55.1883257], [14.702898, 55.1882718], [14.7029479, 55.1882283], [14.7030105, 55.1881784], [14.7030473, 55.18815], [14.7030956, 55.1881179], [14.7031476, 55.1880813], [14.7032043, 55.1880258], [14.7032555, 55.187979], [14.7033156, 55.1879195], [14.7033338, 55.1879051], [14.7033478, 55.1878982], [14.7033622, 55.1878966], [14.7033732, 55.187897], [14.7033832, 55.1878995], [14.7035646, 55.1879697], [14.7035948, 55.1879821], [14.7036607, 55.1880092], [14.7036787, 55.1880165], [14.7038499, 55.1880965], [14.7038339, 55.1881306], [14.7038089, 55.1881859], [14.7037619, 55.1883001], [14.7037373, 55.1883922], [14.7037074, 55.1884851], [14.7037, 55.1885051], [14.7036937, 55.188515], [14.7036878, 55.188532], [14.7036784, 55.1885631], [14.7036729, 55.1885825], [14.7036685, 55.1885971], [14.7036635, 55.1886081], [14.7036587, 55.18862], [14.7036561, 55.1886336], [14.7036514, 55.1886519], [14.7036439, 55.1886759], [14.7036346, 55.1887117], [14.7036027, 55.1888153], [14.7036032, 55.1888312], [14.7035905, 55.188842], [14.7035819, 55.1888472], [14.7035504, 55.1888992], [14.7035239, 55.1889479], [14.7035173, 55.1889626], [14.7035197, 55.1889861], [14.7035167, 55.1890108], [14.7034699, 55.1890833], [14.7034647, 55.1890884], [14.7034363, 55.1891164], [14.7034084, 55.1891647], [14.7033722, 55.1892216], [14.7033523, 55.189257], [14.7033478, 55.1892607], [14.7033429, 55.189262], [14.7033342, 55.1892628], [14.7033254, 55.1892627], [14.7033153, 55.1892616], [14.7033017, 55.189261], [14.703288, 55.1892584], [14.7032744, 55.1892551], [14.7032625, 55.1892522], [14.7032414, 55.189243], [14.7031601, 55.1892091], [14.7030476, 55.189163], [14.70298, 55.1891386], [14.702857, 55.1890847], [14.7027693, 55.1890516], [14.7026583, 55.189009], [14.7025972, 55.1889815], [14.7025076, 55.1889404], [14.7024271, 55.1889078], [14.702388, 55.1888873], [14.7023724, 55.1888796], [14.7023536, 55.1888743], [14.7023189, 55.1888675], [14.7022836, 55.1888656], [14.7022177, 55.1888707], [14.7021656, 55.1888746], [14.7021077, 55.1888802], [14.7020527, 55.1888873], [14.7020333, 55.1888906], [14.7020186, 55.1888952], [14.7020097, 55.1889], [14.7020031, 55.1889044], [14.7019964, 55.1889094], [14.701989, 55.1889146], [14.7019819, 55.188917], [14.7019729, 55.188918], [14.7019629, 55.1889185], [14.7019507, 55.1889167], [14.7019401, 55.1889143], [14.7019325, 55.1889103], [14.7019229, 55.188906], [14.701915, 55.1889014], [14.7020284, 55.1886652]]]}}, {"type": "Feature", "properties": {"seamark_type": "harbour", "name": "Sildekajen", "osm_id": 1038343469}, "geometry": {"type": "Polygon", "coordinates": [[[9.9216837, 57.055978], [9.9227948, 57.0555728], [9.9228092, 57.0555846], [9.9216982, 57.0559898], [9.9216837, 57.055978]]]}}, {"type": "Feature", "properties": {"seamark_type": "harbour", "name": "Sønderhavn", "osm_id": 1039249614}, "geometry": {"type": "Polygon", "coordinates": [[[8.4434557, 55.4607215], [8.4434442, 55.4606717], [8.4433916, 55.4606736], [8.4433528, 55.460515], [8.4433283, 55.4605065], [8.4431859, 55.4605193], [8.4432003, 55.4605699], [8.4429783, 55.4605891], [8.4429401, 55.4605954], [8.4429033, 55.4606041], [8.4415979, 55.4606973], [8.4415614, 55.46073], [8.4414931, 55.4607077], [8.4413866, 55.4606697], [8.4412816, 55.4606339], [8.4411558, 55.4605848], [8.4410881, 55.4605622], [8.4410415, 55.4605446], [8.4409322, 55.460501], [8.4408725, 55.4604828], [8.4408157, 55.4604577], [8.4407903, 55.4604524], [8.4407563, 55.4604408], [8.4407212, 55.4604261], [8.4406664, 55.4604024], [8.4406221, 55.46039], [8.4405416, 55.4603577], [8.4404962, 55.4603454], [8.4403385, 55.4602832], [8.4402009, 55.460234], [8.4401242, 55.4602032], [8.4400116, 55.4601581], [8.4399564, 55.4601388], [8.4399372, 55.4601274], [8.4399246, 55.4601078], [8.4399076, 55.460096], [8.4398794, 55.4600801], [8.439834, 55.4600675], [8.4397914, 55.4600626], [8.4397623, 55.4600635], [8.4397437, 55.4600681], [8.4397309, 55.4600785], [8.4397187, 55.4601039], [8.4397151, 55.4601473], [8.4397172, 55.4601689], [8.4397293, 55.4601913], [8.4396906, 55.4602246], [8.4396373, 55.4602695], [8.4396412, 55.4602748], [8.4397821, 55.4603286], [8.4400399, 55.460428], [8.4402824, 55.4605211], [8.440264, 55.4605471], [8.4402661, 55.4605493], [8.4404442, 55.460588], [8.440559, 55.4606145], [8.4405554, 55.4606184], [8.4406576, 55.4606719], [8.4406779, 55.460658], [8.4407084, 55.460685], [8.4409285, 55.4607331], [8.4408982, 55.4607733], [8.4406932, 55.4609561], [8.4405055, 55.460895], [8.4405535, 55.4607312], [8.4404979, 55.4607256], [8.4404483, 55.4608953], [8.4404412, 55.4608929], [8.440377, 55.4609492], [8.4402075, 55.4608859], [8.4401942, 55.4608978], [8.4400919, 55.4608624], [8.4400334, 55.4609177], [8.4401574, 55.460963], [8.4403028, 55.4610158], [8.4402629, 55.4610512], [8.4402075, 55.4610296], [8.4398542, 55.4609006], [8.4394398, 55.46075], [8.4391619, 55.4606468], [8.4391403, 55.4606452], [8.4389646, 55.4605753], [8.4388543, 55.4605404], [8.4388589, 55.4605368], [8.4386955, 55.4604736], [8.4386445, 55.4604748], [8.4385925, 55.4604964], [8.4385732, 55.460519], [8.4386222, 55.4609034], [8.4386662, 55.4611635], [8.438708, 55.4614328], [8.4388633, 55.4625451], [8.4384283, 55.4625636], [8.4384185, 55.4625704], [8.4384292, 55.462639], [8.437728, 55.4626707], [8.4373883, 55.462514], [8.4373392, 55.4621744], [8.436926, 55.4621927], [8.436678, 55.4605075], [8.4361163, 55.4605304], [8.4361723, 55.4609266], [8.4358749, 55.4609409], [8.4358143, 55.4604653], [8.435748, 55.4604679], [8.4356718, 55.4599233], [8.4356013, 55.4594365], [8.4355504, 55.4590833], [8.4355099, 55.458814], [8.4354489, 55.4584036], [8.435536, 55.4582985], [8.4355644, 55.4582899], [8.4355878, 55.4582773], [8.4356046, 55.4582618], [8.4356139, 55.4582442], [8.4356148, 55.4582259], [8.4356102, 55.4582129], [8.435592, 55.4581959], [8.4355667, 55.4581821], [8.4355359, 55.4581726], [8.4355018, 55.4581678], [8.4383822, 55.4572367], [8.4383942, 55.4572682], [8.4384049, 55.4572825], [8.438436, 55.4572963], [8.4384716, 55.4573061], [8.43851, 55.4573115], [8.4385199, 55.4573121], [8.4385592, 55.4573062], [8.4385887, 55.4572945], [8.4398332, 55.4573152], [8.4400199, 55.4573177], [8.4400202, 55.4573116], [8.4400505, 55.4573148], [8.4400812, 55.4573135], [8.4401007, 55.4573103], [8.4401157, 55.4573244], [8.440124, 55.457329], [8.4401352, 55.4573319], [8.4401849, 55.4573377], [8.4402505, 55.4573495], [8.4402782, 55.457351], [8.4403364, 55.4573477], [8.4403609, 55.4573471], [8.4403971, 55.4573489], [8.4404653, 55.4573554], [8.4405058, 55.4573577], [8.4405835, 55.4573593], [8.4406687, 55.4573672], [8.4406898, 55.4573689], [8.4407491, 55.4573709], [8.4408048, 55.4573696], [8.4408321, 55.4573695], [8.4409341, 55.4573751], [8.4409625, 55.4573759], [8.441016, 55.4573767], [8.4410545, 55.4573779], [8.4411045, 55.4573809], [8.441188, 55.4573797], [8.4412028, 55.4573796], [8.4412783, 55.4573848], [8.4413161, 55.4573895], [8.4413904, 55.4574078], [8.4414215, 55.4574154], [8.4414884, 55.4574346], [8.4415155, 55.457441], [8.441638, 55.457471], [8.441687, 55.4574815], [8.4417531, 55.4575068], [8.4417751, 55.457515], [8.4418051, 55.457521], [8.4418856, 55.4575396], [8.4419382, 55.4575523], [8.4420031, 55.45757], [8.4420265, 55.4575749], [8.4420916, 55.4575862], [8.4421191, 55.4575919], [8.4421551, 55.457605], [8.4421604, 55.4576115], [8.4421624, 55.4576154], [8.4421728, 55.4576196], [8.4422298, 55.4576302], [8.4422565, 55.4576351], [8.4423355, 55.4576491], [8.4424069, 55.4576681], [8.4424664, 55.4576759], [8.4425229, 55.4576869], [8.4425527, 55.4576921], [8.4425667, 55.4576968], [8.4425801, 55.4576998], [8.4426026, 55.4576949], [8.4426366, 55.457694], [8.4426573, 55.4577193], [8.4429021, 55.4580076], [8.4429137, 55.4580093], [8.4439022, 55.4579306], [8.4444597, 55.4578862], [8.4449706, 55.457846], [8.445572, 55.4577984], [8.4461586, 55.4577521], [8.446568, 55.4577191], [8.4470871, 55.4576779], [8.4474727, 55.4576484], [8.4478424, 55.4576175], [8.4481618, 55.4575924], [8.4484688, 55.4575685], [8.4487674, 55.4575434], [8.4492099, 55.4575078], [8.4492772, 55.4577826], [8.4477497, 55.4579451], [8.4484471, 55.4603895], [8.4484338, 55.4603838], [8.4481446, 55.460425], [8.4473148, 55.4605524], [8.4467872, 55.4606317], [8.4462239, 55.4607164], [8.4460629, 55.4607411], [8.4460284, 55.4606653], [8.4460661, 55.4606603], [8.4460244, 55.4605689], [8.4459865, 55.4605752], [8.4459664, 55.4605309], [8.4459362, 55.4605202], [8.4454162, 55.4605637], [8.4448621, 55.4606083], [8.444304, 55.4606529], [8.4436723, 55.4607032], [8.4434557, 55.4607215]]]}}, {"type": "Feature", "properties": {"seamark_type": "harbour", "name": "Scanport Havn", "osm_id": 1039251391}, "geometry": {"type": "Polygon", "coordinates": [[[12.6565734, 55.6367617], [12.6562907, 55.6367706], [12.656049, 55.6367791], [12.6558255, 55.6367857], [12.6558235, 55.6367785], [12.6556369, 55.6367818], [12.6554236, 55.6367874], [12.6554239, 55.6367973], [12.6554241, 55.6368047], [12.6553532, 55.6368067], [12.6552936, 55.6368083], [12.6552931, 55.6367993], [12.6552881, 55.6367647], [12.6552784, 55.6366896], [12.6552688, 55.6365559], [12.6552414, 55.6361714], [12.6552179, 55.6358429], [12.6552153, 55.6358046], [12.6552131, 55.6357516], [12.6552126, 55.6357429], [12.6552032, 55.6355617], [12.6555223, 55.6355986], [12.656059, 55.6356536], [12.6560853, 55.6356577], [12.6561021, 55.635664], [12.6561366, 55.6357054], [12.656278, 55.6358866], [12.6563893, 55.636028], [12.6564957, 55.636167], [12.6566095, 55.6363144], [12.6566223, 55.6363257], [12.6566434, 55.6363337], [12.6567787, 55.6363722], [12.6568959, 55.6364048], [12.6569558, 55.6364064], [12.6565992, 55.6368189], [12.6565734, 55.6367617]]]}}, {"type": "Feature", "properties": {"seamark_type": "harbour", "name": "Kastrup Broforenings Bådehavn", "osm_id": 1039251392}, "geometry": {"type": "Polygon", "coordinates": [[[12.6575624, 55.6353035], [12.6577047, 55.635516], [12.656883, 55.6353769], [12.6568912, 55.6353549], [12.6568969, 55.6353449], [12.6569119, 55.635332], [12.6569632, 55.635309], [12.6570254, 55.6352858], [12.6570623, 55.6352725], [12.6570931, 55.6352622], [12.6570616, 55.6352348], [12.6567956, 55.6353312], [12.6567095, 55.6353293], [12.6563771, 55.6352736], [12.6561476, 55.6352351], [12.6553871, 55.6351054], [12.6551833, 55.6350797], [12.6551797, 55.635088], [12.6549029, 55.6350433], [12.6548172, 55.6350284], [12.6538839, 55.6348655], [12.6537336, 55.6348409], [12.653781, 55.6347725], [12.6536543, 55.6347443], [12.6536623, 55.6347294], [12.6536825, 55.6346987], [12.653717, 55.6346507], [12.6539009, 55.6346911], [12.6550761, 55.6349352], [12.6552882, 55.6349789], [12.6556202, 55.635041], [12.6562695, 55.6351596], [12.6564604, 55.635176], [12.6564711, 55.6351585], [12.6565234, 55.635073], [12.6563554, 55.6350259], [12.6558402, 55.6349294], [12.655219, 55.6348163], [12.6550087, 55.6347798], [12.6550845, 55.634654], [12.6551175, 55.6346595], [12.6561642, 55.634836], [12.6563667, 55.6348675], [12.6563913, 55.6348398], [12.6565114, 55.6347041], [12.6568466, 55.6347667], [12.6568858, 55.6347943], [12.6569185, 55.6348417], [12.6569604, 55.6349266], [12.6569727, 55.6349676], [12.6569705, 55.6350227], [12.6569625, 55.6350882], [12.6569383, 55.6351271], [12.6568582, 55.6351603], [12.6568763, 55.635175], [12.6569921, 55.6351226], [12.6571063, 55.635073], [12.6574909, 55.6351978], [12.6575344, 55.6353081], [12.6575624, 55.6353035]]]}}, {"type": "Feature", "properties": {"seamark_type": "harbour", "name": "Verdens Ende", "osm_id": 1039251393}, "geometry": {"type": "Polygon", "coordinates": [[[9.7726996, 54.9179155], [9.7726116, 54.917963], [9.7726194, 54.9179699], [9.7725467, 54.9179799], [9.7723289, 54.9180162], [9.7720979, 54.9180524], [9.7719081, 54.9180836], [9.7715479, 54.9181409], [9.7713432, 54.9181742], [9.7710147, 54.9182272], [9.7708232, 54.9182571], [9.7706439, 54.9182873], [9.7704064, 54.9183232], [9.7702867, 54.9183442], [9.7701612, 54.9183653], [9.7700071, 54.9183957], [9.7699273, 54.9184223], [9.7698611, 54.9184453], [9.7697928, 54.9184733], [9.7697295, 54.9185061], [9.7696672, 54.918544], [9.7696488, 54.9185593], [9.7695963, 54.9185982], [9.7695251, 54.9186711], [9.7694791, 54.9187337], [9.7694462, 54.9187866], [9.7694249, 54.9188367], [9.7694133, 54.9189323], [9.7694142, 54.9190218], [9.7694175, 54.9191764], [9.7694231, 54.9193267], [9.7694235, 54.9194009], [9.7694202, 54.9194928], [9.7694317, 54.9196841], [9.7694318, 54.9198229], [9.7694319, 54.9199731], [9.7694326, 54.9200522], [9.7694219, 54.9200884], [9.7692628, 54.9200877], [9.769262, 54.9195235], [9.7691772, 54.9194775], [9.7691795, 54.919451], [9.7692615, 54.9193944], [9.7692815, 54.9187137], [9.7694858, 54.918458], [9.7695774, 54.9184031], [9.7698633, 54.9182767], [9.7698986, 54.9182666], [9.7704104, 54.9181518], [9.7704557, 54.918146], [9.7710618, 54.9180868], [9.7713361, 54.9180377], [9.7719286, 54.9179084], [9.7727623, 54.9177843], [9.7734067, 54.9176318], [9.7734227, 54.9176172], [9.7744524, 54.9174163], [9.7745764, 54.9173917], [9.7756674, 54.9172296], [9.7755958, 54.9170832], [9.7756302, 54.917078], [9.7757197, 54.9172705], [9.7756514, 54.9173005], [9.7756029, 54.9173081], [9.7755034, 54.9173236], [9.7752574, 54.9173617], [9.7750592, 54.917397], [9.7749646, 54.9174197], [9.7749267, 54.9174356], [9.7748972, 54.9174587], [9.7748647, 54.9174791], [9.7748263, 54.9174857], [9.7747798, 54.9174792], [9.7747258, 54.9174847], [9.7746545, 54.9174919], [9.7745573, 54.9175041], [9.7744571, 54.9175233], [9.7742893, 54.9175593], [9.7741775, 54.9175691], [9.7740477, 54.9175775], [9.7739521, 54.9175901], [9.7738043, 54.9176197], [9.7736485, 54.9176617], [9.7733776, 54.9177342], [9.7732306, 54.9177646], [9.7730743, 54.9177982], [9.7728185, 54.9178714], [9.7726996, 54.9179155]]]}}, {"type": "Feature", "properties": {"seamark_type": "harbour", "name": "Hardeshøj Færgebro", "osm_id": 1039251394}, "geometry": {"type": "Polygon", "coordinates": [[[9.692375, 55.0083833], [9.6923728, 55.0083896], [9.6923749, 55.008396], [9.6923786, 55.0084014], [9.692405, 55.0084161], [9.6924197, 55.0084161], [9.6924379, 55.0084104], [9.6926314, 55.0083267], [9.6926786, 55.0083243], [9.6927237, 55.0083263], [9.6928506, 55.0083269], [9.6928884, 55.0083327], [9.6929079, 55.0083401], [9.6929221, 55.0083561], [9.6929286, 55.0083757], [9.6929314, 55.0083883], [9.6929282, 55.0084703], [9.6929246, 55.008508], [9.6929131, 55.0086096], [9.6929067, 55.0088098], [9.6929051, 55.0088265], [9.6928945, 55.0088557], [9.6928898, 55.0088686], [9.6928846, 55.008883], [9.6928822, 55.0088882], [9.6928778, 55.0089025], [9.6928732, 55.0089091], [9.6928493, 55.0089288], [9.6928186, 55.0089474], [9.6927199, 55.0089819], [9.6926646, 55.0089822], [9.6926426, 55.0089767], [9.6925704, 55.0089216], [9.6925346, 55.0088902], [9.6924696, 55.0088249], [9.692196, 55.0085636], [9.6920487, 55.0084319], [9.692375, 55.0083833]]]}}, {"type": "Feature", "properties": {"seamark_type": "harbour", "name": "Mjelsvig Bådehavn", "osm_id": 1039251395}, "geometry": {"type": "Polygon", "coordinates": [[[9.7148298, 55.0321039], [9.7150221, 55.0318388], [9.7151082, 55.0318614], [9.715169, 55.0318755], [9.7152897, 55.0319147], [9.7153601, 55.0319497], [9.7154075, 55.0319833], [9.7154275, 55.0320022], [9.7154533, 55.0320106], [9.7155001, 55.0320106], [9.715581, 55.0320031], [9.7155964, 55.0319945], [9.7155941, 55.0319712], [9.7156026, 55.0319506], [9.715614, 55.0319402], [9.7156157, 55.0319221], [9.7156113, 55.0318863], [9.7156053, 55.0318532], [9.7155946, 55.0318251], [9.7155973, 55.0318011], [9.7156433, 55.0317654], [9.715747, 55.0317118], [9.7157597, 55.0317331], [9.7160898, 55.0318855], [9.7162472, 55.0320045], [9.7162321, 55.0320131], [9.7157912, 55.0322767], [9.7156678, 55.0322908], [9.7154865, 55.0323254], [9.7151047, 55.0323602], [9.7150149, 55.0323751], [9.7149286, 55.0324074], [9.7149166, 55.0323939], [9.7149947, 55.0323647], [9.7148301, 55.0321202], [9.7148298, 55.0321039]]]}}, {"type": "Feature", "properties": {"seamark_type": "harbour", "name": "Fynshav Bådehavn", "osm_id": 1039251396}, "geometry": {"type": "Polygon", "coordinates": [[[9.9868808, 54.9931091], [9.9866354, 54.993502], [9.9866123, 54.9934871], [9.9865756, 54.9934797], [9.9863896, 54.9934482], [9.9862606, 54.9934113], [9.9861765, 54.9933772], [9.9861057, 54.9933407], [9.9860694, 54.9933128], [9.9860478, 54.9932793], [9.9860138, 54.9932044], [9.9859592, 54.9927323], [9.9859294, 54.9925547], [9.9859033, 54.9925301], [9.9858286, 54.99252], [9.9854212, 54.9924438], [9.9853581, 54.9924144], [9.9852268, 54.9923455], [9.9851709, 54.9923163], [9.9850796, 54.9922685], [9.9848289, 54.9920841], [9.9847752, 54.9920303], [9.9847516, 54.9919865], [9.9847531, 54.9919666], [9.9847761, 54.991941], [9.9848609, 54.9918935], [9.9848984, 54.9918713], [9.9849017, 54.9918659], [9.9849101, 54.9918528], [9.9849122, 54.9918495], [9.9849124, 54.9918379], [9.9849132, 54.9918007], [9.9849283, 54.9917783], [9.9849569, 54.9917457], [9.9850598, 54.991697], [9.9851433, 54.9916739], [9.9853806, 54.9918175], [9.9855555, 54.9919246], [9.9857064, 54.9917554], [9.985566, 54.9916757], [9.9852743, 54.9915007], [9.9852652, 54.9914954], [9.9852272, 54.9914734], [9.985257, 54.9914603], [9.9852856, 54.9914774], [9.9854636, 54.9913189], [9.9854164, 54.9912925], [9.985439, 54.9912829], [9.9854789, 54.9913052], [9.9855389, 54.9912518], [9.9856088, 54.9912228], [9.9856614, 54.9912213], [9.985705, 54.9912235], [9.9857492, 54.9912444], [9.9863152, 54.9915317], [9.9863383, 54.9915434], [9.9865738, 54.991663], [9.9868251, 54.9918004], [9.9868476, 54.9918127], [9.9871261, 54.9919651], [9.9871754, 54.9920072], [9.9871973, 54.9920318], [9.9872284, 54.9920905], [9.9872422, 54.9921205], [9.9872406, 54.9921523], [9.9872725, 54.992158], [9.9872643, 54.9921768], [9.9872321, 54.9921715], [9.9872172, 54.9921984], [9.9871195, 54.9923661], [9.9869282, 54.9926972], [9.9869651, 54.9927048], [9.9869537, 54.9927238], [9.9869173, 54.9927163], [9.9868222, 54.9928806], [9.9868206, 54.993058], [9.9868543, 54.9931039], [9.9868808, 54.9931091]]]}}, {"type": "Feature", "properties": {"seamark_type": "harbour", "name": "Bielenberg", "osm_id": 1043257026}, "geometry": {"type": "Polygon", "coordinates": [[[9.4380297, 53.7461825], [9.4379599, 53.7462634], [9.437973, 53.7462702], [9.4379782, 53.7462808], [9.437972, 53.7463338], [9.4379683, 53.7463483], [9.4379733, 53.746358], [9.4379827, 53.7463625], [9.4379836, 53.7463704], [9.437976, 53.74638], [9.4379117, 53.7464233], [9.4379337, 53.7464347], [9.4379854, 53.7464613], [9.4380055, 53.7464597], [9.4380277, 53.7464637], [9.4380612, 53.746476], [9.438265, 53.7465731], [9.4385225, 53.7464736], [9.4385782, 53.7464308], [9.4385929, 53.7462793], [9.4382278, 53.746125], [9.4380687, 53.7461827], [9.4380545, 53.7461857], [9.4380412, 53.7461852], [9.4380297, 53.7461825]]]}}, {"type": "Feature", "properties": {"seamark_type": "harbour", "name": "Guest Harbour", "osm_id": 1055012344}, "geometry": {"type": "Polygon", "coordinates": [[[13.0691085, 55.6756723], [13.0689521, 55.6754581], [13.0686488, 55.6755038], [13.0690147, 55.6756967], [13.0691085, 55.6756723]]]}}, {"type": "Feature", "properties": {"seamark_type": "harbour", "name": "Toreby Sejlklubs havn", "osm_id": 1062315685}, "geometry": {"type": "Polygon", "coordinates": [[[11.8623047, 54.7608666], [11.8598753, 54.7607003], [11.8577182, 54.760521], [11.8578316, 54.7596923], [11.8626031, 54.7599982], [11.8623047, 54.7608666]]]}}, {"type": "Feature", "properties": {"seamark_type": "harbour", "name": "Jachthaven Molenstreek", "osm_id": 1065143296}, "geometry": {"type": "Polygon", "coordinates": [[[6.8802577, 53.1044475], [6.8802363, 53.1044354], [6.8801625, 53.1043922], [6.8806761, 53.1040791], [6.880766, 53.1041331], [6.8806755, 53.1041891], [6.8805814, 53.1042473], [6.8804889, 53.1043045], [6.8803953, 53.1043624], [6.8803015, 53.1044204], [6.8802577, 53.1044475]]]}}, {"type": "Feature", "properties": {"seamark_type": "harbour", "name": "Ryahamnen", "osm_id": 1069919345}, "geometry": {"type": "Polygon", "coordinates": [[[11.8878641, 57.6896763], [11.8890631, 57.6894122], [11.8920994, 57.6896817], [11.8943118, 57.6905519], [11.8937379, 57.6906618], [11.8931705, 57.6907704], [11.8932042, 57.6908311], [11.8922908, 57.6910078], [11.8920772, 57.6910491], [11.8920805, 57.6910676], [11.8917675, 57.6911287], [11.8917878, 57.6911563], [11.8915409, 57.6911869], [11.8914175, 57.6911866], [11.8912886, 57.6911904], [11.8910607, 57.6911895], [11.8910603, 57.6911228], [11.8904798, 57.6910513], [11.8894943, 57.6909309], [11.8892172, 57.6908966], [11.8889195, 57.6908733], [11.8888408, 57.6908331], [11.8886036, 57.6904958], [11.8885804, 57.6904316], [11.888545, 57.6903708], [11.888608, 57.690312], [11.8885742, 57.6902367], [11.8884969, 57.6902128], [11.8885037, 57.6901889], [11.8885656, 57.6901714], [11.8885741, 57.6901403], [11.8884834, 57.6901428], [11.8884112, 57.6900935], [11.8883451, 57.6900868], [11.8882863, 57.6900291], [11.8881714, 57.6898894], [11.8880146, 57.6897554], [11.8879443, 57.6896945], [11.8878641, 57.6896763]]]}}, {"type": "Feature", "properties": {"seamark_type": "anchorage", "name": "Pater Noster Anchorage", "osm_id": 1074891787}, "geometry": {"type": "Polygon", "coordinates": [[[11.3798943, 57.9417198], [11.380002, 57.916768], [11.3333097, 57.9167111], [11.333202, 57.941663], [11.3798943, 57.9417198]]]}}, {"type": "Feature", "properties": {"seamark_type": "anchorage", "name": "B", "osm_id": 1074899378}, "geometry": {"type": "Polygon", "coordinates": [[[11.6872833, 57.5696], [11.6554167, 57.5696], [11.64255, 57.537], [11.6745833, 57.537], [11.6872833, 57.5696]]]}}, {"type": "Feature", "properties": {"seamark_type": "anchorage", "name": "C", "osm_id": 1074899379}, "geometry": {"type": "Polygon", "coordinates": [[[11.7024833, 57.6079167], [11.6693331, 57.6046665], [11.6554168, 57.5696003], [11.6872834, 57.5696001], [11.7024833, 57.6079167]]]}}, {"type": "Feature", "properties": {"seamark_type": "anchorage", "name": "A", "osm_id": 1074909379}, "geometry": {"type": "Polygon", "coordinates": [[[11.59575, 57.5453167], [11.5405, 57.5453167], [11.5405, 57.5785], [11.563, 57.58225], [11.59575, 57.5686667], [11.5955377, 57.5639796], [11.59575, 57.5453167]]]}}, {"type": "Feature", "properties": {"seamark_type": "anchorage", "name": null, "osm_id": 1074917444}, "geometry": {"type": "Polygon", "coordinates": [[[11.6926513, 57.6810039], [11.69269, 57.6810065], [11.6927266, 57.6810136], [11.6927594, 57.6810249], [11.6927866, 57.6810398], [11.6928069, 57.6810576], [11.6928193, 57.6810774], [11.6928232, 57.6810981], [11.6928183, 57.6811188], [11.692805, 57.6811383], [11.6927838, 57.6811558], [11.6927577, 57.6811696], [11.6927269, 57.6811801], [11.6926925, 57.6811869], [11.6926563, 57.6811898], [11.6926198, 57.6811885], [11.6925845, 57.6811832], [11.6925522, 57.681174], [11.6925241, 57.6811614], [11.6924995, 57.6811441], [11.692483, 57.6811241], [11.6924758, 57.6811027], [11.692478, 57.6810809], [11.6924897, 57.68106], [11.6925101, 57.6810412], [11.6925382, 57.6810254], [11.6925724, 57.6810135], [11.6926108, 57.6810062], [11.6926513, 57.6810039]]]}}, {"type": "Feature", "properties": {"seamark_type": "anchorage", "name": null, "osm_id": 1074977815}, "geometry": {"type": "Polygon", "coordinates": [[[11.1590924, 58.1770329], [11.1587683, 58.1773481], [11.1584609, 58.1776679], [11.1581704, 58.1779921], [11.157897, 58.1783204], [11.157641, 58.1786525], [11.1574025, 58.1789883], [11.1571817, 58.1793274], [11.1569788, 58.1796696], [11.156794, 58.1800146], [11.1566273, 58.1803622], [11.1564789, 58.1807121], [11.156349, 58.181064], [11.1562376, 58.1814177], [11.1561448, 58.1817728], [11.1560707, 58.1821292], [11.1560153, 58.1824865], [11.1559787, 58.1828445], [11.1559609, 58.1832028], [11.1559619, 58.1835613], [11.1559817, 58.1839197], [11.1560204, 58.1842776], [11.1560778, 58.1846348], [11.156154, 58.184991], [11.1562488, 58.185346], [11.1563622, 58.1856994], [11.1564942, 58.1860511], [11.1566445, 58.1864007], [11.1568132, 58.1867479], [11.157, 58.1870926], [11.1572048, 58.1874344], [11.1574276, 58.187773], [11.157668, 58.1881083], [11.1579259, 58.18844], [11.1582011, 58.1887678], [11.1584935, 58.1890914], [11.1588027, 58.1894106], [11.1591286, 58.1897252], [11.1594708, 58.1900349], [11.1598292, 58.1903395], [11.1602035, 58.1906387], [11.1605933, 58.1909324], [11.1609984, 58.1912203], [11.1614184, 58.1915021], [11.1618531, 58.1917777], [11.1623021, 58.1920469], [11.1627651, 58.1923094], [11.1632417, 58.1925651], [11.1637315, 58.1928137], [11.1642342, 58.193055], [11.1647493, 58.1932889], [11.1652766, 58.1935153], [11.1658155, 58.1937338], [11.1663657, 58.1939444], [11.1669268, 58.1941469], [11.1674982, 58.1943411], [11.1680797, 58.1945269], [11.1686707, 58.1947042], [11.1692707, 58.1948727], [11.1698794, 58.1950325], [11.1704963, 58.1951833], [11.1711208, 58.1953251], [11.1717525, 58.1954576], [11.172391, 58.195581], [11.1730357, 58.1956949], [11.1736861, 58.1957994], [11.1743418, 58.1958944], [11.1750022, 58.1959798], [11.1756668, 58.1960555], [11.1763352, 58.1961215], [11.1770067, 58.1961777], [11.177681, 58.1962241], [11.1783574, 58.1962607], [11.1790355, 58.1962874], [11.1797148, 58.1963041], [11.1803946, 58.196311], [11.1810746, 58.1963079], [11.1817542, 58.1962949], [11.1824327, 58.196272], [11.1831099, 58.1962392], [11.183785, 58.1961966], [11.1844577, 58.1961441], [11.1851273, 58.1960818], [11.1857935, 58.1960098], [11.1864539, 58.1959283], [11.1871098, 58.1958373], [11.1877607, 58.1957367], [11.1884061, 58.1956267], [11.1890454, 58.1955073], [11.1896783, 58.1953787], [11.1903042, 58.1952409], [11.1909226, 58.1950941], [11.1915331, 58.1949383], [11.1921352, 58.1947737], [11.1927285, 58.1946004], [11.1933124, 58.1944186], [11.1938866, 58.1942283], [11.1944507, 58.1940297], [11.1950041, 58.193823], [11.1955464, 58.1936083], [11.1960773, 58.1933858], [11.1965964, 58.1931557], [11.1971032, 58.1929181], [11.1975973, 58.1926732], [11.1980785, 58.1924212], [11.1985462, 58.1921623], [11.1990003, 58.1918967], [11.1994402, 58.1916246], [11.1998657, 58.1913461], [11.2002765, 58.1910616], [11.2006722, 58.1907713], [11.2010525, 58.1904752], [11.2014172, 58.1901738], [11.201766, 58.1898671], [11.2020985, 58.1895555], [11.2024146, 58.1892392], [11.2027141, 58.1889184], [11.2029966, 58.1885933], [11.203262, 58.1882643], [11.20351, 58.1879315], [11.2037405, 58.1875952], [11.2039534, 58.1872557], [11.2041483, 58.1869132], [11.2043253, 58.1865681], [11.2044841, 58.1862204], [11.2046246, 58.1858706], [11.2047468, 58.1855189], [11.2048505, 58.1851655], [11.2049356, 58.1848108], [11.2050021, 58.1844549], [11.20505, 58.1840982], [11.2050792, 58.183741], [11.2050896, 58.1833834], [11.2050814, 58.1830258], [11.2050544, 58.1826685], [11.2050087, 58.1823117], [11.2049443, 58.1819557], [11.2048613, 58.1816008], [11.2047598, 58.1812472], [11.2046398, 58.1808952], [11.2045014, 58.1805451], [11.2043447, 58.1801972], [11.2041698, 58.1798516], [11.203977, 58.1795088], [11.2037662, 58.1791688], [11.2035377, 58.1788321], [11.2032917, 58.1784988], [11.2030283, 58.1781692], [11.2027478, 58.1778436], [11.2024503, 58.1775222], [11.2021362, 58.1772052], [11.2018055, 58.1768929], [11.2014586, 58.1765856], [11.2010957, 58.1762834], [11.2007172, 58.1759866], [11.2003233, 58.1756954], [11.1999142, 58.1754101], [11.1994904, 58.1751308], [11.1990522, 58.1748578], [11.1985998, 58.1745913], [11.1981336, 58.1743315], [11.197654, 58.1740786], [11.1971662, 58.1738351], [11.196666, 58.1735988], [11.1961538, 58.1733697], [11.1956299, 58.1731481], [11.1950946, 58.1729342], [11.1945485, 58.172728], [11.1939919, 58.1725298], [11.1934252, 58.1723397], [11.1928489, 58.1721578], [11.1922634, 58.1719843], [11.1916691, 58.1718193], [11.1910665, 58.171663], [11.190456, 58.1715154], [11.1898381, 58.1713766], [11.1892132, 58.1712468], [11.1885818, 58.1711261], [11.1879444, 58.1710145], [11.1873014, 58.1709121], [11.1866534, 58.1708191], [11.1860008, 58.1707354], [11.1853441, 58.1706612], [11.1846838, 58.1705964], [11.1840204, 58.1705412], [11.1833544, 58.1704956], [11.1826862, 58.1704596], [11.1820165, 58.1704333], [11.1813456, 58.1704166], [11.1806741, 58.1704096], [11.1800025, 58.1704123], [11.1793313, 58.1704246], [11.178661, 58.1704467], [11.1779921, 58.1704784], [11.1773251, 58.1705197], [11.1766604, 58.1705706], [11.1759987, 58.1706311], [11.1753403, 58.1707011], [11.1746858, 58.1707806], [11.1740357, 58.1708695], [11.1733904, 58.1709677], [11.1727505, 58.1710752], [11.1721164, 58.1711918], [11.1714885, 58.1713176], [11.1708674, 58.1714524], [11.1702535, 58.1715961], [11.1696474, 58.1717485], [11.1690493, 58.1719097], [11.1684598, 58.1720794], [11.1678793, 58.1722575], [11.1673083, 58.172444], [11.1667472, 58.1726386], [11.1661963, 58.1728412], [11.1656562, 58.1730517], [11.1651272, 58.1732699], [11.1646096, 58.1734957], [11.164104, 58.1737288], [11.1636107, 58.1739691], [11.16313, 58.1742165], [11.1626623, 58.1744706], [11.1622079, 58.1747314], [11.1617673, 58.1749987], [11.1613406, 58.1752722], [11.1609284, 58.1755518], [11.1605307, 58.1758372], [11.160148, 58.1761282], [11.1597805, 58.1764247], [11.1594286, 58.1767263], [11.1590924, 58.1770329]]]}}, {"type": "Feature", "properties": {"seamark_type": "anchorage", "name": null, "osm_id": 1074986636}, "geometry": {"type": "Polygon", "coordinates": [[[12.699938, 55.93002], [12.675004, 55.930032], [12.68157, 55.950017], [12.699938, 55.93002]]]}}, {"type": "Feature", "properties": {"seamark_type": "anchorage", "name": null, "osm_id": 1074986637}, "geometry": {"type": "Polygon", "coordinates": [[[12.783365, 55.891679], [12.783322, 55.900004], [12.766714, 55.900028], [12.766585, 55.891679], [12.783365, 55.891679]]]}}, {"type": "Feature", "properties": {"seamark_type": "anchorage", "name": null, "osm_id": 1074986638}, "geometry": {"type": "Polygon", "coordinates": [[[12.792774, 55.819904], [12.792699, 55.806672], [12.830701, 55.796746], [12.830658, 55.816643], [12.792774, 55.819904]]]}}, {"type": "Feature", "properties": {"seamark_type": "anchorage", "name": null, "osm_id": 1074986639}, "geometry": {"type": "Polygon", "coordinates": [[[12.893658, 55.775209], [12.858253, 55.799014], [12.845035, 55.792693], [12.880011, 55.768849], [12.893658, 55.775209]]]}}, {"type": "Feature", "properties": {"seamark_type": "anchorage", "name": null, "osm_id": 1074986640}, "geometry": {"type": "Polygon", "coordinates": [[[12.917283, 55.693346], [12.90502, 55.708835], [12.951636, 55.703347], [12.959146, 55.680053], [12.943053, 55.680028], [12.917283, 55.693346]]]}}, {"type": "Feature", "properties": {"seamark_type": "anchorage", "name": null, "osm_id": 1074986641}, "geometry": {"type": "Polygon", "coordinates": [[[12.9044079, 55.6788022], [12.8927958, 55.6737791], [12.8520726, 55.7037012], [12.8636847, 55.7087205], [12.9044079, 55.6788022]]]}}, {"type": "Feature", "properties": {"seamark_type": "harbour", "name": "Sandvig Havn", "osm_id": 1075707196}, "geometry": {"type": "Polygon", "coordinates": [[[14.7825108, 55.2897293], [14.7827965, 55.2897316], [14.7827975, 55.2897261], [14.7829145, 55.2891054], [14.7828461, 55.2888606], [14.7828317, 55.288831], [14.7827965, 55.2888303], [14.7825544, 55.2888256], [14.7825112, 55.2888247], [14.7824931, 55.2888009], [14.7824518, 55.2888145], [14.7824089, 55.2888288], [14.7824354, 55.2888509], [14.7823781, 55.2889992], [14.7824076, 55.2891016], [14.7828066, 55.2891825], [14.7827891, 55.2892734], [14.7827388, 55.28927], [14.7827107, 55.2892692], [14.7826792, 55.2892677], [14.7826429, 55.2892696], [14.7826181, 55.2892726], [14.7825967, 55.2892784], [14.7825786, 55.2892833], [14.7825618, 55.289281], [14.7825517, 55.2892757], [14.7825424, 55.2893024], [14.782482, 55.2892891], [14.7825142, 55.2892054], [14.7825048, 55.2891963], [14.7822259, 55.2891409], [14.7822084, 55.2891451], [14.7821775, 55.2891954], [14.782138, 55.2891875], [14.782127, 55.2892054], [14.7821166, 55.2892221], [14.7821562, 55.28923], [14.7821186, 55.2892891], [14.7824807, 55.2893597], [14.7825008, 55.2893261], [14.7825383, 55.2893356], [14.7824136, 55.2895292], [14.7824183, 55.2895304], [14.7824265, 55.2895279], [14.7824356, 55.2895265], [14.7824449, 55.2895264], [14.7824541, 55.2895276], [14.7824624, 55.28953], [14.7824695, 55.2895335], [14.782475, 55.2895378], [14.7824784, 55.2895428], [14.7824797, 55.2895481], [14.7824788, 55.2895534], [14.7824756, 55.2895584], [14.7824704, 55.2895628], [14.7824635, 55.2895664], [14.7824553, 55.289569], [14.7824462, 55.2895703], [14.7825108, 55.2897293]]]}}, {"type": "Feature", "properties": {"seamark_type": "anchorage", "name": "A", "osm_id": 1075829011}, "geometry": {"type": "Polygon", "coordinates": [[[14.448899, 55.923864], [14.451828, 55.934539], [14.488456, 55.930921], [14.484272, 55.917155], [14.448899, 55.923864]]]}}, {"type": "Feature", "properties": {"seamark_type": "anchorage", "name": "B", "osm_id": 1075904139}, "geometry": {"type": "Polygon", "coordinates": [[[14.851649, 56.083519], [14.833624, 56.083489], [14.833624, 56.097633], [14.834504, 56.097621], [14.851649, 56.083519]]]}}, {"type": "Feature", "properties": {"seamark_type": "anchorage", "name": "C", "osm_id": 1075904140}, "geometry": {"type": "Polygon", "coordinates": [[[14.8034317, 56.0617137], [14.8031981, 56.0833198], [14.7796058, 56.0832403], [14.7798394, 56.0616342], [14.8034317, 56.0617137]]]}}, {"type": "Feature", "properties": {"seamark_type": "anchorage", "name": "S", "osm_id": 1075908214}, "geometry": {"type": "Polygon", "coordinates": [[[14.62114, 55.975011], [14.603684, 55.982166], [14.598341, 55.972844], [14.616162, 55.965182], [14.62114, 55.975011]]]}}, {"type": "Feature", "properties": {"seamark_type": "anchorage", "name": "Pötenitzer Wiek Reede", "osm_id": 1077431963}, "geometry": {"type": "Polygon", "coordinates": [[[10.8746408, 53.9412749], [10.8833923, 53.9438201], [10.88771, 53.9410333], [10.880972, 53.936815], [10.8746408, 53.9412749]]]}}, {"type": "Feature", "properties": {"seamark_type": "harbour", "name": "Peene Marina", "osm_id": 1078512962}, "geometry": {"type": "Polygon", "coordinates": [[[13.0229379, 53.9106737], [13.0230058, 53.9106773], [13.0236021, 53.91099], [13.0240906, 53.910669], [13.024069, 53.9106578], [13.0234819, 53.910352], [13.0229379, 53.9106737]]]}}, {"type": "Feature", "properties": {"seamark_type": "anchorage", "name": "U1", "osm_id": 1080465477}, "geometry": {"type": "Polygon", "coordinates": [[[11.8984134, 58.3371283], [11.8985811, 58.3370615], [11.8987667, 58.3370094], [11.8989657, 58.3369733], [11.899173, 58.3369541], [11.8993835, 58.3369524], [11.8995919, 58.3369681], [11.899793, 58.3370008], [11.8999817, 58.3370498], [11.9001533, 58.3371139], [11.9003035, 58.3371913], [11.9004286, 58.3372802], [11.9005254, 58.3373783], [11.9005927, 58.337486], [11.900626, 58.337598], [11.9006243, 58.3377114], [11.9005877, 58.3378231], [11.9005172, 58.3379302], [11.9004146, 58.3380299], [11.9002825, 58.3381196], [11.9001246, 58.3381969], [11.8999449, 58.3382598], [11.8997483, 58.3383066], [11.8995398, 58.338336], [11.8993249, 58.3383474], [11.8991094, 58.3383404], [11.8988989, 58.3383151], [11.8986989, 58.3382724], [11.8985148, 58.3382132], [11.8983513, 58.3381391], [11.8982247, 58.3380608], [11.8981213, 58.3379736], [11.8980434, 58.3378794], [11.8979926, 58.3377802], [11.8979702, 58.3376781], [11.8979765, 58.3375755], [11.8980114, 58.3374744], [11.8980742, 58.3373771], [11.8981635, 58.3372857], [11.8982774, 58.3372022], [11.8984134, 58.3371283]]]}}, {"type": "Feature", "properties": {"seamark_type": "anchorage", "name": "M5", "osm_id": 1082515189}, "geometry": {"type": "Polygon", "coordinates": [[[11.6768665, 57.9385351], [11.6770274, 57.9384857], [11.6771938, 57.9384416], [11.6773649, 57.938403], [11.6775401, 57.9383701], [11.6777188, 57.9383429], [11.6779003, 57.9383216], [11.678084, 57.9383063], [11.678269, 57.9382969], [11.6784548, 57.9382936], [11.6786407, 57.9382964], [11.6788258, 57.9383052], [11.6790096, 57.93832], [11.6791914, 57.9383408], [11.6793703, 57.9383675], [11.6795459, 57.9383999], [11.6797174, 57.938438], [11.6798842, 57.9384816], [11.6800456, 57.9385306], [11.680201, 57.9385847], [11.68035, 57.9386438], [11.6804917, 57.9387076], [11.6806259, 57.9387759], [11.6807519, 57.9388485], [11.6808693, 57.938925], [11.6809776, 57.9390052], [11.6810764, 57.9390888], [11.6811654, 57.9391754], [11.6812466, 57.9392677], [11.6813166, 57.9393625], [11.6813751, 57.9394595], [11.681422, 57.9395582], [11.681457, 57.9396583], [11.68148, 57.9397594], [11.6814909, 57.9398611], [11.6814896, 57.9399629], [11.6814762, 57.9400645], [11.6814507, 57.9401654], [11.6814132, 57.9402653], [11.6813639, 57.9403637], [11.6813029, 57.9404603], [11.6812305, 57.9405546], [11.6811471, 57.9406463], [11.6810528, 57.940735], [11.6809482, 57.9408203], [11.6808336, 57.940902], [11.6807095, 57.9409797], [11.6805764, 57.941053], [11.6804348, 57.9411217], [11.6802853, 57.9411855], [11.6801285, 57.9412442], [11.679965, 57.9412974], [11.6797955, 57.9413451], [11.6796206, 57.941387], [11.6794411, 57.9414229], [11.6792577, 57.9414527], [11.679071, 57.9414763], [11.678882, 57.9414936], [11.6786912, 57.9415045], [11.6784996, 57.9415089], [11.6783078, 57.9415069], [11.6781166, 57.9414985], [11.6779268, 57.9414836], [11.6777391, 57.9414624], [11.6775544, 57.941435], [11.6773733, 57.9414014], [11.6771966, 57.9413617], [11.677025, 57.9413163], [11.6768591, 57.9412651], [11.6766996, 57.9412085], [11.6765473, 57.9411466], [11.6764026, 57.9410797], [11.6762661, 57.9410081], [11.6761385, 57.940932], [11.6760201, 57.9408517], [11.6759116, 57.9407677], [11.6758134, 57.9406802], [11.6757258, 57.9405895], [11.6756491, 57.9404961], [11.6755838, 57.9404003], [11.67553, 57.9403025], [11.6754881, 57.9402031], [11.675458, 57.9401024], [11.6754401, 57.940001], [11.6754343, 57.9398991], [11.6754406, 57.9397973], [11.6754591, 57.9396959], [11.6754897, 57.9395953], [11.6755322, 57.9394959], [11.6755864, 57.9393982], [11.6756523, 57.9393025], [11.6757294, 57.9392092], [11.6758175, 57.9391186], [11.6759162, 57.9390313], [11.6760251, 57.9389474], [11.6761439, 57.9388673], [11.6762719, 57.9387914], [11.6764088, 57.93872], [11.6765539, 57.9386533], [11.6767067, 57.9385916], [11.6768665, 57.9385351]]]}}, {"type": "Feature", "properties": {"seamark_type": "anchorage", "name": "M4", "osm_id": 1082515190}, "geometry": {"type": "Polygon", "coordinates": [[[11.6910662, 57.9315571], [11.6914012, 57.9314542], [11.6917476, 57.9313623], [11.6921039, 57.931282], [11.6924688, 57.9312134], [11.6928409, 57.9311568], [11.6932189, 57.9311124], [11.6936013, 57.9310805], [11.6939866, 57.931061], [11.6943735, 57.9310541], [11.6947605, 57.9310599], [11.695146, 57.9310782], [11.6955287, 57.9311091], [11.6959072, 57.9311524], [11.6962799, 57.9312079], [11.6966455, 57.9312755], [11.6970026, 57.9313548], [11.6973498, 57.9314456], [11.6976859, 57.9315476], [11.6980096, 57.9316603], [11.6983197, 57.9317833], [11.698615, 57.9319163], [11.6988943, 57.9320585], [11.6991567, 57.9322096], [11.6994011, 57.932369], [11.6996266, 57.9325361], [11.6998325, 57.9327101], [11.7000178, 57.9328906], [11.7001868, 57.9330827], [11.7003325, 57.9332802], [11.7004545, 57.9334822], [11.700552, 57.9336878], [11.7006249, 57.9338963], [11.7006728, 57.9341069], [11.7006954, 57.9343186], [11.7006928, 57.9345307], [11.7006648, 57.9347423], [11.7006117, 57.9349525], [11.7005337, 57.9351604], [11.7004309, 57.9353654], [11.700304, 57.9355665], [11.7001533, 57.9357629], [11.6999795, 57.9359538], [11.6997833, 57.9361385], [11.6995655, 57.9363163], [11.6993269, 57.9364864], [11.6990685, 57.9366481], [11.6987913, 57.9368008], [11.6984964, 57.9369439], [11.6981851, 57.9370768], [11.6978586, 57.9371989], [11.6975181, 57.9373099], [11.6971651, 57.9374092], [11.696801, 57.9374964], [11.6964272, 57.9375712], [11.6960452, 57.9376333], [11.6956566, 57.9376824], [11.695263, 57.9377184], [11.6948658, 57.937741], [11.6944667, 57.9377503], [11.6940673, 57.9377461], [11.6936692, 57.9377286], [11.693274, 57.9376976], [11.6928832, 57.9376535], [11.6924986, 57.9375963], [11.6921215, 57.9375263], [11.6917535, 57.9374438], [11.6913961, 57.9373491], [11.6910507, 57.9372425], [11.6907187, 57.9371246], [11.6904014, 57.9369957], [11.6901002, 57.9368565], [11.689816, 57.9367073], [11.6895502, 57.9365488], [11.6893038, 57.9363817], [11.6890778, 57.9362067], [11.6888732, 57.9360244], [11.6886908, 57.9358356], [11.6885312, 57.9356411], [11.6883952, 57.9354415], [11.6882833, 57.9352378], [11.6881958, 57.9350308], [11.6881333, 57.9348212], [11.6880959, 57.9346099], [11.6880838, 57.9343978], [11.688097, 57.9341857], [11.6881355, 57.9339745], [11.6881992, 57.933765], [11.6882877, 57.9335581], [11.6884007, 57.9333545], [11.6885377, 57.9331552], [11.6886983, 57.9329609], [11.6888817, 57.9327723], [11.6890873, 57.9325903], [11.6893142, 57.9324156], [11.6895614, 57.9322489], [11.6898281, 57.9320908], [11.6901131, 57.931942], [11.6904152, 57.9318031], [11.6907334, 57.9316746], [11.6910662, 57.9315571]]]}}, {"type": "Feature", "properties": {"seamark_type": "anchorage", "name": "M3", "osm_id": 1082515191}, "geometry": {"type": "Polygon", "coordinates": [[[11.654506, 57.9144807], [11.654841, 57.9143778], [11.6551874, 57.9142859], [11.6555437, 57.9142055], [11.6559086, 57.9141369], [11.6562807, 57.9140802], [11.6566587, 57.9140359], [11.6570411, 57.9140039], [11.6574264, 57.9139844], [11.6578133, 57.9139776], [11.6582003, 57.9139833], [11.6585858, 57.9140017], [11.6589685, 57.9140325], [11.659347, 57.9140758], [11.6597197, 57.9141314], [11.6600853, 57.914199], [11.6604424, 57.9142784], [11.6607896, 57.9143692], [11.6611257, 57.9144712], [11.6614494, 57.914584], [11.6617595, 57.9147071], [11.6620548, 57.9148401], [11.6623341, 57.9149824], [11.6625965, 57.9151336], [11.6628409, 57.9152931], [11.6630664, 57.9154602], [11.6632723, 57.9156343], [11.6634576, 57.9158148], [11.6636266, 57.9160071], [11.6637723, 57.9162047], [11.6638942, 57.9164067], [11.6639918, 57.9166125], [11.6640647, 57.9168211], [11.6641125, 57.9170318], [11.6641352, 57.9172436], [11.6641325, 57.9174558], [11.6641046, 57.9176674], [11.6640515, 57.9178777], [11.6639734, 57.9180858], [11.6638707, 57.9182908], [11.6637438, 57.918492], [11.6635931, 57.9186885], [11.6634193, 57.9188796], [11.6632231, 57.9190644], [11.6630053, 57.9192422], [11.6627667, 57.9194124], [11.6625082, 57.9195742], [11.6622311, 57.919727], [11.6619362, 57.9198701], [11.6616249, 57.9200031], [11.6612984, 57.9201253], [11.6609579, 57.9202363], [11.6606049, 57.9203356], [11.6602408, 57.9204229], [11.659867, 57.9204977], [11.659485, 57.9205598], [11.6590964, 57.920609], [11.6587027, 57.9206449], [11.6583056, 57.9206676], [11.6579065, 57.9206769], [11.6575071, 57.9206727], [11.657109, 57.9206552], [11.6567138, 57.9206242], [11.656323, 57.9205801], [11.6559383, 57.9205229], [11.6555613, 57.9204528], [11.6551933, 57.9203703], [11.6548359, 57.9202755], [11.6544905, 57.9201689], [11.6541585, 57.9200509], [11.6538412, 57.919922], [11.65354, 57.9197826], [11.6532558, 57.9196334], [11.65299, 57.9194748], [11.6527436, 57.9193077], [11.6525176, 57.9191326], [11.652313, 57.9189502], [11.6521306, 57.9187613], [11.651971, 57.9185667], [11.651835, 57.918367], [11.651723, 57.9181632], [11.6516356, 57.9179561], [11.6515731, 57.9177464], [11.6515357, 57.917535], [11.6515236, 57.9173228], [11.6515368, 57.9171106], [11.6515753, 57.9168993], [11.651639, 57.9166897], [11.6517275, 57.9164827], [11.6518405, 57.9162791], [11.6519775, 57.9160796], [11.6521381, 57.9158852], [11.6523215, 57.9156966], [11.6525271, 57.9155145], [11.652754, 57.9153397], [11.6530012, 57.9151729], [11.6532679, 57.9150147], [11.6535529, 57.9148658], [11.653855, 57.9147269], [11.6541732, 57.9145983], [11.654506, 57.9144807]]]}}, {"type": "Feature", "properties": {"seamark_type": "anchorage", "name": "M2", "osm_id": 1082516920}, "geometry": {"type": "Polygon", "coordinates": [[[11.6064365, 57.9069798], [11.606804, 57.9068298], [11.6071879, 57.9066919], [11.6075868, 57.9065666], [11.6079992, 57.9064542], [11.6084236, 57.9063554], [11.6088585, 57.9062703], [11.6093023, 57.9061994], [11.6097533, 57.9061429], [11.6102099, 57.9061009], [11.6106705, 57.9060737], [11.6111333, 57.9060613], [11.6115967, 57.9060638], [11.612059, 57.9060812], [11.6125184, 57.9061134], [11.6129734, 57.9061603], [11.6134221, 57.9062217], [11.6138631, 57.9062974], [11.6142946, 57.9063871], [11.6147152, 57.9064906], [11.6151232, 57.9066073], [11.6155172, 57.9067369], [11.6158957, 57.906879], [11.6162574, 57.9070329], [11.6166009, 57.9071982], [11.6169249, 57.9073742], [11.6172284, 57.9075603], [11.6175101, 57.9077558], [11.6177691, 57.9079599], [11.6180044, 57.908172], [11.6182151, 57.9083913], [11.6184004, 57.908617], [11.6185598, 57.9088481], [11.6186926, 57.909084], [11.6187983, 57.9093237], [11.6188765, 57.9095664], [11.618927, 57.9098111], [11.6189496, 57.9100576], [11.618944, 57.9103043], [11.6189103, 57.9105504], [11.6188486, 57.9107949], [11.6187591, 57.911037], [11.6186422, 57.9112758], [11.6184983, 57.9115104], [11.6183279, 57.9117399], [11.6181316, 57.9119636], [11.6179102, 57.9121804], [11.6176645, 57.9123898], [11.6173953, 57.9125909], [11.6171038, 57.9127829], [11.6167908, 57.9129652], [11.6164576, 57.9131371], [11.6161055, 57.913298], [11.6157356, 57.9134472], [11.6153494, 57.9135843], [11.6149483, 57.9137086], [11.6145338, 57.9138199], [11.6141073, 57.9139176], [11.6136704, 57.9140014], [11.6132248, 57.914071], [11.6127721, 57.9141261], [11.612314, 57.9141665], [11.611852, 57.9141922], [11.611388, 57.9142029], [11.6109236, 57.9141987], [11.6104606, 57.9141795], [11.6100006, 57.9141455], [11.6095453, 57.9140967], [11.6090964, 57.9140334], [11.6086555, 57.9139557], [11.6082244, 57.913864], [11.6078044, 57.9137586], [11.6073973, 57.9136399], [11.6070044, 57.9135083], [11.6066273, 57.9133643], [11.6062673, 57.9132084], [11.6059257, 57.9130412], [11.6056038, 57.9128634], [11.6053056, 57.9126773], [11.6050289, 57.9124821], [11.6047748, 57.9122784], [11.6045441, 57.912067], [11.6043378, 57.9118486], [11.6041564, 57.911624], [11.6040008, 57.9113941], [11.6038714, 57.9111596], [11.6037687, 57.9109214], [11.6036931, 57.9106803], [11.6036449, 57.9104373], [11.6036242, 57.9101932], [11.6036311, 57.9099488], [11.6036655, 57.9097051], [11.6037275, 57.909463], [11.6038167, 57.9092232], [11.6039328, 57.9089868], [11.6040754, 57.9087544], [11.6042439, 57.908527], [11.6044379, 57.9083054], [11.6046565, 57.9080904], [11.604899, 57.9078827], [11.6051646, 57.9076832], [11.6054522, 57.9074924], [11.6057608, 57.9073112], [11.6060893, 57.9071401], [11.6064365, 57.9069798]]]}}, {"type": "Feature", "properties": {"seamark_type": "harbour", "name": "Neue Trave Werft", "osm_id": 1089811716}, "geometry": {"type": "Polygon", "coordinates": [[[10.6943754, 53.9037991], [10.6949859, 53.9037682], [10.6963999, 53.9036966], [10.6964915, 53.9043064], [10.6966472, 53.9042282], [10.6966152, 53.9039907], [10.6965144, 53.9039422], [10.6963375, 53.9028656], [10.6958448, 53.9027328], [10.6956419, 53.9025183], [10.6953178, 53.9026445], [10.6953662, 53.902745], [10.6949424, 53.9030349], [10.6947455, 53.9033093], [10.6943754, 53.9037991]]]}}, {"type": "Feature", "properties": {"seamark_type": "harbour", "name": "Nord-Ost Marina", "osm_id": 1089814001}, "geometry": {"type": "Polygon", "coordinates": [[[10.6949859, 53.9037682], [10.6943162, 53.9054602], [10.6959439, 53.9057517], [10.695507, 53.9068085], [10.6952268, 53.9071185], [10.6950448, 53.9074637], [10.6949673, 53.9074636], [10.6947518, 53.9074754], [10.6945385, 53.9072358], [10.6941175, 53.9073833], [10.6939409, 53.9071824], [10.6942768, 53.9070733], [10.6939298, 53.9067348], [10.6934946, 53.9059674], [10.6934406, 53.905267], [10.6937904, 53.9045883], [10.6943754, 53.9037991], [10.6949859, 53.9037682]]]}}, {"type": "Feature", "properties": {"seamark_type": "harbour", "name": "Sporthafen Seefischmarkt", "osm_id": 1105834650}, "geometry": {"type": "Polygon", "coordinates": [[[10.172959, 54.3298198], [10.1737265, 54.3297487], [10.1737123, 54.3296957], [10.1747125, 54.3295004], [10.1746838, 54.3294362], [10.1746543, 54.3293673], [10.1745792, 54.3292101], [10.1745034, 54.3291899], [10.173551, 54.3290531], [10.1733747, 54.329324], [10.1729321, 54.3295867], [10.172959, 54.3298198]]]}}, {"type": "Feature", "properties": {"seamark_type": "harbour", "name": "Vesthavn", "osm_id": 1105977585}, "geometry": {"type": "Polygon", "coordinates": [[[11.8668768, 55.9411685], [11.8668658, 55.941301], [11.866847, 55.941352], [11.8669355, 55.9416672], [11.8664519, 55.9419771], [11.8662194, 55.9421486], [11.8658811, 55.9425268], [11.8657661, 55.9426433], [11.8655929, 55.9426083], [11.8656642, 55.9425049], [11.8656399, 55.9425008], [11.8649804, 55.9423849], [11.8657466, 55.9416938], [11.8662126, 55.9413082], [11.8664622, 55.9411742], [11.8668768, 55.9411685]]]}}, {"type": "Feature", "properties": {"seamark_type": "anchorage", "name": null, "osm_id": 1109236466}, "geometry": {"type": "Polygon", "coordinates": [[[14.5950556, 53.57875], [14.5956389, 53.5738056], [14.59425, 53.5742778], [14.5937778, 53.5781944], [14.5950556, 53.57875]]]}}, {"type": "Feature", "properties": {"seamark_type": "harbour", "name": "Felsted Kog Havn", "osm_id": 1116944773}, "geometry": {"type": "Polygon", "coordinates": [[[8.2370124, 56.3200707], [8.237, 56.3200649], [8.2369915, 56.3200641], [8.236976, 56.3200657], [8.2369707, 56.3200677], [8.2369667, 56.3200711], [8.2369586, 56.3201383], [8.2369603, 56.3201586], [8.236965, 56.3201738], [8.2370216, 56.3202973], [8.2370193, 56.3203027], [8.2370133, 56.3203077], [8.2369794, 56.3203112], [8.2369419, 56.3203207], [8.2369459, 56.3203278], [8.2368941, 56.3203353], [8.2368895, 56.3203246], [8.236886, 56.3203199], [8.2368781, 56.3203181], [8.2368678, 56.320318], [8.2367739, 56.3203167], [8.2366709, 56.3203153], [8.2365626, 56.3203138], [8.2364822, 56.3203127], [8.2364034, 56.3203117], [8.2363166, 56.3203105], [8.2362348, 56.3203094], [8.2361526, 56.3203083], [8.2360705, 56.3203072], [8.23599, 56.3203061], [8.2358995, 56.3203049], [8.2358214, 56.3203038], [8.2357409, 56.3200439], [8.2358441, 56.3200396], [8.2359612, 56.3200346], [8.2360408, 56.3200312], [8.2361385, 56.3200271], [8.2362348, 56.320023], [8.2363397, 56.3200185], [8.2363477, 56.3200182], [8.2363638, 56.3200126], [8.2363793, 56.3199929], [8.2364061, 56.3199414], [8.2364336, 56.3199191], [8.2364659, 56.3199123], [8.2364772, 56.31991], [8.2365511, 56.3199044], [8.2365777, 56.3199387], [8.2367243, 56.3199267], [8.2367588, 56.3199386], [8.2369348, 56.3200009], [8.2369492, 56.3200037], [8.2369697, 56.320005], [8.2370032, 56.3200026], [8.2370124, 56.3200707]]]}}, {"type": "Feature", "properties": {"seamark_type": "harbour", "name": "Sandholm Havn", "osm_id": 1116944794}, "geometry": {"type": "Polygon", "coordinates": [[[8.2010286, 56.3219061], [8.2010016, 56.321957], [8.2008913, 56.3219278], [8.2008598, 56.3219221], [8.2008353, 56.3219221], [8.200733, 56.3219384], [8.2007092, 56.3219408], [8.2006894, 56.3219394], [8.2006818, 56.3219379], [8.2006185, 56.3219257], [8.2004883, 56.3219005], [8.2001772, 56.3218404], [8.2000081, 56.3218077], [8.1999686, 56.3218001], [8.1999441, 56.321794], [8.1999391, 56.3217891], [8.1999408, 56.3217804], [8.2000232, 56.3216298], [8.2000313, 56.3216263], [8.2000454, 56.3216263], [8.2000976, 56.3216362], [8.2001589, 56.3216479], [8.2004657, 56.3217065], [8.2008085, 56.3217718], [8.2008262, 56.3217765], [8.2008366, 56.3217836], [8.2008799, 56.3218525], [8.2008869, 56.3218611], [8.2008973, 56.3218665], [8.2010286, 56.3219061]]]}}, {"type": "Feature", "properties": {"seamark_type": "harbour", "name": "Jachthaven Alddjip", "osm_id": 1119977245}, "geometry": {"type": "Polygon", "coordinates": [[[5.999881, 53.1226271], [6.0000151, 53.1226462], [6.0001676, 53.1227419], [6.0001282, 53.1229555], [6.00005, 53.1231273], [6.0000322, 53.1232303], [6.0008192, 53.1232844], [6.0009291, 53.1227121], [6.0009402, 53.1227126], [6.0009505, 53.122668], [6.0009699, 53.122617], [6.0009897, 53.1225829], [6.0010302, 53.1225442], [6.001083, 53.1225007], [6.001097, 53.1224891], [6.0011184, 53.1224752], [6.0011774, 53.1224351], [6.0012281, 53.1224048], [6.0012576, 53.1223915], [6.0012913, 53.1223813], [6.0013408, 53.1223676], [6.0013884, 53.1223591], [6.0013901, 53.122349], [6.0014141, 53.1223357], [6.0011199, 53.1223147], [6.0010748, 53.1223115], [6.0000877, 53.1222412], [6.0000021, 53.1222669], [5.999881, 53.1226271]]]}}, {"type": "Feature", "properties": {"seamark_type": "harbour", "name": "Teglværkshavnen", "osm_id": 1150227847}, "geometry": {"type": "Polygon", "coordinates": [[[12.5453618, 55.6467821], [12.546633, 55.6472757], [12.5470897, 55.6484497], [12.5479222, 55.6492013], [12.5468555, 55.6495891], [12.5481027, 55.6506971], [12.5470942, 55.6510615], [12.5471089, 55.6511239], [12.5471614, 55.6513304], [12.5467374, 55.6513612], [12.5467428, 55.6513519], [12.5464347, 55.6512947], [12.5460327, 55.6512202], [12.5460247, 55.6512187], [12.5459594, 55.6513307], [12.5464794, 55.6513799], [12.5460768, 55.6514091], [12.5454159, 55.651457], [12.5451036, 55.651503], [12.5450894, 55.6514905], [12.5443889, 55.6508765], [12.5442437, 55.6509321], [12.5432289, 55.6512939], [12.5431253, 55.6512034], [12.5434758, 55.6510176], [12.5436541, 55.6509279], [12.5437082, 55.6508978], [12.5437371, 55.6509151], [12.544074, 55.6507392], [12.5441701, 55.6506939], [12.5433011, 55.6499223], [12.543249, 55.6499148], [12.5418045, 55.6504341], [12.5414803, 55.6504759], [12.5411177, 55.6501569], [12.5433458, 55.6493567], [12.5433925, 55.6492997], [12.5434463, 55.6492924], [12.5449822, 55.6472786], [12.5449903, 55.6472674], [12.5449966, 55.6472586], [12.5452454, 55.6469282], [12.5452602, 55.6469119], [12.5452877, 55.6468756], [12.5453618, 55.6467821]]]}}, {"type": "Feature", "properties": {"seamark_type": "harbour", "name": "Jyllinge Fiskerihavn", "osm_id": 1156050736}, "geometry": {"type": "Polygon", "coordinates": [[[12.1001989, 55.7520663], [12.100214, 55.7520066], [12.100265, 55.752012], [12.1003474, 55.7519826], [12.1003662, 55.7519445], [12.1011598, 55.7520427], [12.1011574, 55.752066], [12.1012545, 55.7520846], [12.1012344, 55.7521353], [12.1011254, 55.7521173], [12.1010559, 55.7522841], [12.1002431, 55.7521078], [12.1002605, 55.7520807], [12.1001989, 55.7520663]]]}}, {"type": "Feature", "properties": {"seamark_type": "harbour", "name": "Havnsø Havn", "osm_id": 1157452708}, "geometry": {"type": "Polygon", "coordinates": [[[11.3256463, 55.7545603], [11.32604, 55.7547922], [11.3259877, 55.7548139], [11.3258885, 55.7548457], [11.3247002, 55.754896], [11.3242363, 55.7547765], [11.3241226, 55.7547701], [11.3240918, 55.7547168], [11.3232243, 55.7549444], [11.3231237, 55.7549534], [11.3227191, 55.7547961], [11.3226185, 55.75431], [11.3227187, 55.7542858], [11.3227164, 55.7542771], [11.3225814, 55.753539], [11.3225108, 55.7533694], [11.3227661, 55.7533568], [11.3231143, 55.7533347], [11.3231143, 55.753309], [11.3239217, 55.7532939], [11.3239284, 55.7531838], [11.3243414, 55.7531966], [11.3244635, 55.752949], [11.3253218, 55.7530615], [11.3250925, 55.7536675], [11.325126, 55.7537045], [11.3251904, 55.7537483], [11.3252843, 55.7538737], [11.3252645, 55.754182], [11.3255268, 55.7544684], [11.3255683, 55.7544684], [11.3256463, 55.7545603]]]}}, {"type": "Feature", "properties": {"seamark_type": "harbour", "name": null, "osm_id": 1165158966}, "geometry": {"type": "Polygon", "coordinates": [[[11.5836932, 57.9237144], [11.5843675, 57.9237926], [11.5844249, 57.9237547], [11.5844963, 57.9237268], [11.5845429, 57.9237384], [11.5846362, 57.9237431], [11.5846405, 57.9237802], [11.5847032, 57.9238236], [11.5852556, 57.9238917], [11.5852527, 57.9239249], [11.5859595, 57.9240596], [11.5861985, 57.9240705], [11.5862758, 57.9240844], [11.5864724, 57.9241327], [11.5866709, 57.923841], [11.5866834, 57.9237985], [11.5869394, 57.9238197], [11.587058, 57.923461], [11.5869683, 57.9234281], [11.5868269, 57.9234153], [11.5867475, 57.9234171], [11.5863597, 57.9236388], [11.5862813, 57.9236907], [11.5861956, 57.923734], [11.5858162, 57.9237285], [11.5855265, 57.9236277], [11.585185, 57.9236864], [11.584521, 57.923586], [11.5838009, 57.9234352], [11.5836242, 57.9236527], [11.5837162, 57.9236734], [11.5836932, 57.9237144]]]}}, {"type": "Feature", "properties": {"seamark_type": "anchorage", "name": "Nordperd-Reede", "osm_id": 1170047862}, "geometry": {"type": "Polygon", "coordinates": [[[13.7773667, 54.4166667], [13.8059667, 54.4166667], [13.8059667, 54.4], [13.7773667, 54.4], [13.7773667, 54.4166667]]]}}, {"type": "Feature", "properties": {"seamark_type": "anchorage", "name": "Lubmin-Reede", "osm_id": 1170182585}, "geometry": {"type": "Polygon", "coordinates": [[[13.595, 54.1718503], [13.5952964, 54.171855], [13.595592, 54.1718694], [13.5958857, 54.1718932], [13.5961768, 54.1719265], [13.5964643, 54.1719691], [13.5967473, 54.1720209], [13.597025, 54.1720818], [13.5972966, 54.1721515], [13.5975612, 54.1722299], [13.5978181, 54.1723167], [13.5980663, 54.1724116], [13.5983053, 54.1725144], [13.5985342, 54.1726248], [13.5987524, 54.1727424], [13.5989592, 54.1728668], [13.5991539, 54.1729977], [13.5993361, 54.1731347], [13.5995051, 54.1732773], [13.5996604, 54.1734252], [13.5998015, 54.1735779], [13.5999281, 54.1737349], [13.6000397, 54.1738957], [13.600136, 54.1740599], [13.6002167, 54.1742269], [13.6002815, 54.1743963], [13.6003303, 54.1745675], [13.6003629, 54.17474], [13.6003793, 54.1749133], [13.6003793, 54.1750869], [13.6003629, 54.1752602], [13.6003303, 54.1754327], [13.6002815, 54.175604], [13.6002167, 54.1757733], [13.600136, 54.1759404], [13.6000397, 54.1761045], [13.5999281, 54.1762653], [13.5998015, 54.1764223], [13.5996604, 54.176575], [13.5995051, 54.1767228], [13.5993361, 54.1768655], [13.5991539, 54.1770024], [13.5989592, 54.1771333], [13.5987524, 54.1772577], [13.5985342, 54.1773753], [13.5983053, 54.1774856], [13.5980663, 54.1775884], [13.5978181, 54.1776834], [13.5975612, 54.1777701], [13.5972966, 54.1778485], [13.597025, 54.1779182], [13.5967473, 54.1779791], [13.5964643, 54.1780309], [13.5961768, 54.1780735], [13.5958857, 54.1781068], [13.595592, 54.1781306], [13.5952964, 54.178145], [13.595, 54.1781498], [13.5947036, 54.178145], [13.594408, 54.1781306], [13.5941143, 54.1781068], [13.5938232, 54.1780735], [13.5935357, 54.1780309], [13.5932527, 54.1779791], [13.592975, 54.1779182], [13.5927034, 54.1778485], [13.5924388, 54.1777701], [13.5921819, 54.1776834], [13.5919337, 54.1775884], [13.5916947, 54.1774856], [13.5914658, 54.1773753], [13.5912476, 54.1772577], [13.5910408, 54.1771333], [13.5908461, 54.1770024], [13.5906639, 54.1768655], [13.5904949, 54.1767228], [13.5903396, 54.176575], [13.5901985, 54.1764223], [13.5900719, 54.1762653], [13.5899603, 54.1761045], [13.589864, 54.1759404], [13.5897833, 54.1757733], [13.5897185, 54.175604], [13.5896697, 54.1754327], [13.5896371, 54.1752602], [13.5896207, 54.1750869], [13.5896207, 54.1749133], [13.5896371, 54.17474], [13.5896697, 54.1745675], [13.5897185, 54.1743963], [13.5897833, 54.1742269], [13.589864, 54.1740599], [13.5899603, 54.1738957], [13.5900719, 54.1737349], [13.5901985, 54.1735779], [13.5903396, 54.1734252], [13.5904949, 54.1732773], [13.5906639, 54.1731347], [13.5908461, 54.1729977], [13.5910408, 54.1728668], [13.5912476, 54.1727424], [13.5914658, 54.1726248], [13.5916947, 54.1725144], [13.5919337, 54.1724116], [13.5921819, 54.1723167], [13.5924388, 54.1722299], [13.5927034, 54.1721515], [13.592975, 54.1720818], [13.5932527, 54.1720209], [13.5935357, 54.1719691], [13.5938232, 54.1719265], [13.5941143, 54.1718932], [13.594408, 54.1718694], [13.5947036, 54.171855], [13.595, 54.1718503]]]}}, {"type": "Feature", "properties": {"seamark_type": "harbour", "name": "Småbåtshamn", "osm_id": 1172571888}, "geometry": {"type": "Polygon", "coordinates": [[[11.6927314, 57.8345394], [11.6926948, 57.8346643], [11.6934815, 57.8347383], [11.6934801, 57.8347708], [11.6936023, 57.8348018], [11.6937377, 57.8348354], [11.6938595, 57.834886], [11.6939347, 57.8349877], [11.6939978, 57.8350784], [11.6941863, 57.8352489], [11.6942865, 57.8352339], [11.6943268, 57.8352038], [11.694387, 57.8351997], [11.6944045, 57.8351904], [11.6945418, 57.8351393], [11.6944755, 57.8351009], [11.6943863, 57.8350484], [11.6943054, 57.8349742], [11.6942714, 57.8348703], [11.69415, 57.8348678], [11.6940743, 57.8348161], [11.6940508, 57.8347896], [11.6940626, 57.8347575], [11.6940797, 57.8347406], [11.694119, 57.8346701], [11.6939481, 57.8346855], [11.6937544, 57.8346649], [11.6936072, 57.8346141], [11.6935165, 57.834611], [11.6934645, 57.8346495], [11.6933648, 57.8345901], [11.6931864, 57.8345524], [11.6930784, 57.834579], [11.6928048, 57.8345639], [11.6927314, 57.8345394]]]}}, {"type": "Feature", "properties": {"seamark_type": "harbour", "name": null, "osm_id": 1178277604}, "geometry": {"type": "Polygon", "coordinates": [[[10.7711358, 53.7023428], [10.7711358, 53.7020999], [10.7718842, 53.7021009], [10.7719912, 53.7021], [10.7719899, 53.7021626], [10.7720303, 53.7021866], [10.77207, 53.7023435], [10.7711358, 53.7023428]]]}}, {"type": "Feature", "properties": {"seamark_type": "harbour", "name": "Binnenhafen", "osm_id": 1178285204}, "geometry": {"type": "Polygon", "coordinates": [[[8.5723726, 54.6918652], [8.5720034, 54.6919194], [8.5719363, 54.6920147], [8.5715565, 54.6920749], [8.5713293, 54.6916022], [8.5712572, 54.6914523], [8.5720968, 54.6912586], [8.5723595, 54.6918343], [8.5723726, 54.6918652]]]}}, {"type": "Feature", "properties": {"seamark_type": "harbour", "name": "Fährhafen", "osm_id": 1179585745}, "geometry": {"type": "Polygon", "coordinates": [[[8.4002764, 54.6287917], [8.4001797, 54.6297543], [8.3988655, 54.6301269], [8.3969021, 54.6300338], [8.3953518, 54.6296053], [8.3951613, 54.6290789], [8.3964206, 54.6289213], [8.3964656, 54.6290335], [8.3968136, 54.6290001], [8.3968731, 54.6291977], [8.396911, 54.6292116], [8.3974578, 54.62924], [8.3974883, 54.6292416], [8.3975556, 54.6292451], [8.3977949, 54.6292575], [8.3978501, 54.6292399], [8.3978975, 54.6291907], [8.3979048, 54.6291777], [8.3979116, 54.6291656], [8.3979283, 54.6290327], [8.3988574, 54.6290991], [8.3988705, 54.6290335], [8.3988744, 54.629014], [8.3986636, 54.6289849], [8.398202, 54.6289223], [8.3982127, 54.6289013], [8.3980987, 54.6288847], [8.398157, 54.6287215], [8.4002764, 54.6287917]]]}}, {"type": "Feature", "properties": {"seamark_type": "anchorage", "name": null, "osm_id": 1180010259}, "geometry": {"type": "Polygon", "coordinates": [[[6.712867, 53.513533], [6.811717, 53.48705], [6.807533, 53.480967], [6.7698955, 53.4917734], [6.7532014, 53.4955009], [6.708667, 53.5088], [6.712867, 53.513533]]]}}, {"type": "Feature", "properties": {"seamark_type": "anchorage", "name": null, "osm_id": 1180010857}, "geometry": {"type": "Polygon", "coordinates": [[[6.9400978, 53.4146479], [6.9517707, 53.4192261], [6.9570493, 53.407997], [6.9495714, 53.4055985], [6.9400978, 53.4146479]]]}}, {"type": "Feature", "properties": {"seamark_type": "harbour", "name": null, "osm_id": 1183861544}, "geometry": {"type": "Polygon", "coordinates": [[[8.5480276, 54.6179453], [8.5483852, 54.6175986], [8.5487312, 54.6176856], [8.5487688, 54.6178518], [8.5485461, 54.6182354], [8.5482414, 54.6185753], [8.5482218, 54.6185707], [8.5480847, 54.6185389], [8.5479522, 54.6185081], [8.5482417, 54.6181818], [8.548208, 54.6181702], [8.5481743, 54.6181587], [8.5481908, 54.6181363], [8.5480882, 54.6180796], [8.5480301, 54.6180617], [8.5480276, 54.6179453]]]}}, {"type": "Feature", "properties": {"seamark_type": "harbour", "name": "Freie Turnerschaft Eintracht", "osm_id": 1184204042}, "geometry": {"type": "Polygon", "coordinates": [[[9.6844355, 54.3073626], [9.6850135, 54.3074712], [9.6851252, 54.3073269], [9.685498, 54.3074025], [9.6856037, 54.3072525], [9.6860556, 54.3073618], [9.6851001, 54.308322], [9.6845929, 54.3081993], [9.684569, 54.3086762], [9.684229, 54.3086313], [9.6840335, 54.3086085], [9.6839833, 54.3083234], [9.684093, 54.3079106], [9.6844355, 54.3073626]]]}}, {"type": "Feature", "properties": {"seamark_type": "harbour", "name": "Dagebüll Hafen Nordmole", "osm_id": 1185956734}, "geometry": {"type": "Polygon", "coordinates": [[[8.6894037, 54.7321044], [8.6905922, 54.7316522], [8.6906321, 54.7316977], [8.6906516, 54.7317488], [8.6906764, 54.7318193], [8.6906254, 54.7319354], [8.6905584, 54.7319927], [8.690376, 54.7320593], [8.690089, 54.7321801], [8.6898959, 54.7322483], [8.6897698, 54.732304], [8.6896598, 54.7323474], [8.6894748, 54.7324062], [8.6893648, 54.732431], [8.6892951, 54.7324248], [8.6892119, 54.7324], [8.6888879, 54.7321961], [8.6887036, 54.7320864], [8.688528, 54.7320099], [8.6883536, 54.7319401], [8.6887854, 54.7316675], [8.6892092, 54.7316342], [8.689361, 54.7315926], [8.6893758, 54.7320745], [8.6893898, 54.7321037], [8.6894037, 54.7321044]]]}}, {"type": "Feature", "properties": {"seamark_type": "harbour", "name": null, "osm_id": 1185966927}, "geometry": {"type": "Polygon", "coordinates": [[[12.8571488, 56.665341], [12.8572881, 56.6653347], [12.8571271, 56.6645165], [12.8569852, 56.664523], [12.8571488, 56.665341]]]}}, {"type": "Feature", "properties": {"seamark_type": "harbour", "name": "Marina Fjordparken", "osm_id": 1190185257}, "geometry": {"type": "Polygon", "coordinates": [[[9.8794073, 57.0562142], [9.8806183, 57.0562295], [9.8806143, 57.0558999], [9.8802254, 57.0553689], [9.8799384, 57.0551122], [9.8796621, 57.054908], [9.8791686, 57.0546498], [9.8786294, 57.0544718], [9.8771703, 57.0542764], [9.8770013, 57.0543099], [9.8769718, 57.054695], [9.8757783, 57.054679], [9.8757809, 57.054326], [9.8750165, 57.0543128], [9.8747027, 57.0541816], [9.8742494, 57.0539146], [9.8729727, 57.0545929], [9.8726006, 57.0545681], [9.8724927, 57.0545891], [9.8713333, 57.0551993], [9.871363, 57.0552759], [9.8717735, 57.0555046], [9.8742767, 57.0565552], [9.8742942, 57.0565911], [9.874295, 57.0567414], [9.8743115, 57.0567669], [9.8743435, 57.0567675], [9.8743816, 57.0567769], [9.8744009, 57.0567938], [9.8748854, 57.0567605], [9.8748997, 57.056741], [9.8749282, 57.0567217], [9.8749732, 57.056715], [9.8750137, 57.056717], [9.8750536, 57.0567325], [9.875071, 57.056755], [9.875059, 57.0567779], [9.8752389, 57.0569526], [9.8754481, 57.0570395], [9.8762553, 57.0573456], [9.8776242, 57.0578063], [9.8782629, 57.0579765], [9.8786852, 57.0580809], [9.8788056, 57.0580809], [9.8789245, 57.0580529], [9.8790061, 57.0580549], [9.8790115, 57.0580561], [9.8790516, 57.0580652], [9.8790971, 57.0580859], [9.8791275, 57.0581313], [9.8792669, 57.0581321], [9.8794073, 57.0562142]]]}}, {"type": "Feature", "properties": {"seamark_type": "harbour", "name": "Bisserup Havn", "osm_id": 1190652226}, "geometry": {"type": "Polygon", "coordinates": [[[11.4919098, 55.1993076], [11.491816, 55.199228], [11.4916807, 55.199192], [11.491769, 55.1991162], [11.4912727, 55.1989432], [11.4912069, 55.1990793], [11.4911676, 55.1991844], [11.4911536, 55.199261], [11.4911202, 55.1994209], [11.4911043, 55.1995298], [11.4911385, 55.1995304], [11.491089, 55.1996248], [11.4910609, 55.1999542], [11.4918112, 55.1999333], [11.4918757, 55.2001665], [11.4927593, 55.2000037], [11.4927231, 55.1998309], [11.4927104, 55.1997704], [11.4926823, 55.1996361], [11.4924533, 55.1996538], [11.4919855, 55.1996412], [11.4919567, 55.1995693], [11.4918628, 55.1994583], [11.4919098, 55.1993076]]]}}, {"type": "Feature", "properties": {"seamark_type": "harbour", "name": null, "osm_id": 1191547024}, "geometry": {"type": "Polygon", "coordinates": [[[8.7376068, 53.1099117], [8.7381188, 53.1090072], [8.7389166, 53.1091699], [8.7384048, 53.1100743], [8.7376068, 53.1099117]]]}}, {"type": "Feature", "properties": {"seamark_type": "harbour", "name": "Przystań morska w Wolinie", "osm_id": 1192030499}, "geometry": {"type": "Polygon", "coordinates": [[[14.5996212, 53.8301465], [14.599019, 53.8300218], [14.5979796, 53.8297959], [14.5968191, 53.829032], [14.5968649, 53.8275911], [14.5997557, 53.8274957], [14.6016104, 53.8267437], [14.6022946, 53.8269165], [14.6011133, 53.8283115], [14.6011935, 53.8285546], [14.6000921, 53.8285749], [14.5995537, 53.8286958], [14.5992469, 53.8288064], [14.5990249, 53.8289022], [14.5990273, 53.8290263], [14.5991314, 53.8294854], [14.599376, 53.8298936], [14.5997788, 53.8300277], [14.5996212, 53.8301465]]]}}, {"type": "Feature", "properties": {"seamark_type": "harbour", "name": "Przystań Ludowa - Dom Żeglarski Mila Sp. z o.o.", "osm_id": 1203511985}, "geometry": {"type": "Polygon", "coordinates": [[[14.58527, 53.4500219], [14.58525, 53.4500469], [14.5853023, 53.4501591], [14.5853845, 53.4503396], [14.5863638, 53.4501894], [14.5861858, 53.4499625], [14.5856751, 53.4500796], [14.5855373, 53.4498877], [14.5860336, 53.4497897], [14.5860099, 53.4497516], [14.5852981, 53.449881], [14.5852069, 53.4498979], [14.58527, 53.4500219]]]}}, {"type": "Feature", "properties": {"seamark_type": "harbour", "name": "Skagen Sejlklub", "osm_id": 1204655714}, "geometry": {"type": "Polygon", "coordinates": [[[10.5865743, 57.7151752], [10.5868463, 57.7149939], [10.5868647, 57.7150015], [10.587103, 57.714838], [10.5894403, 57.7152436], [10.5894287, 57.7154042], [10.5894239, 57.715437], [10.5892032, 57.7154876], [10.5890651, 57.7155155], [10.5889812, 57.7155311], [10.588954, 57.7155318], [10.5889354, 57.7155292], [10.588907, 57.7155217], [10.588877, 57.7155102], [10.5887848, 57.7155144], [10.5887183, 57.7155901], [10.5865743, 57.7151752]]]}}, {"type": "Feature", "properties": {"seamark_type": "anchorage", "name": null, "osm_id": 1204820773}, "geometry": {"type": "Polygon", "coordinates": [[[9.5987463, 55.1026813], [9.6320915, 55.1060203], [9.6321773, 55.0893964], [9.5986175, 55.086056], [9.5987463, 55.1026813]]]}}, {"type": "Feature", "properties": {"seamark_type": "anchorage", "name": null, "osm_id": 1204948631}, "geometry": {"type": "Polygon", "coordinates": [[[13.6511993, 54.431613], [13.7093925, 54.4311637], [13.7095642, 54.4198789], [13.6515426, 54.4202285], [13.6511993, 54.431613]]]}}, {"type": "Feature", "properties": {"seamark_type": "anchorage", "name": null, "osm_id": 1205233944}, "geometry": {"type": "Polygon", "coordinates": [[[9.8442542, 54.4763593], [9.851696, 54.4760592], [9.8520112, 54.4740667], [9.8499111, 54.4742491], [9.8443052, 54.4753743], [9.8442542, 54.4763593]]]}}, {"type": "Feature", "properties": {"seamark_type": "anchorage", "name": null, "osm_id": 1205246897}, "geometry": {"type": "Polygon", "coordinates": [[[9.6044111, 54.8772857], [9.609282, 54.8773474], [9.6092605, 54.8756314], [9.6044755, 54.8757548], [9.6044111, 54.8772857]]]}}, {"type": "Feature", "properties": {"seamark_type": "anchorage", "name": null, "osm_id": 1205463611}, "geometry": {"type": "Polygon", "coordinates": [[[13.786779, 54.202128], [13.7911433, 54.1987317], [13.7837783, 54.193215], [13.774565, 54.18618], [13.786779, 54.202128]]]}}, {"type": "Feature", "properties": {"seamark_type": "anchorage", "name": null, "osm_id": 1205463622}, "geometry": {"type": "Polygon", "coordinates": [[[13.638487, 54.489828], [13.681265, 54.500026], [13.6879348, 54.4883639], [13.6439466, 54.4783167], [13.638487, 54.489828]]]}}, {"type": "Feature", "properties": {"seamark_type": "anchorage", "name": null, "osm_id": 1205465349}, "geometry": {"type": "Polygon", "coordinates": [[[14.0774344, 54.3271359], [14.155712, 54.3023022], [14.1656683, 54.2640211], [14.0757178, 54.3000985], [14.0774344, 54.3271359]]]}}, {"type": "Feature", "properties": {"seamark_type": "harbour", "name": "Simrishamns fritidshamn", "osm_id": 1209326433}, "geometry": {"type": "Polygon", "coordinates": [[[14.3536426, 55.5584344], [14.3540736, 55.558516], [14.3553864, 55.5590236], [14.3570701, 55.5593439], [14.3567646, 55.5596108], [14.3566056, 55.5597316], [14.3562951, 55.5599244], [14.3558707, 55.5601243], [14.3553479, 55.5603442], [14.355028, 55.5604637], [14.354637, 55.5605807], [14.3542941, 55.5606765], [14.3536187, 55.5608149], [14.353075, 55.5608835], [14.3526034, 55.5609257], [14.352247, 55.5609509], [14.3515783, 55.5609703], [14.3512558, 55.5609544], [14.3510007, 55.5609379], [14.3502291, 55.5608574], [14.3494466, 55.5607196], [14.3495675, 55.5605612], [14.3502424, 55.5601195], [14.3508348, 55.5598561], [14.3518723, 55.5594427], [14.3524618, 55.5593077], [14.3523793, 55.559146], [14.3536426, 55.5584344]]]}}, {"type": "Feature", "properties": {"seamark_type": "anchorage", "name": null, "osm_id": 1209957701}, "geometry": {"type": "Polygon", "coordinates": [[[10.9122562, 53.9929366], [10.9242296, 53.9911831], [10.9113765, 53.9804841], [10.9043383, 53.981809], [10.9122562, 53.9929366]]]}}, {"type": "Feature", "properties": {"seamark_type": "harbour", "name": "SVMG", "osm_id": 1211375982}, "geometry": {"type": "Polygon", "coordinates": [[[10.5722919, 54.1682799], [10.5738745, 54.1684158], [10.5738868, 54.1683598], [10.5739031, 54.168317], [10.5741643, 54.16829], [10.5742756, 54.1683284], [10.574344, 54.1683237], [10.5743288, 54.1682633], [10.5745501, 54.1682413], [10.5750624, 54.1680481], [10.5750558, 54.1680408], [10.575049, 54.1680332], [10.5744052, 54.1678126], [10.5740945, 54.1677437], [10.5736066, 54.1678725], [10.5730752, 54.1678975], [10.5726833, 54.1677049], [10.5725154, 54.1679322], [10.5723017, 54.1682217], [10.5722864, 54.1682423], [10.5722919, 54.1682799]]]}}, {"type": "Feature", "properties": {"seamark_type": "harbour", "name": null, "osm_id": 1214497571}, "geometry": {"type": "Polygon", "coordinates": [[[10.4214227, 55.4388516], [10.4214367, 55.4387614], [10.4212337, 55.4387598], [10.4211739, 55.4384873], [10.4203879, 55.4386885], [10.4206302, 55.4389778], [10.4207074, 55.4389831], [10.4207881, 55.4390939], [10.4207549, 55.4391285], [10.4209221, 55.4393455], [10.4211484, 55.4393085], [10.4212249, 55.4388434], [10.4214227, 55.4388516]]]}}, {"type": "Feature", "properties": {"seamark_type": "harbour", "name": null, "osm_id": 1227884217}, "geometry": {"type": "Polygon", "coordinates": [[[14.7629045, 53.967657], [14.7630079, 53.9674881], [14.7631164, 53.967497], [14.7631511, 53.9672543], [14.7636511, 53.9671836], [14.7637454, 53.967224], [14.7636369, 53.9673597], [14.7638268, 53.9674013], [14.7638675, 53.9673319], [14.7643375, 53.9674342], [14.764292, 53.9679872], [14.7633942, 53.9679894], [14.7630792, 53.967846], [14.7629824, 53.9677594], [14.7629045, 53.967657]]]}}, {"type": "Feature", "properties": {"seamark_type": "harbour", "name": "SVMG", "osm_id": 1230738316}, "geometry": {"type": "Polygon", "coordinates": [[[10.3849427, 54.3035506], [10.3847826, 54.3034712], [10.3845297, 54.3033715], [10.3839791, 54.3033328], [10.3832914, 54.3038021], [10.383392, 54.3038209], [10.38357, 54.3038378], [10.3836756, 54.3038274], [10.3837328, 54.3038176], [10.3838056, 54.3038354], [10.3841873, 54.3039169], [10.3847185, 54.3040304], [10.3851145, 54.3041196], [10.3854129, 54.303751], [10.3854538, 54.3036986], [10.3849427, 54.3035506]]]}}, {"type": "Feature", "properties": {"seamark_type": "harbour", "name": "Hafen Holstenkaten", "osm_id": 1235791830}, "geometry": {"type": "Polygon", "coordinates": [[[10.0121964, 53.4747089], [10.0127588, 53.4744255], [10.0133368, 53.4746443], [10.0139351, 53.4746236], [10.015269, 53.4748836], [10.0149034, 53.4756239], [10.0146472, 53.4755824], [10.0130855, 53.4753225], [10.0121964, 53.4747089]]]}}, {"type": "Feature", "properties": {"seamark_type": "harbour", "name": "Thorsminde Jollehavn", "osm_id": 1251320474}, "geometry": {"type": "Polygon", "coordinates": [[[8.1252933, 56.3716189], [8.1252975, 56.3715905], [8.1253102, 56.3715456], [8.1253288, 56.3715192], [8.1253566, 56.3714929], [8.1253815, 56.3714722], [8.1253888, 56.3714577], [8.1253909, 56.3714428], [8.1254002, 56.3714224], [8.1254134, 56.3713949], [8.1254275, 56.3713682], [8.1254456, 56.3713462], [8.1254998, 56.3713138], [8.125546, 56.3712917], [8.1256096, 56.3712679], [8.1256488, 56.3712565], [8.1256862, 56.3712532], [8.125828, 56.3712421], [8.1259138, 56.371235], [8.1259511, 56.371232], [8.1259923, 56.3712286], [8.1260693, 56.3712226], [8.1261126, 56.3712191], [8.1261709, 56.3712141], [8.1262591, 56.3712072], [8.126305, 56.3712037], [8.1263603, 56.3712018], [8.1264289, 56.3712099], [8.1264577, 56.3712171], [8.1265164, 56.3712358], [8.1265625, 56.3712579], [8.1266007, 56.3712793], [8.1266236, 56.3712974], [8.1266347, 56.3713062], [8.1266573, 56.371323], [8.1266647, 56.3713405], [8.1266616, 56.371348], [8.1266577, 56.3713555], [8.1266543, 56.3713705], [8.1266536, 56.3713858], [8.1266525, 56.3714146], [8.1266506, 56.3714388], [8.126401, 56.3715787], [8.1255928, 56.3716271], [8.1252933, 56.3716189]]]}}, {"type": "Feature", "properties": {"seamark_type": "harbour", "name": "Esbjerg Strand Lystbådehavn", "osm_id": 1251321550}, "geometry": {"type": "Polygon", "coordinates": [[[8.4117903, 55.4817523], [8.4114367, 55.4821112], [8.4114164, 55.4823674], [8.4114132, 55.4823926], [8.411412, 55.4824898], [8.4114104, 55.4824961], [8.4124656, 55.4827442], [8.4129479, 55.4828597], [8.4128185, 55.4831992], [8.411646, 55.4829631], [8.4116595, 55.4828201], [8.4111532, 55.4827227], [8.4111512, 55.4829813], [8.4111512, 55.4829944], [8.4111499, 55.4831684], [8.4100413, 55.4829976], [8.409382, 55.4827255], [8.4093849, 55.4819742], [8.4094791, 55.481832], [8.4101001, 55.4811788], [8.4117903, 55.4817523]]]}}, {"type": "Feature", "properties": {"seamark_type": "harbour", "name": "Szczeciński Jachtklub Morski LOK", "osm_id": 1253429588}, "geometry": {"type": "Polygon", "coordinates": [[[14.6296477, 53.3958359], [14.6290633, 53.3959352], [14.6293205, 53.3964676], [14.6290935, 53.3965056], [14.6292884, 53.3969193], [14.6288541, 53.3970269], [14.6281077, 53.3982259], [14.6293468, 53.3985016], [14.62985, 53.3985442], [14.6313328, 53.3985691], [14.6318387, 53.3985104], [14.631445, 53.3977169], [14.631132, 53.3970909], [14.6310327, 53.3969005], [14.6306583, 53.3969453], [14.6301539, 53.3968961], [14.6300151, 53.3966054], [14.6296477, 53.3958359]]]}}, {"type": "Feature", "properties": {"seamark_type": "harbour", "name": "Jollenhafengemeinschaft Alsterufer", "osm_id": 1253565699}, "geometry": {"type": "Polygon", "coordinates": [[[9.9962379, 53.55877], [9.9960575, 53.5588184], [9.9962532, 53.5591219], [9.996167, 53.5591439], [9.9960531, 53.5589771], [9.9959568, 53.5590003], [9.9960703, 53.5591663], [9.9961358, 53.5592622], [9.996206, 53.5592452], [9.9961909, 53.5592231], [9.9962873, 53.5591999], [9.9962826, 53.559193], [9.9963375, 53.5591798], [9.9963236, 53.5591594], [9.9963935, 53.5591426], [9.9966159, 53.5590873], [9.9967479, 53.5592508], [9.9968289, 53.5592275], [9.9967031, 53.5590656], [9.9967726, 53.5590482], [9.9965169, 53.558669], [9.9964003, 53.5586968], [9.9963102, 53.558722], [9.9965558, 53.5590865], [9.996465, 53.5591102], [9.9962379, 53.55877]]]}}, {"type": "Feature", "properties": {"seamark_type": "harbour", "name": "Jacht Klub AZS Szczecin", "osm_id": 1253911696}, "geometry": {"type": "Polygon", "coordinates": [[[14.6256927, 53.396542], [14.6256579, 53.3964554], [14.6256308, 53.396377], [14.6256205, 53.3963787], [14.6244231, 53.396578], [14.6244934, 53.3967288], [14.6242616, 53.3967701], [14.6244874, 53.3973832], [14.6245236, 53.3974815], [14.6245282, 53.3974937], [14.6246626, 53.3978501], [14.6247013, 53.3979587], [14.6247088, 53.3979788], [14.6247426, 53.3980695], [14.6248317, 53.398309], [14.6248569, 53.3983765], [14.6248746, 53.3984387], [14.6249206, 53.3984985], [14.6249694, 53.3985211], [14.6250971, 53.3985501], [14.6252945, 53.3985247], [14.6256882, 53.3984739], [14.6257077, 53.3984714], [14.6257437, 53.3984667], [14.6276788, 53.398215], [14.6275308, 53.3979269], [14.6273346, 53.3973234], [14.6261152, 53.3974963], [14.626013, 53.3972642], [14.6257426, 53.3966545], [14.6256927, 53.396542]]]}}, {"type": "Feature", "properties": {"seamark_type": "harbour", "name": "Yacht Klub Polski Szczecin", "osm_id": 1253911697}, "geometry": {"type": "Polygon", "coordinates": [[[14.6257437, 53.3984667], [14.6257077, 53.3984714], [14.6256882, 53.3984739], [14.6252945, 53.3985247], [14.6250971, 53.3985501], [14.6247719, 53.3985921], [14.6250688, 53.3995858], [14.6262078, 53.3996327], [14.626274, 53.3994621], [14.6279036, 53.3986528], [14.6276788, 53.398215], [14.6257437, 53.3984667]]]}}, {"type": "Feature", "properties": {"seamark_type": "harbour", "name": null, "osm_id": 1270232783}, "geometry": {"type": "Polygon", "coordinates": [[[12.6861771, 53.5290415], [12.6862879, 53.5290344], [12.6863675, 53.5290291], [12.6865398, 53.5284561], [12.686384, 53.5284412], [12.6862029, 53.5284635], [12.6861543, 53.5285674], [12.6861491, 53.5285785], [12.6861444, 53.5285886], [12.6860678, 53.5287523], [12.6860343, 53.5288238], [12.6860668, 53.5290447], [12.6861771, 53.5290415]]]}}, {"type": "Feature", "properties": {"seamark_type": "harbour", "name": null, "osm_id": 1270232784}, "geometry": {"type": "Polygon", "coordinates": [[[12.6863675, 53.5290291], [12.6862879, 53.5290344], [12.6861771, 53.5290415], [12.6860668, 53.5290447], [12.6860414, 53.5290514], [12.6860215, 53.5290566], [12.6860458, 53.5291257], [12.6861693, 53.529361], [12.6864464, 53.5293238], [12.6864979, 53.5293163], [12.6863675, 53.5290291]]]}}, {"type": "Feature", "properties": {"seamark_type": "anchorage", "name": null, "osm_id": 1274997436}, "geometry": {"type": "Polygon", "coordinates": [[[8.9473772, 54.473928], [8.9552092, 54.4763343], [8.9570331, 54.4749628], [8.9483428, 54.472731], [8.9473772, 54.473928]]]}}, {"type": "Feature", "properties": {"seamark_type": "anchorage", "name": null, "osm_id": 1274997437}, "geometry": {"type": "Polygon", "coordinates": [[[8.8087606, 54.439775], [8.8245105, 54.4340343], [8.8203048, 54.4300154], [8.8037824, 54.4362808], [8.8087606, 54.439775]]]}}, {"type": "Feature", "properties": {"seamark_type": "anchorage", "name": null, "osm_id": 1274997438}, "geometry": {"type": "Polygon", "coordinates": [[[8.7203121, 54.5103696], [8.7351179, 54.5051372], [8.7253332, 54.4960162], [8.7106132, 54.5011252], [8.7203121, 54.5103696]]]}}, {"type": "Feature", "properties": {"seamark_type": "anchorage", "name": null, "osm_id": 1274997439}, "geometry": {"type": "Polygon", "coordinates": [[[8.416729, 54.6261459], [8.4252047, 54.6242577], [8.4185099, 54.6161573], [8.4100556, 54.6180832], [8.416729, 54.6261459]]]}}, {"type": "Feature", "properties": {"seamark_type": "anchorage", "name": null, "osm_id": 1274997441}, "geometry": {"type": "Polygon", "coordinates": [[[8.6945629, 54.7401753], [8.6978781, 54.7376668], [8.6962259, 54.7334919], [8.6912048, 54.7343281], [8.6945629, 54.7401753]]]}}, {"type": "Feature", "properties": {"seamark_type": "anchorage", "name": null, "osm_id": 1274997442}, "geometry": {"type": "Polygon", "coordinates": [[[8.7353968, 54.6910365], [8.744924, 54.6910241], [8.744924, 54.6871668], [8.7387228, 54.6862986], [8.7353968, 54.6910365]]]}}, {"type": "Feature", "properties": {"seamark_type": "anchorage", "name": null, "osm_id": 1275266688}, "geometry": {"type": "Polygon", "coordinates": [[[7.9672015, 53.7752785], [7.9697549, 53.7749995], [7.9697335, 53.7741753], [7.9672444, 53.7741816], [7.9672015, 53.7752785]]]}}, {"type": "Feature", "properties": {"seamark_type": "anchorage", "name": null, "osm_id": 1275518222}, "geometry": {"type": "Polygon", "coordinates": [[[8.3614969, 54.9193486], [8.3653807, 54.9193363], [8.3703375, 54.9072364], [8.3678484, 54.9064346], [8.3640718, 54.9150814], [8.3640933, 54.9155007], [8.3617759, 54.9182387], [8.3614969, 54.9193486]]]}}, {"type": "Feature", "properties": {"seamark_type": "anchorage", "name": null, "osm_id": 1275518223}, "geometry": {"type": "Polygon", "coordinates": [[[8.3983182, 55.0030227], [8.4164714, 55.0070345], [8.4215784, 55.0017428], [8.4017086, 54.9975336], [8.3983182, 55.0030227]]]}}, {"type": "Feature", "properties": {"seamark_type": "harbour", "name": "Camp Ahoi - Segelschule für Kinder", "osm_id": 1275763298}, "geometry": {"type": "Polygon", "coordinates": [[[10.8881566, 53.951525], [10.8882717, 53.9513075], [10.8879305, 53.9512449], [10.8878307, 53.9514534], [10.8881566, 53.951525]]]}}, {"type": "Feature", "properties": {"seamark_type": "anchorage", "name": "Näs", "osm_id": 1276418138}, "geometry": {"type": "Polygon", "coordinates": [[[14.2906183, 57.9981042], [14.2904341, 57.9977569], [14.2897475, 57.9974157], [14.2797375, 57.9971485], [14.2800666, 57.9989208], [14.2801325, 57.9991129], [14.2807258, 57.9995321], [14.2811213, 57.9996282], [14.2816322, 57.9996893], [14.2819042, 57.9999077], [14.284206, 57.9997753], [14.287591, 57.9994284], [14.2906554, 57.9987483], [14.2907213, 57.9984273], [14.2906183, 57.9981042]]]}}, {"type": "Feature", "properties": {"seamark_type": "harbour", "name": null, "osm_id": 1276418139}, "geometry": {"type": "Polygon", "coordinates": [[[14.2657685, 57.7970591], [14.2658624, 57.7973907], [14.2659456, 57.7974007], [14.2659377, 57.797421], [14.2660373, 57.7975089], [14.2662737, 57.7976515], [14.2666284, 57.7978753], [14.2667528, 57.7979366], [14.2668736, 57.7979696], [14.2669594, 57.7979682], [14.2672545, 57.7979253], [14.267697, 57.7978252], [14.2679848, 57.7977581], [14.2682871, 57.7976923], [14.2683453, 57.7976647], [14.2684, 57.7976294], [14.2684305, 57.7975878], [14.268418, 57.7975656], [14.2683865, 57.7975262], [14.2684226, 57.7974841], [14.2684222, 57.7974607], [14.2683944, 57.7973464], [14.2682201, 57.7971163], [14.2681355, 57.7970259], [14.2681, 57.7969561], [14.2680699, 57.7968961], [14.2680441, 57.7968009], [14.2680243, 57.7967503], [14.2680109, 57.796706], [14.2679197, 57.7966932], [14.2678767, 57.796626], [14.2677869, 57.7965828], [14.2677366, 57.7965548], [14.2676323, 57.7965184], [14.2673886, 57.7964859], [14.2673318, 57.7964651], [14.2674109, 57.7959815], [14.2671348, 57.7959706], [14.2670758, 57.7964556], [14.2670399, 57.7965016], [14.266946, 57.796493], [14.2668924, 57.7964759], [14.2668951, 57.796433], [14.2669004, 57.7963044], [14.2669138, 57.7961914], [14.2668334, 57.79616], [14.2665625, 57.7962115], [14.2664417, 57.7962394], [14.2661387, 57.7963158], [14.2660528, 57.7963566], [14.2660421, 57.7963744], [14.2660046, 57.7964201], [14.2659214, 57.796423], [14.265798, 57.7962472], [14.2656907, 57.7962715], [14.2658222, 57.7964444], [14.2658356, 57.7964773], [14.2658946, 57.7965502], [14.2659563, 57.796636], [14.2660421, 57.7968346], [14.2660394, 57.7968918], [14.266026, 57.796909], [14.2659616, 57.7969533], [14.2658275, 57.7970334], [14.2657685, 57.7970591]]]}}, {"type": "Feature", "properties": {"seamark_type": "anchorage", "name": "Aussenreede", "osm_id": 1279283315}, "geometry": {"type": "Polygon", "coordinates": [[[11.3487052, 54.1071692], [11.4238071, 54.1070685], [11.4236354, 54.0820519], [11.3486194, 54.0821022], [11.3487052, 54.1071692]]]}}, {"type": "Feature", "properties": {"seamark_type": "anchorage", "name": null, "osm_id": 1280690774}, "geometry": {"type": "Polygon", "coordinates": [[[9.6044165, 54.8333219], [9.610092, 54.831533], [9.6096736, 54.8300344], [9.6075064, 54.829988], [9.6067339, 54.830056], [9.6056342, 54.8303341], [9.6036977, 54.8313012], [9.6029198, 54.8317307], [9.602319, 54.8321725], [9.6044165, 54.8333219]]]}}, {"type": "Feature", "properties": {"seamark_type": "anchorage", "name": "Innenreede", "osm_id": 1294797858}, "geometry": {"type": "Polygon", "coordinates": [[[11.3435554, 53.9971244], [11.3628352, 53.9919999], [11.3635057, 53.9838278], [11.3503575, 53.9726852], [11.345315, 53.9751714], [11.3435554, 53.9971244]]]}}, {"type": "Feature", "properties": {"seamark_type": "harbour", "name": "Ritzebüttler Schleusenpriel", "osm_id": 1296619429}, "geometry": {"type": "Polygon", "coordinates": [[[8.7018203, 53.864134], [8.7017025, 53.8641846], [8.7015512, 53.8640863], [8.701279, 53.8642067], [8.7011773, 53.8642477], [8.7011707, 53.8642819], [8.7013646, 53.8644344], [8.7023873, 53.8652385], [8.7025229, 53.86537], [8.7029063, 53.8656568], [8.702937, 53.8656813], [8.7029448, 53.8656875], [8.7037648, 53.8663351], [8.704024, 53.8665311], [8.7045904, 53.866967], [8.7054629, 53.8674386], [8.705596, 53.8676788], [8.7069622, 53.8684218], [8.7069488, 53.8684289], [8.7069697, 53.8684619], [8.7072607, 53.8683817], [8.7072492, 53.8683614], [8.7072621, 53.8683438], [8.7072793, 53.8683344], [8.7073007, 53.8683304], [8.7073264, 53.8683344], [8.7073545, 53.8683443], [8.7075418, 53.8682865], [8.7075096, 53.8682482], [8.7074911, 53.8682262], [8.7070775, 53.8677672], [8.7069245, 53.8676135], [8.7068972, 53.8676218], [8.7067955, 53.8675135], [8.7067789, 53.867516], [8.7067564, 53.8675202], [8.706755, 53.8675302], [8.7067219, 53.8675375], [8.7066169, 53.8675836], [8.7062786, 53.8677329], [8.7055368, 53.8671402], [8.7055349, 53.8671245], [8.7055545, 53.8671146], [8.7049484, 53.8666163], [8.7045528, 53.8663176], [8.7046859, 53.8662539], [8.7041665, 53.8658522], [8.7040502, 53.8659084], [8.7036828, 53.8656161], [8.7034749, 53.8654507], [8.7031592, 53.8651995], [8.7031424, 53.8652064], [8.7025407, 53.864734], [8.7025221, 53.8647184], [8.7019574, 53.8642442], [8.7018498, 53.8641605], [8.7018203, 53.864134]]]}}, {"type": "Feature", "properties": {"seamark_type": "harbour", "name": null, "osm_id": 1297366619}, "geometry": {"type": "Polygon", "coordinates": [[[12.9014897, 53.1997664], [12.9012964, 53.1997275], [12.9012875, 53.1997088], [12.9013378, 53.1996217], [12.9013635, 53.1996123], [12.9015402, 53.1996411], [12.9015625, 53.1996853], [12.901631, 53.199717], [12.9017123, 53.1997149], [12.9017674, 53.199781], [12.9014897, 53.1997664]]]}}, {"type": "Feature", "properties": {"seamark_type": "harbour", "name": "Neuenkirchener Bootsclub", "osm_id": 1307592778}, "geometry": {"type": "Polygon", "coordinates": [[[9.4216453, 53.8634736], [9.4215958, 53.8633708], [9.4216521, 53.8633747], [9.4217035, 53.8633687], [9.4245134, 53.862865], [9.4247168, 53.862863], [9.4247161, 53.8629313], [9.4216453, 53.8634736]]]}}, {"type": "Feature", "properties": {"seamark_type": "harbour", "name": "Svanviks Båtklubb", "osm_id": 1309829080}, "geometry": {"type": "Polygon", "coordinates": [[[11.6698381, 58.1103978], [11.6701761, 58.1104431], [11.670861, 58.1105363], [11.6715708, 58.1106287], [11.6720375, 58.1107577], [11.6725445, 58.1108271], [11.6733545, 58.1109433], [11.6732453, 58.1111849], [11.6729309, 58.1111505], [11.6725081, 58.1112092], [11.6721124, 58.1111677], [11.6716923, 58.111613], [11.6715541, 58.1116674], [11.671321, 58.111643], [11.6699333, 58.1113352], [11.6692861, 58.1117737], [11.6688037, 58.1115695], [11.6682172, 58.1112757], [11.6681536, 58.1111901], [11.6681831, 58.1110938], [11.6682941, 58.1109948], [11.6688437, 58.1106021], [11.668952, 58.110538], [11.6690881, 58.1104099], [11.6691081, 58.1103377], [11.6691798, 58.1102556], [11.6693109, 58.1101696], [11.6695668, 58.1102864], [11.6698381, 58.1103978]]]}}, {"type": "Feature", "properties": {"seamark_type": "harbour", "name": "Råssö Båthamn", "osm_id": 1309835049}, "geometry": {"type": "Polygon", "coordinates": [[[11.6602933, 58.1150707], [11.6600134, 58.1150019], [11.6596331, 58.1148871], [11.6594955, 58.1148425], [11.659426, 58.1148123], [11.6593631, 58.114785], [11.6590259, 58.1146625], [11.6592173, 58.1145138], [11.6593182, 58.1144367], [11.6594348, 58.1143463], [11.6595788, 58.1142297], [11.6597595, 58.1140681], [11.6598102, 58.1140064], [11.6599279, 58.113863], [11.6599978, 58.1137957], [11.6603285, 58.1135765], [11.6605257, 58.1134561], [11.6605963, 58.1134409], [11.6608173, 58.1133932], [11.6608441, 58.1134059], [11.6609926, 58.1134519], [11.6612199, 58.113531], [11.6613247, 58.113531], [11.6616513, 58.1134691], [11.6619085, 58.1134104], [11.6619799, 58.1133791], [11.6629961, 58.1131949], [11.6632794, 58.1136408], [11.6630431, 58.1138578], [11.6627812, 58.1140734], [11.6625618, 58.1142192], [11.6622778, 58.1143002], [11.6610782, 58.1145042], [11.6609309, 58.1145823], [11.6609198, 58.1146904], [11.6609971, 58.1149218], [11.6609632, 58.1149892], [11.6608584, 58.1150261], [11.6607598, 58.1150277], [11.6606275, 58.1150402], [11.6604752, 58.1150555], [11.6602933, 58.1150707]]]}}, {"type": "Feature", "properties": {"seamark_type": "harbour", "name": "Jachthaven", "osm_id": 1309839671}, "geometry": {"type": "Polygon", "coordinates": [[[7.0357402, 53.1681104], [7.0355794, 53.1684056], [7.0355496, 53.1684727], [7.0362577, 53.1686029], [7.0362883, 53.1685438], [7.0364477, 53.1682484], [7.036413, 53.1682416], [7.0357402, 53.1681104]]]}}, {"type": "Feature", "properties": {"seamark_type": "harbour", "name": null, "osm_id": 1314164384}, "geometry": {"type": "Polygon", "coordinates": [[[11.8911946, 57.6852989], [11.891065, 57.6855492], [11.8929511, 57.6861657], [11.893004, 57.686095], [11.8930384, 57.6860787], [11.893254, 57.685757], [11.8932011, 57.6857019], [11.8911946, 57.6852989]]]}}, {"type": "Feature", "properties": {"seamark_type": "harbour", "name": "Vester Havn", "osm_id": 1314771819}, "geometry": {"type": "Polygon", "coordinates": [[[11.3746062, 54.9357102], [11.3743526, 54.9358366], [11.3742051, 54.9359021], [11.3740736, 54.9359322], [11.3739315, 54.9359422], [11.373792, 54.9359214], [11.3737048, 54.9358898], [11.373516, 54.9357562], [11.3733224, 54.9358216], [11.3732656, 54.9358297], [11.3730756, 54.9357656], [11.3727418, 54.9357943], [11.3723385, 54.9355099], [11.3725783, 54.9353836], [11.3728808, 54.9352122], [11.3729263, 54.9351986], [11.3730418, 54.9351396], [11.3731939, 54.9350761], [11.3737084, 54.9353037], [11.3738595, 54.9353745], [11.3738758, 54.9353837], [11.3740795, 54.9354751], [11.3744379, 54.9356362], [11.3745731, 54.9356937], [11.3746062, 54.9357102]]]}}, {"type": "Feature", "properties": {"seamark_type": "anchorage", "name": "A", "osm_id": 1318892579}, "geometry": {"type": "Polygon", "coordinates": [[[14.8358333, 56.1166667], [14.8525, 56.1033333], [14.8735, 56.1033333], [14.8566667, 56.1166667], [14.8358333, 56.1166667]]]}}, {"type": "Feature", "properties": {"seamark_type": "harbour", "name": "Langebæk bådehavn", "osm_id": 1329954000}, "geometry": {"type": "Polygon", "coordinates": [[[12.1041478, 54.9861182], [12.1050282, 54.9858113], [12.1046177, 54.9854187], [12.1038669, 54.9858085], [12.1041478, 54.9861182]]]}}, {"type": "Feature", "properties": {"seamark_type": "harbour", "name": null, "osm_id": 1334581132}, "geometry": {"type": "Polygon", "coordinates": [[[6.9958916, 53.1643084], [6.9956285, 53.164713], [6.9956082, 53.1647089], [6.9958696, 53.1643044], [6.9958916, 53.1643084]]]}}, {"type": "Feature", "properties": {"seamark_type": "harbour", "name": "Stadthafen Malchow", "osm_id": 1345308188}, "geometry": {"type": "Polygon", "coordinates": [[[12.4267048, 53.4738542], [12.4271606, 53.4737676], [12.4271234, 53.4736966], [12.4270865, 53.4736262], [12.4270474, 53.4735515], [12.4270104, 53.4734811], [12.4269622, 53.4733891], [12.4269163, 53.4733015], [12.4269128, 53.4732949], [12.4269223, 53.4732831], [12.4269522, 53.4732685], [12.4269903, 53.4732617], [12.4270304, 53.4732642], [12.4270523, 53.4732712], [12.4270203, 53.4731852], [12.4269977, 53.4731244], [12.4261995, 53.4732552], [12.4262292, 53.4733095], [12.4262556, 53.4733579], [12.4262683, 53.4733811], [12.4261405, 53.4734036], [12.4261804, 53.4734774], [12.4262076, 53.4735278], [12.4262331, 53.4735752], [12.4262568, 53.4736192], [12.4262856, 53.4736726], [12.4263184, 53.4737333], [12.426346, 53.4737845], [12.4263741, 53.4738367], [12.4266491, 53.4737882], [12.4266702, 53.4737845], [12.4267048, 53.4738542]]]}}, {"type": "Feature", "properties": {"seamark_type": "harbour", "name": null, "osm_id": 1351644533}, "geometry": {"type": "Polygon", "coordinates": [[[12.1430225, 55.0341513], [12.1430854, 55.0340758], [12.1431509, 55.0340931], [12.1432101, 55.0340434], [12.1431438, 55.0340168], [12.1432139, 55.0339232], [12.1427294, 55.0337109], [12.1425228, 55.0340204], [12.1430225, 55.0341513]]]}}, {"type": "Feature", "properties": {"seamark_type": "harbour", "name": "Tunø Havn", "osm_id": 1358116036}, "geometry": {"type": "Polygon", "coordinates": [[[10.4549191, 55.9486842], [10.4555203, 55.9487102], [10.4555237, 55.9486888], [10.4555337, 55.9486779], [10.4555619, 55.9486644], [10.455806, 55.948365], [10.4556971, 55.9481262], [10.4550203, 55.9478794], [10.4546022, 55.9481935], [10.4545532, 55.9482287], [10.4545397, 55.9482384], [10.4545397, 55.9482488], [10.4545342, 55.948254], [10.4544401, 55.9483481], [10.4543757, 55.9484044], [10.4544106, 55.9484185], [10.4543984, 55.9484328], [10.4547739, 55.9485816], [10.4548873, 55.9486265], [10.4549141, 55.9486426], [10.4549217, 55.9486637], [10.4549191, 55.9486842]]]}}, {"type": "Feature", "properties": {"seamark_type": "harbour", "name": "Mårup Havn", "osm_id": 1358445782}, "geometry": {"type": "Polygon", "coordinates": [[[10.5509359, 55.9374649], [10.5506739, 55.9369027], [10.5506619, 55.9369038], [10.5506442, 55.936859], [10.5517513, 55.9364058], [10.5517925, 55.936403], [10.5518283, 55.9364061], [10.5531138, 55.9367017], [10.5532895, 55.9367536], [10.5535068, 55.9368399], [10.5535336, 55.936845], [10.5529182, 55.9379324], [10.5527815, 55.9379121], [10.5524929, 55.9378863], [10.5524174, 55.9378762], [10.5522804, 55.9377872], [10.5522201, 55.9377297], [10.5521538, 55.9376801], [10.5521033, 55.9376411], [10.5520464, 55.9376047], [10.5520145, 55.9375736], [10.5520072, 55.9375665], [10.5519982, 55.9375578], [10.5518264, 55.9374289], [10.5517957, 55.937431], [10.5517729, 55.9374265], [10.5517392, 55.9374296], [10.55171, 55.93741], [10.5517026, 55.9374135], [10.5516817, 55.9374232], [10.552004, 55.9376637], [10.5519935, 55.9376807], [10.5520343, 55.9377193], [10.5519414, 55.9377454], [10.5518162, 55.9377805], [10.551239, 55.9378855], [10.5510382, 55.9376681], [10.5515797, 55.937387], [10.5518057, 55.9372428], [10.5517517, 55.9371937], [10.5517502, 55.9371731], [10.5517299, 55.9371735], [10.5516939, 55.9371412], [10.5514151, 55.9372701], [10.5513747, 55.9372764], [10.5513796, 55.9372862], [10.5510418, 55.9374431], [10.5509359, 55.9374649]]]}}, {"type": "Feature", "properties": {"seamark_type": "harbour", "name": "Inderhavn", "osm_id": 1359289881}, "geometry": {"type": "Polygon", "coordinates": [[[10.2587314, 54.9425697], [10.2591934, 54.9426211], [10.2591851, 54.9425938], [10.2592118, 54.9424214], [10.2595358, 54.9420274], [10.2598081, 54.9416817], [10.259725, 54.9416597], [10.2596436, 54.9416415], [10.2592986, 54.9416227], [10.2592742, 54.9416238], [10.2592086, 54.9416206], [10.2591823, 54.9413981], [10.2590543, 54.941402], [10.2589276, 54.9414058], [10.2589483, 54.9416603], [10.2581227, 54.9418264], [10.2585155, 54.9420798], [10.2584228, 54.9421291], [10.2579983, 54.9418551], [10.2577825, 54.9415213], [10.2573743, 54.9416075], [10.2576375, 54.9419322], [10.2575662, 54.9419649], [10.2570747, 54.9416148], [10.2569621, 54.941662], [10.2576707, 54.9421785], [10.2587639, 54.9425023], [10.2587314, 54.9425697]]]}}, {"type": "Feature", "properties": {"seamark_type": "harbour", "name": "Industribassin", "osm_id": 1359289882}, "geometry": {"type": "Polygon", "coordinates": [[[10.2587314, 54.9425697], [10.2587105, 54.9425724], [10.2573526, 54.9423196], [10.2570066, 54.9424104], [10.256747, 54.9423733], [10.2562714, 54.9426712], [10.256985, 54.9428031], [10.2569536, 54.9428685], [10.2567956, 54.9428867], [10.256794, 54.9429183], [10.2568777, 54.9431544], [10.256776, 54.9432746], [10.2551077, 54.9435802], [10.2550238, 54.9436889], [10.2552678, 54.9440155], [10.2565483, 54.9438331], [10.2576645, 54.9436598], [10.2577382, 54.9436622], [10.2578603, 54.943696], [10.2579032, 54.9437007], [10.2579649, 54.9436953], [10.2580567, 54.9436772], [10.2582267, 54.9436437], [10.258249, 54.9436427], [10.2582706, 54.9436461], [10.2583119, 54.9436617], [10.2587314, 54.9425697]]]}}, {"type": "Feature", "properties": {"seamark_type": "harbour", "name": "Marina Baltica", "osm_id": 1359636162}, "geometry": {"type": "Polygon", "coordinates": [[[10.8570552, 53.9515683], [10.8578317, 53.9516655], [10.8594672, 53.9530859], [10.8579703, 53.9532982], [10.856769, 53.9533165], [10.857234, 53.9516605], [10.8570552, 53.9515683]]]}}, {"type": "Feature", "properties": {"seamark_type": "harbour", "name": "Yachthafen Sonnenbrücke", "osm_id": 1359636191}, "geometry": {"type": "Polygon", "coordinates": [[[10.8659702, 53.9555405], [10.8661469, 53.9552098], [10.8661602, 53.9551535], [10.8670668, 53.955228], [10.8670535, 53.9552841], [10.8669631, 53.9555045], [10.866916, 53.9554964], [10.866542, 53.9555867], [10.8663932, 53.9555883], [10.866026, 53.9555464], [10.8659702, 53.9555405]]]}}, {"type": "Feature", "properties": {"seamark_type": "harbour", "name": "Fischereihafen Travemünde", "osm_id": 1359636205}, "geometry": {"type": "Polygon", "coordinates": [[[10.8603317, 53.9548721], [10.8605274, 53.9540614], [10.8642555, 53.954375], [10.8648441, 53.9546394], [10.8642812, 53.955236], [10.8613269, 53.9549629], [10.8603317, 53.9548721]]]}}, {"type": "Feature", "properties": {"seamark_type": "harbour", "name": "Rosenhof Yachthafen Travemünde", "osm_id": 1360084079}, "geometry": {"type": "Polygon", "coordinates": [[[10.869041, 53.9526158], [10.8690045, 53.9526031], [10.8689781, 53.9526053], [10.8689535, 53.9526084], [10.8689371, 53.9526535], [10.8673493, 53.9528141], [10.8675323, 53.953502], [10.8690462, 53.9540931], [10.8694988, 53.9540345], [10.8695262, 53.9540309], [10.8693675, 53.9536068], [10.8700307, 53.9535198], [10.869937, 53.9532914], [10.8699133, 53.9532944], [10.8697834, 53.9529519], [10.869369, 53.9529379], [10.8691609, 53.9529599], [10.869041, 53.9526158]]]}}, {"type": "Feature", "properties": {"seamark_type": "harbour", "name": "Trainingsgebiet Survival Craft & Rescue Boat", "osm_id": 1360881859}, "geometry": {"type": "Polygon", "coordinates": [[[10.8869661, 53.9498307], [10.8871797, 53.9494837], [10.889819, 53.9500466], [10.889381, 53.9507577], [10.889024, 53.9513373], [10.8887742, 53.9512849], [10.8882717, 53.9513075], [10.8879305, 53.9512449], [10.8878307, 53.9514534], [10.8872176, 53.9513336], [10.8871635, 53.951269], [10.8871486, 53.9512514], [10.8870975, 53.9511831], [10.887222, 53.9509194], [10.8872717, 53.9509282], [10.8872759, 53.9509202], [10.887283, 53.9509045], [10.8873057, 53.9508615], [10.8873305, 53.9508144], [10.8873748, 53.9507536], [10.8873639, 53.9507073], [10.8873889, 53.9506705], [10.8874156, 53.9506239], [10.887428, 53.9505729], [10.8874229, 53.9505421], [10.8873013, 53.9505173], [10.8873696, 53.9504128], [10.8875395, 53.9501762], [10.8870046, 53.9500432], [10.8869493, 53.9500275], [10.8869094, 53.9500121], [10.8868967, 53.9499941], [10.8869147, 53.9499796], [10.8869064, 53.9499497], [10.8869341, 53.9498762], [10.8869661, 53.9498307]]]}}, {"type": "Feature", "properties": {"seamark_type": "harbour", "name": null, "osm_id": 1361468704}, "geometry": {"type": "Polygon", "coordinates": [[[10.7661813, 53.8984969], [10.7658471, 53.8982643], [10.7658015, 53.8981824], [10.7658395, 53.8980902], [10.7660957, 53.8978276], [10.7664251, 53.8974882], [10.7669351, 53.8976768], [10.7671853, 53.8975026], [10.767497, 53.8976451], [10.7672303, 53.8978453], [10.7675715, 53.8980152], [10.7675291, 53.8980374], [10.7674597, 53.8980771], [10.7674195, 53.8980999], [10.767407, 53.8981062], [10.7673716, 53.8982505], [10.7674091, 53.8982555], [10.7672783, 53.8984711], [10.7672391, 53.8985913], [10.767235, 53.8986041], [10.7672341, 53.8986067], [10.7672047, 53.8986969], [10.7670642, 53.8988772], [10.7667654, 53.8987979], [10.7667614, 53.8987968], [10.766831, 53.8986786], [10.7663014, 53.8985305], [10.7662966, 53.8985291], [10.7661813, 53.8984969]]]}}, {"type": "Feature", "properties": {"seamark_type": "harbour", "name": "Marina am Stau", "osm_id": 1361481373}, "geometry": {"type": "Polygon", "coordinates": [[[10.7692747, 53.8952676], [10.7690842, 53.8951223], [10.7696018, 53.8949077], [10.7710801, 53.8953648], [10.7708072, 53.8960358], [10.7686338, 53.8969519], [10.767497, 53.8976451], [10.7671853, 53.8975026], [10.7669351, 53.8976768], [10.7664251, 53.8974882], [10.766549, 53.8973637], [10.7664299, 53.8973154], [10.7664864, 53.8972713], [10.7665951, 53.8973184], [10.7675812, 53.896674], [10.7675972, 53.8966626], [10.7678751, 53.896482], [10.7679667, 53.8964439], [10.7679873, 53.8964353], [10.7686293, 53.8961683], [10.7691567, 53.8959489], [10.7696262, 53.8957529], [10.7696556, 53.8957402], [10.7697986, 53.8953213], [10.7694536, 53.8952161], [10.7692747, 53.8952676]]]}}, {"type": "Feature", "properties": {"seamark_type": "harbour", "name": "Werft Grell", "osm_id": 1362946927}, "geometry": {"type": "Polygon", "coordinates": [[[10.80236, 53.891289], [10.8024172, 53.8913029], [10.8025047, 53.8913313], [10.8025494, 53.8913721], [10.8025736, 53.891405], [10.8026165, 53.8914243], [10.8026471, 53.8914494], [10.8026344, 53.8914739], [10.8025773, 53.8914957], [10.8025745, 53.8915276], [10.8025723, 53.8915829], [10.8025562, 53.8915827], [10.8025552, 53.8915918], [10.802382, 53.8915901], [10.802379, 53.8916456], [10.8025395, 53.8916475], [10.8028183, 53.891745], [10.8045189, 53.8920989], [10.8047301, 53.8917467], [10.8039464, 53.891592], [10.8033217, 53.8913597], [10.802855, 53.8912305], [10.8023665, 53.8912122], [10.80236, 53.891289]]]}}, {"type": "Feature", "properties": {"seamark_type": "harbour", "name": "Marina Schlutup", "osm_id": 1362946967}, "geometry": {"type": "Polygon", "coordinates": [[[10.8059684, 53.8903533], [10.8062388, 53.8900299], [10.8053728, 53.8897603], [10.8040903, 53.8891563], [10.8025819, 53.8891193], [10.8025974, 53.8885486], [10.8024541, 53.8885811], [10.8023572, 53.8885926], [10.8023584, 53.8885672], [10.8023234, 53.8885666], [10.8023226, 53.8885838], [10.8019844, 53.8886567], [10.80194, 53.8887197], [10.8016701, 53.8889388], [10.8014649, 53.8890139], [10.8013931, 53.8890525], [10.801329, 53.8891247], [10.8012547, 53.8892001], [10.8011241, 53.8895873], [10.8010547, 53.8898464], [10.8009987, 53.8900686], [10.8009397, 53.8903107], [10.8008755, 53.8906033], [10.8009483, 53.8906385], [10.8012514, 53.8906402], [10.8014447, 53.8906461], [10.8014433, 53.8906844], [10.8014933, 53.8906847], [10.8014954, 53.8906477], [10.8016157, 53.8906514], [10.8016142, 53.8906736], [10.8016362, 53.8906739], [10.801657, 53.8906741], [10.8016597, 53.8906529], [10.801731, 53.8906609], [10.8017729, 53.890662], [10.8018661, 53.8906591], [10.8022407, 53.890658], [10.8022381, 53.890677], [10.8022703, 53.8906777], [10.8022722, 53.8906585], [10.8023044, 53.890659], [10.8023567, 53.8906723], [10.8024092, 53.8907072], [10.8024957, 53.889454], [10.8038904, 53.8894887], [10.8051564, 53.8900894], [10.8059684, 53.8903533]]]}}, {"type": "Feature", "properties": {"seamark_type": "harbour", "name": null, "osm_id": 1365704599}, "geometry": {"type": "Polygon", "coordinates": [[[14.5952541, 57.9896357], [14.595585, 57.9895899], [14.5957786, 57.9895001], [14.5958129, 57.989459], [14.5956685, 57.9893608], [14.5953004, 57.9891813], [14.595141, 57.9891683], [14.5950062, 57.9891912], [14.5948772, 57.9892944], [14.5950057, 57.9894107], [14.5951399, 57.9895404], [14.5952541, 57.9896357]]]}}, {"type": "Feature", "properties": {"seamark_type": "harbour", "name": "Anlager Fahrgastschiffe Stadt Oldenburg", "osm_id": 1372265400}, "geometry": {"type": "Polygon", "coordinates": [[[8.2265156, 53.1404956], [8.2265185, 53.1405175], [8.2265203, 53.1405312], [8.2268207, 53.1405169], [8.2268148, 53.1404725], [8.2265144, 53.1404868], [8.2265156, 53.1404956]]]}}, {"type": "Feature", "properties": {"seamark_type": "harbour", "name": null, "osm_id": 1380267363}, "geometry": {"type": "Polygon", "coordinates": [[[7.4724215, 53.4647535], [7.4724785, 53.4647743], [7.4720894, 53.4651552], [7.4720296, 53.4651375], [7.4722899, 53.464877], [7.4724215, 53.4647535]]]}}, {"type": "Feature", "properties": {"seamark_type": "harbour", "name": "Ring Andersen", "osm_id": 1385546254}, "geometry": {"type": "Polygon", "coordinates": [[[10.6159279, 55.059872], [10.6161778, 55.059786], [10.6162007, 55.059778], [10.6162788, 55.0597521], [10.616213, 55.0596896], [10.6161463, 55.0596264], [10.615892, 55.0593852], [10.6158047, 55.0594138], [10.615539, 55.0595059], [10.6159279, 55.059872]]]}}, {"type": "Feature", "properties": {"seamark_type": "harbour", "name": "Østby Havn", "osm_id": 1387950867}, "geometry": {"type": "Polygon", "coordinates": [[[12.0636187, 55.752815], [12.0635832, 55.7527636], [12.0635401, 55.7527757], [12.0631882, 55.7528394], [12.0631584, 55.7528179], [12.0630588, 55.7528384], [12.0630637, 55.7528665], [12.0629838, 55.7528884], [12.0630515, 55.7529799], [12.0631985, 55.7529646], [12.0633985, 55.7529111], [12.063585, 55.7528292], [12.0636187, 55.752815]]]}}, {"type": "Feature", "properties": {"seamark_type": "harbour", "name": null, "osm_id": 1408542525}, "geometry": {"type": "Polygon", "coordinates": [[[9.810461, 55.3566394], [9.8104301, 55.3566716], [9.8102516, 55.3567359], [9.8101845, 55.3567625], [9.8103776, 55.3569798], [9.8103993, 55.3570029], [9.8104399, 55.3570045], [9.8105847, 55.3571744], [9.8106418, 55.3571576], [9.8104913, 55.3569826], [9.810479, 55.3569478], [9.8103733, 55.3568329], [9.810367, 55.3567907], [9.8105282, 55.356735], [9.8105963, 55.3566966], [9.8105871, 55.3566524], [9.8105393, 55.3566359], [9.810461, 55.3566394]]]}}, {"type": "Feature", "properties": {"seamark_type": "harbour", "name": null, "osm_id": 1408542848}, "geometry": {"type": "Polygon", "coordinates": [[[9.8011735, 55.375531], [9.8011614, 55.3756169], [9.8011743, 55.3756691], [9.8012101, 55.3757135], [9.8012965, 55.3757928], [9.8013295, 55.3757975], [9.8013635, 55.3757923], [9.8013598, 55.375762], [9.8013323, 55.3757297], [9.8012909, 55.3756968], [9.8012514, 55.3756483], [9.8012542, 55.3756065], [9.8012504, 55.3755299], [9.8012726, 55.3754807], [9.8012808, 55.3754616], [9.801352, 55.3754592], [9.8014017, 55.3754699], [9.8014408, 55.375488], [9.8015159, 55.3754856], [9.8015164, 55.3754669], [9.8014272, 55.3754662], [9.8013579, 55.3754496], [9.8012302, 55.3754344], [9.8011892, 55.3754438], [9.8011735, 55.375531]]]}}, {"type": "Feature", "properties": {"seamark_type": "harbour", "name": "Sundsøre Færgeleje", "osm_id": 1421579642}, "geometry": {"type": "Polygon", "coordinates": [[[9.1744798, 56.7091114], [9.1744708, 56.7090873], [9.1746656, 56.7090704], [9.1746368, 56.708981], [9.1744473, 56.7090053], [9.1744398, 56.7089775], [9.1757057, 56.7087633], [9.1757692, 56.7089719], [9.1744798, 56.7091114]]]}}, {"type": "Feature", "properties": {"seamark_type": "harbour", "name": "Hvalpsund Færgeleje", "osm_id": 1421579643}, "geometry": {"type": "Polygon", "coordinates": [[[9.191819, 56.7011776], [9.1915358, 56.7003815], [9.1919343, 56.7002944], [9.1922915, 56.7008007], [9.191819, 56.7011776]]]}}, {"type": "Feature", "properties": {"seamark_type": "harbour", "name": "Peenemünde Haupthafen", "osm_id": 1422299398}, "geometry": {"type": "Polygon", "coordinates": [[[13.7642749, 54.1340738], [13.7652402, 54.1336903], [13.7666532, 54.1343278], [13.7664373, 54.134418], [13.7670032, 54.1349034], [13.7667811, 54.135158], [13.7667565, 54.1351511], [13.7653924, 54.1367507], [13.7644241, 54.137891], [13.7641721, 54.1380305], [13.7629919, 54.1376848], [13.7629249, 54.1377607], [13.7628081, 54.1378911], [13.7627745, 54.1378819], [13.762741, 54.1378728], [13.762854, 54.1377415], [13.7629185, 54.1376637], [13.7616393, 54.1372965], [13.7631968, 54.1354197], [13.7642571, 54.1342152], [13.7642715, 54.1341013], [13.7642749, 54.1340738]]]}}, {"type": "Feature", "properties": {"seamark_type": "harbour", "name": "Bootswerft Freest", "osm_id": 1422487898}, "geometry": {"type": "Polygon", "coordinates": [[[13.7310846, 54.1368699], [13.7310751, 54.1365897], [13.7305845, 54.1361512], [13.7305693, 54.1361343], [13.7304439, 54.1361885], [13.7303078, 54.1360628], [13.7299812, 54.1357788], [13.7297411, 54.13558], [13.7290303, 54.1359445], [13.7289663, 54.1359766], [13.7296325, 54.1364835], [13.7300496, 54.1365071], [13.7301072, 54.1364767], [13.7306917, 54.1369485], [13.7310846, 54.1368699]]]}}, {"type": "Feature", "properties": {"seamark_type": "harbour", "name": "Yachthafen Peenemünde", "osm_id": 1422488507}, "geometry": {"type": "Polygon", "coordinates": [[[13.7550284, 54.1499497], [13.7549622, 54.1500141], [13.7544791, 54.1499175], [13.7541859, 54.1497338], [13.7539824, 54.1497279], [13.7531702, 54.1494918], [13.752553, 54.1492567], [13.7522489, 54.1490496], [13.7517828, 54.1488832], [13.7513984, 54.1496351], [13.7543695, 54.1505666], [13.7543161, 54.1506203], [13.7542803, 54.1506563], [13.7540796, 54.1508636], [13.7541807, 54.1508968], [13.7540151, 54.1514345], [13.7537454, 54.15227], [13.7542443, 54.1523052], [13.7548255, 54.1517465], [13.7551181, 54.1516657], [13.7573296, 54.1523945], [13.7580737, 54.1526394], [13.7588176, 54.1528832], [13.7601395, 54.1515032], [13.7603364, 54.1515017], [13.760469, 54.1513746], [13.7607278, 54.1510986], [13.7598666, 54.1508033], [13.7594133, 54.1506556], [13.7591327, 54.1505672], [13.7586739, 54.1504227], [13.7580636, 54.1502294], [13.7580441, 54.1502233], [13.7554825, 54.149415], [13.7548369, 54.1492259], [13.7545931, 54.1494847], [13.7548613, 54.1495617], [13.754636, 54.1498068], [13.7550284, 54.1499497]]]}}, {"type": "Feature", "properties": {"seamark_type": "harbour", "name": "Hafen Karlshagen", "osm_id": 1422491343}, "geometry": {"type": "Polygon", "coordinates": [[[13.8099131, 54.1074246], [13.8097984, 54.1073071], [13.8096917, 54.1072606], [13.8096967, 54.1070324], [13.8094605, 54.1070306], [13.8094555, 54.1072589], [13.809455, 54.1073004], [13.8089705, 54.1073048], [13.8089079, 54.1076233], [13.8077032, 54.1078311], [13.810514, 54.1083217], [13.8104594, 54.1084332], [13.8103148, 54.108744], [13.8110147, 54.108876], [13.8117273, 54.108997], [13.8125986, 54.1091449], [13.8127971, 54.1091015], [13.8126571, 54.1089083], [13.8135436, 54.1081602], [13.8138136, 54.1081859], [13.8138324, 54.108135], [13.8138552, 54.10803], [13.8138123, 54.1078885], [13.8136554, 54.1077627], [13.8133281, 54.1075874], [13.8131397, 54.1075284], [13.8124485, 54.1074337], [13.8099131, 54.1074246]]]}}, {"type": "Feature", "properties": {"seamark_type": "harbour", "name": null, "osm_id": 1423316734}, "geometry": {"type": "Polygon", "coordinates": [[[13.4550712, 54.0952636], [13.4548775, 54.0950525], [13.4547, 54.0948534], [13.4545282, 54.0945553], [13.4544414, 54.0944851], [13.4543936, 54.0944519], [13.4542246, 54.0943709], [13.4539141, 54.0942405], [13.4538464, 54.0942348], [13.4537793, 54.0942266], [13.4536795, 54.094205], [13.4528342, 54.094827], [13.4527476, 54.0948815], [13.4533424, 54.0952194], [13.454103, 54.0957034], [13.4544893, 54.0959482], [13.4547091, 54.0958388], [13.4549093, 54.095707], [13.4550279, 54.0956253], [13.4550355, 54.0956091], [13.4550825, 54.0955095], [13.4550786, 54.095379], [13.4550712, 54.0952636]]]}}, {"type": "Feature", "properties": {"seamark_type": "harbour", "name": "Stadthafen Wolgast", "osm_id": 1429253770}, "geometry": {"type": "Polygon", "coordinates": [[[13.7790752, 54.055536], [13.7791433, 54.0554686], [13.7793217, 54.0552278], [13.7797151, 54.0548695], [13.7799962, 54.0546399], [13.7803884, 54.0543387], [13.7806802, 54.0541178], [13.7807884, 54.0540263], [13.7810467, 54.0540955], [13.7809608, 54.0541508], [13.7805689, 54.0544011], [13.780482, 54.0544724], [13.780354, 54.0546935], [13.7798305, 54.0555721], [13.7798152, 54.0555976], [13.7790752, 54.055536]]]}}, {"type": "Feature", "properties": {"seamark_type": "harbour", "name": null, "osm_id": 1432249066}, "geometry": {"type": "Polygon", "coordinates": [[[11.5055745, 53.5515355], [11.5041817, 53.5510868], [11.504049, 53.551008], [11.5041196, 53.5508872], [11.5044769, 53.5504665], [11.5053327, 53.5507449], [11.5050353, 53.5510029], [11.5058141, 53.5512584], [11.5055745, 53.5515355]]]}}, {"type": "Feature", "properties": {"seamark_type": "harbour", "name": "Marina Biber Ferienhof", "osm_id": 1432431170}, "geometry": {"type": "Polygon", "coordinates": [[[12.8652127, 53.2080968], [12.8650022, 53.2081893], [12.8640632, 53.2074441], [12.8628066, 53.207404], [12.8628554, 53.2072515], [12.8630699, 53.2071385], [12.8631559, 53.2069497], [12.863635, 53.2067679], [12.8643123, 53.2068347], [12.8647711, 53.2071061], [12.8648734, 53.207334], [12.8650271, 53.2077821], [12.8651183, 53.2079953], [12.8652127, 53.2080968]]]}}, {"type": "Feature", "properties": {"seamark_type": "harbour", "name": null, "osm_id": 1435307230}, "geometry": {"type": "Polygon", "coordinates": [[[9.223814, 54.3474642], [9.2243818, 54.3474105], [9.2243237, 54.3472483], [9.2236651, 54.3473059], [9.223814, 54.3474642]]]}}, {"type": "Feature", "properties": {"seamark_type": "harbour", "name": "Segelverein Malchow", "osm_id": 1443264467}, "geometry": {"type": "Polygon", "coordinates": [[[12.437866, 53.4859814], [12.4385456, 53.4860432], [12.438667, 53.4852726], [12.4382555, 53.4851972], [12.4381177, 53.4851736], [12.4380653, 53.4851636], [12.4380856, 53.4851154], [12.4380059, 53.4851014], [12.438022, 53.4850703], [12.4378681, 53.485038], [12.4378332, 53.4850278], [12.437815, 53.4850224], [12.4377971, 53.4850172], [12.437771, 53.4850106], [12.4377453, 53.4850041], [12.4376613, 53.4849865], [12.4375755, 53.4851403], [12.4375495, 53.4851354], [12.4372779, 53.4855254], [12.4372713, 53.4855349], [12.4372039, 53.4856325], [12.437241, 53.4856347], [12.4375295, 53.4856518], [12.437577, 53.4856546], [12.4375679, 53.4856823], [12.4376326, 53.4856898], [12.4376528, 53.485692], [12.437694, 53.4856963], [12.4379487, 53.4857242], [12.437943, 53.4857419], [12.437866, 53.4859814]]]}}, {"type": "Feature", "properties": {"seamark_type": "harbour", "name": "WWR Burow", "osm_id": 1444798542}, "geometry": {"type": "Polygon", "coordinates": [[[12.0139185, 53.4007185], [12.0143528, 53.4004959], [12.0145905, 53.4005778], [12.0150144, 53.4007369], [12.014716, 53.4009918], [12.0148362, 53.4010753], [12.0149987, 53.4012098], [12.0146057, 53.4014681], [12.0142053, 53.4012712], [12.0137841, 53.4013858], [12.0137304, 53.4013238], [12.0136848, 53.4012713], [12.0137822, 53.4012377], [12.0138853, 53.4012038], [12.0139496, 53.4012742], [12.0141802, 53.4012047], [12.0141841, 53.4010316], [12.0143236, 53.4009152], [12.0141754, 53.4008565], [12.0139977, 53.4007945], [12.0140339, 53.4007601], [12.0139185, 53.4007185]]]}}, {"type": "Feature", "properties": {"seamark_type": "harbour", "name": "SEEBOOTECH", "osm_id": 1453087020}, "geometry": {"type": "Polygon", "coordinates": [[[12.4372549, 53.4789732], [12.4373721, 53.4789129], [12.4378602, 53.4784589], [12.437651, 53.4783787], [12.4373219, 53.4782526], [12.4370969, 53.4784687], [12.4370733, 53.4784863], [12.4370684, 53.4785422], [12.4370431, 53.4785618], [12.436988, 53.4785755], [12.436421, 53.4792511], [12.4364793, 53.4792715], [12.4364987, 53.4792782], [12.4366012, 53.4793137], [12.4367484, 53.4793637], [12.4369127, 53.479204], [12.4371342, 53.4790058], [12.4371937, 53.4789493], [12.4372549, 53.4789732]]]}}, {"type": "Feature", "properties": {"seamark_type": "harbour", "name": "Marina Loitz", "osm_id": 1457560113}, "geometry": {"type": "Polygon", "coordinates": [[[13.1349747, 53.9699582], [13.1350518, 53.9698607], [13.1351079, 53.9698761], [13.1356428, 53.9700155], [13.1356278, 53.9700268], [13.1356086, 53.9700218], [13.1355892, 53.9700201], [13.1355652, 53.9700219], [13.1355454, 53.9700271], [13.1355294, 53.9700349], [13.1355194, 53.9700429], [13.1355111, 53.9700548], [13.1355087, 53.970068], [13.1355141, 53.970083], [13.1355235, 53.9700932], [13.1355411, 53.9701035], [13.135565, 53.9701103], [13.1355862, 53.9701122], [13.1356067, 53.9701107], [13.1355809, 53.9702014], [13.1355772, 53.9702294], [13.1355782, 53.970252], [13.1355812, 53.9702814], [13.1355936, 53.9703159], [13.135606, 53.9703343], [13.1356167, 53.9703483], [13.1356315, 53.9703613], [13.1356503, 53.9703779], [13.1357596, 53.9704599], [13.1357807, 53.9704816], [13.1357938, 53.9705007], [13.1358068, 53.9705731], [13.1351226, 53.9706195], [13.1349747, 53.9699582]]]}}, {"type": "Feature", "properties": {"seamark_type": "harbour", "name": "Yachthafen Zinnowitz", "osm_id": 1462665225}, "geometry": {"type": "Polygon", "coordinates": [[[13.9184664, 54.0621069], [13.9189838, 54.0626403], [13.9190044, 54.0626618], [13.919193, 54.0630467], [13.9193009, 54.0632668], [13.9192083, 54.0635147], [13.9186142, 54.0634498], [13.9182555, 54.0634474], [13.9178458, 54.0635521], [13.9172517, 54.0638445], [13.9171829, 54.0638649], [13.9171149, 54.0638851], [13.9166698, 54.0638253], [13.9165369, 54.0638075], [13.9164172, 54.0636942], [13.9163718, 54.0636513], [13.9163496, 54.0636303], [13.9164098, 54.0636124], [13.9163329, 54.0635437], [13.9165401, 54.063468], [13.9161865, 54.0631257], [13.9176413, 54.0626082], [13.9175562, 54.0624653], [13.9183972, 54.0621333], [13.9184664, 54.0621069]]]}}, {"type": "Feature", "properties": {"seamark_type": "harbour", "name": "Hafen Zempin", "osm_id": 1462668996}, "geometry": {"type": "Polygon", "coordinates": [[[13.9543369, 54.059443], [13.9542313, 54.059456], [13.954106, 54.0594301], [13.9535701, 54.0593329], [13.9533925, 54.0597118], [13.9534286, 54.0597606], [13.9538833, 54.0598925], [13.9543781, 54.0600156], [13.954584, 54.0600353], [13.9546531, 54.0600353], [13.9547741, 54.0600727], [13.9548284, 54.0600672], [13.9549359, 54.0600706], [13.955002, 54.0600706], [13.9550018, 54.0599401], [13.9549357, 54.0599401], [13.9549018, 54.0599251], [13.9549085, 54.0599094], [13.9549562, 54.0598905], [13.954993, 54.0598669], [13.9550118, 54.0598501], [13.9550525, 54.0598078], [13.9550708, 54.0597437], [13.9550648, 54.0596823], [13.9550272, 54.0596441], [13.9549354, 54.0596189], [13.9548293, 54.0596005], [13.9546119, 54.0594249], [13.9543369, 54.059443]]]}}, {"type": "Feature", "properties": {"seamark_type": "harbour", "name": "Tollensesee Angler e.V.", "osm_id": 1466115717}, "geometry": {"type": "Polygon", "coordinates": [[[13.2545052, 53.5369602], [13.2544081, 53.5368427], [13.2543268, 53.5368376], [13.254182, 53.5367554], [13.2538756, 53.5367899], [13.2541646, 53.5376064], [13.2544629, 53.5375718], [13.2546586, 53.5374105], [13.254643, 53.5373102], [13.2546491, 53.5372262], [13.2546754, 53.5371706], [13.2547029, 53.5371241], [13.2546742, 53.5370613], [13.2545052, 53.5369602]]]}}, {"type": "Feature", "properties": {"seamark_type": "harbour", "name": "Yachthafen Am Wassersportzentrum", "osm_id": 1466115719}, "geometry": {"type": "Polygon", "coordinates": [[[13.2537762, 53.5394393], [13.253533, 53.5383515], [13.2541284, 53.5378838], [13.2545045, 53.5378436], [13.2547043, 53.5378911], [13.2546661, 53.5379257], [13.2546297, 53.5382349], [13.2546643, 53.5383474], [13.2547279, 53.5384166], [13.2547716, 53.5385128], [13.2547752, 53.5386036], [13.2548189, 53.5386685], [13.2548554, 53.5386867], [13.2548562, 53.5387378], [13.2548564, 53.5387479], [13.2549328, 53.5387475], [13.2551135, 53.5387464], [13.2551174, 53.5387944], [13.2549952, 53.5387972], [13.2550106, 53.5388702], [13.2550487, 53.5389292], [13.25523, 53.53903], [13.2552387, 53.5391605], [13.2551445, 53.5391491], [13.255012, 53.5391754], [13.2549413, 53.5392043], [13.2549192, 53.539262], [13.2549236, 53.5393565], [13.2537762, 53.5394393]]]}}, {"type": "Feature", "properties": {"seamark_type": "harbour", "name": "Hafen Koserow", "osm_id": 1467107575}, "geometry": {"type": "Polygon", "coordinates": [[[13.9892466, 54.0470273], [13.9894377, 54.0473554], [13.9896717, 54.0473274], [13.989818, 54.0475826], [13.9898568, 54.0476484], [13.9899328, 54.0476686], [13.9904646, 54.0476427], [13.9909166, 54.0475804], [13.991697, 54.0474572], [13.9918566, 54.0474199], [13.992155, 54.0472301], [13.9921296, 54.0471584], [13.9921363, 54.0470529], [13.9921537, 54.0469293], [13.9921242, 54.0468356], [13.9917845, 54.0466809], [13.9915046, 54.0465899], [13.9914085, 54.0467208], [13.9913608, 54.0466828], [13.9912812, 54.0465824], [13.9910486, 54.0466828], [13.9909212, 54.0466104], [13.99069, 54.0465925], [13.9903808, 54.046645], [13.9902011, 54.0465749], [13.9899219, 54.0465583], [13.9896496, 54.0465668], [13.9893219, 54.0465929], [13.9892462, 54.0466017], [13.9891603, 54.0466118], [13.9892455, 54.0468564], [13.989206, 54.0469308], [13.9892466, 54.0470273]]]}}, {"type": "Feature", "properties": {"seamark_type": "harbour", "name": "Sportboothafen Zempin", "osm_id": 1467108837}, "geometry": {"type": "Polygon", "coordinates": [[[13.975527, 54.0641176], [13.9755721, 54.0641697], [13.9759633, 54.0645547], [13.9758489, 54.0645898], [13.9757282, 54.0646309], [13.975597, 54.0646621], [13.9755437, 54.0646762], [13.9753266, 54.0646741], [13.9751539, 54.0645105], [13.9750356, 54.0644008], [13.9749225, 54.0644292], [13.974663, 54.0641798], [13.9747694, 54.0641287], [13.9746574, 54.0640294], [13.9743103, 54.0637217], [13.9745638, 54.063484], [13.9750658, 54.0633605], [13.9751337, 54.0634688], [13.9753071, 54.0638666], [13.975527, 54.0641176]]]}}, {"type": "Feature", "properties": {"seamark_type": "harbour", "name": null, "osm_id": 1467260329}, "geometry": {"type": "Polygon", "coordinates": [[[14.0038496, 54.0195693], [14.0040131, 54.0196411], [14.0043269, 54.019701], [14.0044345, 54.0197686], [14.0045388, 54.0198234], [14.004742, 54.0197427], [14.0050511, 54.0199281], [14.0053254, 54.0199196], [14.005444, 54.0198404], [14.0055697, 54.0197384], [14.0055545, 54.0193366], [14.0050404, 54.0193472], [14.0047507, 54.0193815], [14.0045676, 54.0194221], [14.0044616, 54.0195551], [14.0042699, 54.0195602], [14.0041049, 54.0194976], [14.0039547, 54.019381], [14.003863, 54.0195452], [14.0038496, 54.0195693]]]}}, {"type": "Feature", "properties": {"seamark_type": "harbour", "name": "Sportboothafen Loddin", "osm_id": 1467262160}, "geometry": {"type": "Polygon", "coordinates": [[[14.002833, 54.0234026], [14.0029053, 54.0234276], [14.0031052, 54.0234497], [14.0033975, 54.0234583], [14.0034632, 54.0235001], [14.0034632, 54.0236403], [14.0036376, 54.0237711], [14.0038817, 54.0238523], [14.003929, 54.0238513], [14.0039782, 54.0237183], [14.0040493, 54.0236482], [14.004162, 54.0235939], [14.0043403, 54.0235545], [14.0048701, 54.023504], [14.0049029, 54.0234674], [14.0049203, 54.0233705], [14.0049971, 54.0233354], [14.0050055, 54.0232886], [14.0048365, 54.0232535], [14.0049559, 54.0231259], [14.0049881, 54.0229636], [14.0039413, 54.0228523], [14.0037905, 54.0228619], [14.0036885, 54.0229092], [14.0036617, 54.0230975], [14.0036231, 54.023282], [14.0029827, 54.0232137], [14.002935, 54.0233136], [14.002833, 54.0234026]]]}}, {"type": "Feature", "properties": {"seamark_type": "harbour", "name": "Sportboothafen Ückeritz", "osm_id": 1467328466}, "geometry": {"type": "Polygon", "coordinates": [[[14.0414473, 54.0112096], [14.0409839, 54.0115792], [14.0398514, 54.0113365], [14.0389479, 54.011179], [14.0386558, 54.0111649], [14.0383404, 54.0111298], [14.0384764, 54.0109098], [14.0386061, 54.0106885], [14.0386114, 54.0105608], [14.0384815, 54.010546], [14.038386, 54.010518], [14.0382992, 54.0104784], [14.0382338, 54.0104327], [14.0381488, 54.0103318], [14.0381338, 54.0102176], [14.0381583, 54.010154], [14.0382459, 54.0100419], [14.0383303, 54.0100743], [14.0386893, 54.0102327], [14.0393177, 54.0101433], [14.039688, 54.0102851], [14.0397408, 54.010234], [14.0397857, 54.010161], [14.0399533, 54.0101434], [14.0401719, 54.0101875], [14.0404494, 54.0107265], [14.0405488, 54.0109212], [14.0409257, 54.0110449], [14.0414473, 54.0112096]]]}}, {"type": "Feature", "properties": {"seamark_type": "harbour", "name": "Hafen Rankwitz", "osm_id": 1467967782}, "geometry": {"type": "Polygon", "coordinates": [[[13.932551, 53.9356457], [13.9328782, 53.9355651], [13.9335259, 53.9358823], [13.9339989, 53.9361761], [13.9340791, 53.9360767], [13.9341049, 53.9360545], [13.9341626, 53.9360814], [13.9342971, 53.9358876], [13.9344943, 53.935693], [13.9339672, 53.9354601], [13.9342985, 53.9352075], [13.9327334, 53.9345427], [13.9318266, 53.9342702], [13.9316899, 53.9344434], [13.9311844, 53.9344282], [13.9309068, 53.9346754], [13.9315613, 53.9349096], [13.9316719, 53.9349504], [13.9320671, 53.9351225], [13.931825, 53.9353749], [13.9317657, 53.9354367], [13.9317289, 53.9354751], [13.932551, 53.9356457]]]}}, {"type": "Feature", "properties": {"seamark_type": "harbour", "name": null, "osm_id": 1468420313}, "geometry": {"type": "Polygon", "coordinates": [[[8.7721506, 53.8376709], [8.7708469, 53.8380108], [8.7707329, 53.8375053], [8.7706393, 53.8370088], [8.7706067, 53.8368612], [8.7705989, 53.8368256], [8.7706554, 53.8368144], [8.7706198, 53.836696], [8.7706658, 53.8366636], [8.7708114, 53.8366375], [8.7708991, 53.8366157], [8.7709979, 53.8365911], [8.7710311, 53.8365801], [8.7711586, 53.8366402], [8.771299, 53.8368229], [8.771309, 53.8368323], [8.7714242, 53.8369401], [8.7715469, 53.8370584], [8.7717541, 53.8372906], [8.7718538, 53.8373162], [8.7721506, 53.8376709]]]}}, {"type": "Feature", "properties": {"seamark_type": "harbour", "name": "Ruden Hafen", "osm_id": 1468800262}, "geometry": {"type": "Polygon", "coordinates": [[[13.7730668, 54.2035769], [13.772521, 54.2036988], [13.7726531, 54.2038786], [13.7726115, 54.2039315], [13.7723238, 54.2040983], [13.7719024, 54.2043439], [13.7723318, 54.2050893], [13.7723923, 54.2051952], [13.7734685, 54.2049716], [13.773441, 54.2049144], [13.773446, 54.2048733], [13.7735161, 54.2042978], [13.7730668, 54.2035769]]]}}, {"type": "Feature", "properties": {"seamark_type": "harbour", "name": "Nothafen Greifswalder Oie", "osm_id": 1469764256}, "geometry": {"type": "Polygon", "coordinates": [[[13.9061218, 54.2414244], [13.9071491, 54.2440662], [13.9072662, 54.2443154], [13.9085915, 54.2440489], [13.9086096, 54.2440783], [13.9086993, 54.2440558], [13.9091454, 54.2439673], [13.909258, 54.2439345], [13.9093262, 54.2439016], [13.9094196, 54.2438444], [13.9094994, 54.2437508], [13.9097401, 54.2431778], [13.9099674, 54.2426069], [13.9098346, 54.2424348], [13.9094924, 54.2422597], [13.9089796, 54.2418056], [13.9087614, 54.2416359], [13.9083784, 54.2414922], [13.9081862, 54.2414723], [13.9080148, 54.2414613], [13.907961, 54.241349], [13.9080604, 54.2412263], [13.9082997, 54.2411949], [13.9082704, 54.2411111], [13.908074, 54.2411428], [13.9072123, 54.2412816], [13.9072003, 54.2412569], [13.906578, 54.2413601], [13.9061218, 54.2414244]]]}}, {"type": "Feature", "properties": {"seamark_type": "harbour", "name": "Anglerhafen Klein Damitz", "osm_id": 1471081863}, "geometry": {"type": "Polygon", "coordinates": [[[13.0470377, 54.3808772], [13.0466251, 54.3807218], [13.0463532, 54.3806327], [13.0461963, 54.3806363], [13.0461115, 54.3806137], [13.0458098, 54.3804856], [13.0458344, 54.3804677], [13.0458744, 54.3804386], [13.0460407, 54.3803512], [13.047139, 54.3794756], [13.0473697, 54.3787703], [13.0474843, 54.3783956], [13.047681, 54.378583], [13.0479594, 54.3787244], [13.0480147, 54.378728], [13.0480927, 54.3787331], [13.0480927, 54.3786623], [13.0483219, 54.3786273], [13.04839, 54.3786011], [13.0490676, 54.3788289], [13.0491268, 54.3788712], [13.0496027, 54.3793506], [13.0497331, 54.3794559], [13.0496975, 54.3795423], [13.0494297, 54.3795139], [13.0490099, 54.3795248], [13.0486505, 54.3796115], [13.0483581, 54.3797724], [13.0473027, 54.3804543], [13.0473241, 54.3805699], [13.047304, 54.3806792], [13.0472284, 54.3807545], [13.0470377, 54.3808772]]]}}, {"type": "Feature", "properties": {"seamark_type": "harbour", "name": "Klausdorf-Barhöfter Anglerverein e.V.", "osm_id": 1471082291}, "geometry": {"type": "Polygon", "coordinates": [[[13.0212772, 54.4116719], [13.0216602, 54.4120786], [13.021334, 54.4121551], [13.0209917, 54.4122751], [13.0209673, 54.4122912], [13.0208226, 54.4122428], [13.0205842, 54.4123513], [13.0203143, 54.4124008], [13.0202962, 54.4124211], [13.0198368, 54.4124711], [13.0199086, 54.4122623], [13.0199157, 54.4121757], [13.0205394, 54.4117089], [13.0206794, 54.4117552], [13.0210039, 54.4115441], [13.0212772, 54.4116719]]]}}, {"type": "Feature", "properties": {"seamark_type": "harbour", "name": "Hafenverein Dabitz", "osm_id": 1471668265}, "geometry": {"type": "Polygon", "coordinates": [[[12.807618, 54.362231], [12.8075771, 54.3623237], [12.8075363, 54.3624575], [12.807192, 54.3623869], [12.8063756, 54.3621926], [12.8059051, 54.3620454], [12.8055806, 54.3619507], [12.8053111, 54.3618526], [12.805464, 54.3617053], [12.8055833, 54.3617108], [12.8059106, 54.3613975], [12.8061399, 54.3613138], [12.8065355, 54.3613217], [12.8067997, 54.3615217], [12.8070465, 54.3615131], [12.8072463, 54.3615686], [12.8072597, 54.3616264], [12.8077291, 54.3617491], [12.8077666, 54.3618163], [12.8077143, 54.361896], [12.8078907, 54.3619691], [12.8078518, 54.362072], [12.8077496, 54.3620948], [12.807618, 54.362231]]]}}, {"type": "Feature", "properties": {"seamark_type": "harbour", "name": null, "osm_id": 1472416636}, "geometry": {"type": "Polygon", "coordinates": [[[12.5231346, 54.3785136], [12.5223713, 54.378964], [12.5221019, 54.3789507], [12.5221675, 54.3785258], [12.5221871, 54.3784697], [12.5223755, 54.3784547], [12.522392, 54.3784849], [12.5228051, 54.3783178], [12.5228641, 54.3783563], [12.5229778, 54.3784163], [12.5231346, 54.3785136]]]}}, {"type": "Feature", "properties": {"seamark_type": "harbour", "name": null, "osm_id": 1481605422}, "geometry": {"type": "Polygon", "coordinates": [[[9.7373273, 55.506633], [9.7373119, 55.5066125], [9.7373253, 55.5065904], [9.7373515, 55.5065826], [9.737386, 55.5065878], [9.7374018, 55.5065997], [9.7374034, 55.5066249], [9.7376594, 55.5067215], [9.7376866, 55.5066952], [9.7378912, 55.5067565], [9.7381245, 55.5067963], [9.7382395, 55.5068031], [9.7383737, 55.5068034], [9.7388534, 55.5067798], [9.7388679, 55.5067718], [9.7388689, 55.5067622], [9.7387717, 55.5064325], [9.738869, 55.5064248], [9.7389776, 55.5067811], [9.7389974, 55.5067907], [9.7390106, 55.506803], [9.739002, 55.5068298], [9.7389657, 55.5068579], [9.7389124, 55.506869], [9.7384197, 55.5068995], [9.7381652, 55.5068991], [9.7379865, 55.5068773], [9.7377863, 55.5068338], [9.7376033, 55.5067653], [9.7376278, 55.506744], [9.7373273, 55.506633]]]}}, {"type": "Feature", "properties": {"seamark_type": "harbour", "name": null, "osm_id": 1481605424}, "geometry": {"type": "Polygon", "coordinates": [[[9.7383442, 55.5064611], [9.7384007, 55.5064573], [9.7381094, 55.5054028], [9.7380902, 55.5053903], [9.7380396, 55.5053938], [9.7371054, 55.505485], [9.7371285, 55.5055364], [9.7372216, 55.5057281], [9.7371859, 55.5057317], [9.7371359, 55.505739], [9.7370896, 55.5057453], [9.7370939, 55.5057914], [9.7370859, 55.5058309], [9.7370673, 55.5058674], [9.7370454, 55.5058957], [9.7370151, 55.5059237], [9.7369603, 55.5059599], [9.7368783, 55.5059958], [9.7368134, 55.5060141], [9.736733, 55.5060301], [9.7366106, 55.5060377], [9.7364898, 55.5060259], [9.7363855, 55.5060036], [9.7362913, 55.5059671], [9.7362067, 55.5059056], [9.7361513, 55.5058405], [9.7361338, 55.5057595], [9.7361455, 55.5057082], [9.7361779, 55.5056467], [9.7361578, 55.5056182], [9.7360984, 55.5055343], [9.7360646, 55.5054864], [9.7352471, 55.505672], [9.7352355, 55.5057287], [9.7352654, 55.5058442], [9.7353029, 55.5059544], [9.73538, 55.5061078], [9.7354585, 55.5061795], [9.7356509, 55.5063018], [9.7356854, 55.5063272], [9.7358105, 55.5063956], [9.735911, 55.5064382], [9.736042, 55.5064727], [9.7362337, 55.5065095], [9.7362236, 55.506531], [9.7353156, 55.5063782], [9.7345282, 55.5062441], [9.7344676, 55.5062453], [9.7328109, 55.506277], [9.732786, 55.5062827], [9.7328096, 55.5063119], [9.7344855, 55.5062726], [9.7360819, 55.5065363], [9.7362218, 55.5065571], [9.7362597, 55.5065513], [9.7362762, 55.5065119], [9.7362397, 55.5064836], [9.7362467, 55.5064638], [9.736149, 55.5064484], [9.7359919, 55.5064144], [9.7357946, 55.5063388], [9.7356537, 55.5062611], [9.7355129, 55.5061588], [9.7354264, 55.5060672], [9.7353868, 55.5060072], [9.7353265, 55.5058695], [9.7353176, 55.5057905], [9.7353178, 55.5056975], [9.7356808, 55.5056169], [9.7360406, 55.5055325], [9.7361199, 55.5056472], [9.7360954, 55.5057132], [9.7360905, 55.5057942], [9.7361158, 55.5058623], [9.7361805, 55.5059286], [9.7362568, 55.5059821], [9.7363641, 55.5060245], [9.736404, 55.5060358], [9.7364477, 55.5060441], [9.7365734, 55.5060591], [9.7366836, 55.5060572], [9.7367631, 55.5060492], [9.7368844, 55.5060226], [9.7369952, 55.505977], [9.7370734, 55.5059236], [9.7370901, 55.5058983], [9.7371385, 55.5058251], [9.737141, 55.5057818], [9.7371987, 55.5057807], [9.7371968, 55.5057608], [9.7372565, 55.5057555], [9.7372853, 55.5057381], [9.7372889, 55.5057152], [9.73722, 55.505516], [9.7380364, 55.505435], [9.7383442, 55.5064611]]]}}, {"type": "Feature", "properties": {"seamark_type": "harbour", "name": null, "osm_id": 1489076752}, "geometry": {"type": "Polygon", "coordinates": [[[13.8237624, 54.0383006], [13.8243753, 54.0383143], [13.824462, 54.0380108], [13.8240224, 54.0380081], [13.8237624, 54.0383006]]]}}, {"type": "Feature", "properties": {"seamark_type": "harbour", "name": "Segelverein Neptun e.V.", "osm_id": 1495665232}, "geometry": {"type": "Polygon", "coordinates": [[[8.7068187, 53.1564852], [8.7068481, 53.1565195], [8.7068758, 53.1565475], [8.7069061, 53.1565771], [8.7069476, 53.1566108], [8.7069649, 53.1566196], [8.706976, 53.1566247], [8.706983, 53.156628], [8.7069471, 53.1566536], [8.7069939, 53.1566736], [8.7070264, 53.1566874], [8.7070601, 53.1567017], [8.7070842, 53.156712], [8.7071021, 53.1567187], [8.7071065, 53.1567243], [8.7071099, 53.156728], [8.7071071, 53.156731], [8.7070976, 53.1567386], [8.7077985, 53.1570791], [8.7076558, 53.1571926], [8.7070941, 53.1568833], [8.7070896, 53.1568808], [8.7069917, 53.1568776], [8.7069506, 53.1568523], [8.7069358, 53.1568559], [8.7068512, 53.156814], [8.7064931, 53.1566893], [8.7065276, 53.1566527], [8.7066074, 53.1565834], [8.7066652, 53.1565411], [8.7068187, 53.1564852]]]}}, {"type": "Feature", "properties": {"seamark_type": "harbour", "name": "Yachthafen Büsum - BSV - Büsumer Seglerverein e.V.", "osm_id": 1516110453}, "geometry": {"type": "Polygon", "coordinates": [[[8.8623, 54.1228484], [8.8628188, 54.1224453], [8.8662828, 54.1239613], [8.865797, 54.1243289], [8.8623, 54.1228484]]]}}, {"type": "Feature", "properties": {"seamark_type": "harbour", "name": "Gamla hamnen", "osm_id": 1524192747}, "geometry": {"type": "Polygon", "coordinates": [[[14.35325, 58.0349397], [14.3530464, 58.0346554], [14.3534378, 58.0344612], [14.3539941, 58.0343822], [14.3542012, 58.0344166], [14.3543784, 58.0343804], [14.3545135, 58.034385], [14.3550084, 58.034634], [14.355026, 58.0347799], [14.35494, 58.0348189], [14.3548312, 58.034818], [14.3534588, 58.0349443], [14.35325, 58.0349397]]]}}, {"type": "Feature", "properties": {"seamark_type": "harbour", "name": "Svanesunds Båtklubb", "osm_id": 1524984271}, "geometry": {"type": "Polygon", "coordinates": [[[11.8327314, 58.1413947], [11.83135, 58.142288], [11.83054, 58.1419326], [11.8298292, 58.1414725], [11.8296549, 58.1414626], [11.8292579, 58.1416212], [11.8289897, 58.1416905], [11.8289345, 58.1416663], [11.8288609, 58.1416339], [11.8290031, 58.1414711], [11.829097, 58.1413451], [11.828877, 58.1412248], [11.8288314, 58.1410846], [11.8289929, 58.1410328], [11.8291855, 58.1409204], [11.8294309, 58.1409713], [11.829616, 58.1409459], [11.82973, 58.1408857], [11.8298601, 58.1409564], [11.8300049, 58.140931], [11.8302061, 58.1408666], [11.8303737, 58.1409006], [11.8307707, 58.1408071], [11.8310315, 58.1408291], [11.8312481, 58.140896], [11.8314466, 58.1409292], [11.8322888, 58.1411214], [11.8327367, 58.141297], [11.8327314, 58.1413947]]]}}]}